pid,delay,cfmt_raw,sex,age_year,participant_race,lineup,lineup_race,lineup_type,chooser,lineup_accuracy,lineup_decision,confidence,decision_time_sec,cross_race,expression,justification,cat,celebrity,kept,expression_spellcheck,justification_spellcheck,express_num,just_num,log_rt,mad_rt,statement
1,5Minute,67,Male,24,White,WC1.P.LINE,White,TP,Yes,1,Target,60,5.684,No,pretty,remember the goatee,O1,No,Yes,pretty,remember the goatee,FALSE,FALSE,1.7376552102348541,-0.324460633,pretty remember the goatee
1,5Minute,67,Male,24,White,WD2.NP.LINE,White,TA,Yes,0,Foil,40,31.335,No,sort of,looks familiar,F,No,Yes,sort of,looks familiar,FALSE,FALSE,3.444735683676639,2.2455803806665458,sort of looks familiar
2,Day,69,Female,32,White,WC1.P.LINE,White,TP,Yes,1,Target,100,13.357,No,almost certain,he looks very familiar,F,No,Yes,almost certain,he looks very familiar,FALSE,FALSE,2.592040591994968,0.961832255,almost certain he looks very familiar
2,Day,69,Female,32,White,WC2.P.LINE,White,TP,Yes,1,Target,100,3.385,No,I am certain that he was one frm yesterday,i distinctly remember him,R,No,Yes,I am certain that he was one from yesterday,I distinctly remember him,FALSE,FALSE,1.2193539063642382,-1.104772768,I am certain that he was one from yesterday I distinctly remember him
2,Day,69,Female,32,White,WC3.P.LINE,White,TP,Yes,1,Target,100,4.965,No,almost certain,he looks very familiar,F,No,Yes,almost certain,he looks very familiar,FALSE,FALSE,1.602413297497136,-0.528069817,almost certain he looks very familiar
3,Day,59,Male,22,White,WC2.P.LINE,White,TP,Yes,0,Foil,20,20.725,No,not at all,they all look like generic white people,?,No,Yes,not at all,they all look like generic white people,FALSE,FALSE,3.031340701021359,1.623206639724546,not at all they all look like generic white people
3,Day,59,Male,22,White,WC3.P.LINE,White,TP,Yes,0,Foil,40,4.334,No,shakey,I think i remember the dead look in his face,O1,No,Yes,shakey,I think I remember the dead look in his face,FALSE,FALSE,1.4664909031141673,-0.732703479,shakey I think I remember the dead look in his face
3,Day,59,Male,22,White,WD1.NP.LINE,White,TA,Yes,0,Foil,20,17.194,No,not really certain,I just think I remember his creepy look,O1,No,Yes,not really certain,I just think I remember his creepy look,FALSE,FALSE,2.844560485752252,1.342005594263572,not really certain I just think I remember his creepy look
3,Day,59,Male,22,White,WD2.NP.LINE,White,TA,Yes,0,Foil,60,12.067,No,50/50,Chin,O1,No,Yes,50/50,Chin,TRUE,FALSE,2.490474454091464,0.8089225686193142,50/50 Chin
3,Day,59,Male,22,White,WD3.NP.LINE,White,TA,Yes,0,Foil,60,6.309,No,fairly,he looks like one of my friends,U1,No,Yes,fairly,he looks like one of my friends,FALSE,FALSE,1.8419771853886724,-0.167401983,fairly he looks like one of my friends
4,5Minute,65,Female,28,White,WC1.NP.LINE,White,TA,Yes,0,Foil,60,5.853,No,somewhat,"Familiar, but cannot remember exactly",F,No,Yes,somewhat,"Familiar, but cannot remember exactly",FALSE,FALSE,1.7669543503090839,-0.28035024,"somewhat Familiar, but cannot remember exactly"
4,5Minute,65,Female,28,White,WD1.P.LINE,White,TP,Yes,1,Target,100,2.767,No,Very certain,I remember him by the shirt he was wearing before,U1,No,Yes,Very certain,I remember him by the shirt he was wearing before,FALSE,FALSE,1.0177637008047888,-1.408270526,Very certain I remember him by the shirt he was wearing before
4,5Minute,65,Female,28,White,WD2.P.LINE,White,TP,Yes,1,Target,20,4.22,No,not very certain,He looks familiar,F,No,Yes,not very certain,He looks familiar,FALSE,FALSE,1.4398351280479205,-0.772834238,not very certain He looks familiar
4,5Minute,65,Female,28,White,WD3.P.LINE,White,TP,Yes,1,Target,100,3.341,No,positive,I remembered his face because he looks like a friend.,U1,No,Yes,positive,I remembered his face because he looks like a friend.,FALSE,FALSE,1.2062701633746196,-1.124470583,positive I remembered his face because he looks like a friend.
6,5Minute,67,Female,31,White,WC2.NP.LINE,White,TA,Yes,0,Foil,20,6.941,No,not sure,looked most familiar,F,No,Yes,not sure,looked most familiar,FALSE,FALSE,1.9374458563574466,-0.023672145,not sure looked most familiar
6,5Minute,67,Female,31,White,WD1.P.LINE,White,TP,Yes,1,Target,100,3.558,No,remember,hes cute,?,No,Yes,remember,he's cute,FALSE,FALSE,1.2691985892436433,-1.029730682,remember he's cute
6,5Minute,67,Female,31,White,WD2.P.LINE,White,TP,Yes,1,Target,60,3.324,No,maybe,had a different look,?,No,Yes,maybe,had a different look,FALSE,FALSE,1.2011688769932016,-1.132150664,maybe had a different look
7,5Minute,71,Female,43,White,WC1.P.LINE,White,TP,Yes,1,Target,40,13.948,No,I am somewhat certain.,He looks familiar to me but I'm not sure.,F,No,Yes,I am somewhat certain.,He looks familiar to me but I'm not sure.,FALSE,FALSE,2.635336128813405,1.0270144811933917,I am somewhat certain. He looks familiar to me but I'm not sure.
7,5Minute,71,Female,43,White,WC2.P.LINE,White,TP,Yes,1,Target,100,11.506,No,I am certain in my response,"I remember his haircut, expression and mark on his eyebrow",Omany,No,Yes,I am certain in my response,"I remember his haircut, expression and mark on his eyebrow",FALSE,FALSE,2.4428686384411016,0.737251139,"I am certain in my response I remember his haircut, expression and mark on his eyebrow"
7,5Minute,71,Female,43,White,WC3.P.LINE,White,TP,Yes,1,Target,100,4.104,No,I am fairly certain that I have seen this face before.,"I recognized many of his facial features, such as his nose.",O1,No,Yes,I am fairly certain that I have seen this face before.,"I recognized many of his facial features, such as his nose.",FALSE,FALSE,1.4119621078684685,-0.814797582,"I am fairly certain that I have seen this face before. I recognized many of his facial features, such as his nose."
8,Day,64,Female,36,White,WD2.P.LINE,White,TP,Yes,1,Target,60,4.307,No,I am somewhat certain in my choice.,His haircut sparks my memory.,O1,No,Yes,I am somewhat certain in my choice.,His haircut sparks my memory.,FALSE,FALSE,1.4602416060719736,-0.742111911,I am somewhat certain in my choice. His haircut sparks my memory.
8,Day,64,Female,36,White,WD3.P.LINE,White,TP,Yes,1,Target,80,51.355,No,I am very certain I recognize the man above.,I recognize the haircut and mouth shape.,Omany,No,Yes,I am very certain I recognize the man above.,I recognize the haircut and mouth shape.,FALSE,FALSE,3.9387623026177674,2.9893465313353573,I am very certain I recognize the man above. I recognize the haircut and mouth shape.
9,5Minute,46,Female,38,White,WC1.P.LINE,White,TP,Yes,0,Foil,20,3.048,No,i think so,looks like one of the men,R,No,Yes,I think so,looks like one of the men,FALSE,FALSE,1.114485638,-1.262653873,I think so looks like one of the men
9,5Minute,46,Female,38,White,WC2.P.LINE,White,TP,Yes,0,Foil,20,3.613,No,i think he was there,looks right,R,No,Yes,I think he was there,looks right,FALSE,FALSE,1.2845384521655032,-1.006636237,I think he was there looks right
9,5Minute,46,Female,38,White,WC3.P.LINE,White,TP,Yes,0,Foil,0,17.684,No,i am guessing on this,looks most familiar,F,No,Yes,I am guessing on this,looks most familiar,FALSE,FALSE,2.8726602759639968,1.3843103446537144,I am guessing on this looks most familiar
10,Day,46,Female,41,White,WC1.P.LINE,White,TP,Yes,1,Target,80,2.763,No,I am really sure on this one.,I remember trying to remember eye and hair color,Omany,No,Yes,I am really sure on this one.,I remember trying to remember eye and hair color,FALSE,FALSE,1.0163170459412794,-1.410448491,I am really sure on this one. I remember trying to remember eye and hair color
10,Day,46,Female,41,White,WC2.P.LINE,White,TP,Yes,1,Target,80,3.714,No,I know i saw this one,"i concentrated on face shape ,  and thought he favored someone i know",OU,No,Yes,I know I saw this one,"I concentrated on face shape ,  and thought he favored someone I know",FALSE,FALSE,1.3121094629305141,-0.965127574,"I know I saw this one I concentrated on face shape ,  and thought he favored someone I know"
10,Day,46,Female,41,White,WD1.NP.LINE,White,TA,Yes,0,Foil,40,16.518,No,"I am not really that postive on this one, I clicked on the one i thought i had seen",Im really not sure. He looks familiar like i had seen him in the lineup last night,F,No,Yes,"I am not really that positive on this one, I clicked on the one I thought I had seen",I'm really not sure. He looks familiar like I had seen him in the lineup last night,FALSE,FALSE,2.804450695388525,1.281619568006721,"I am not really that positive on this one, I clicked on the one I thought I had seen I'm really not sure. He looks familiar like I had seen him in the lineup last night"
10,Day,46,Female,41,White,WD2.NP.LINE,White,TA,Yes,0,Foil,60,5.292,No,im a little certain i saw this one,"This picture came up a few times, and know i had seen it before",R,No,Yes,I'm a little certain I saw this one,"This picture came up a few times, and know I had seen it before",FALSE,FALSE,1.6661962462527091,-0.432043416,"I'm a little certain I saw this one This picture came up a few times, and know I had seen it before"
10,Day,46,Female,41,White,WD3.NP.LINE,White,TA,Yes,0,Foil,60,9.915,No,I am confident in this one,I remember thinking this one was too young,?,No,Yes,I am confident in this one,I remember thinking this one was too young,FALSE,FALSE,2.294048761971759,0.5132000805609539,I am confident in this one I remember thinking this one was too young
11,Day,55,Female,33,White,WC1.NP.LINE,White,TA,Yes,0,Foil,40,16.192,No,somewhat,he looks sort of like one of the previous photos,?,No,Yes,somewhat,he looks sort of like one of the previous photos,FALSE,FALSE,2.784517293105055,1.2516094646687952,somewhat he looks sort of like one of the previous photos
11,Day,55,Female,33,White,WD1.P.LINE,White,TP,Yes,1,Target,40,16.47,No,somewhat,He looks somewhat familiar.,F,No,Yes,somewhat,He looks somewhat familiar.,FALSE,FALSE,2.8015405441895487,1.2772382819137447,somewhat He looks somewhat familiar.
11,Day,55,Female,33,White,WD2.P.LINE,White,TP,Yes,1,Target,20,10.625,No,somewhat,"He looks sort of familiar, I vaguely remember the hair and features",FO,No,Yes,somewhat,"He looks sort of familiar, I vaguely remember the hair and features",FALSE,FALSE,2.3632097148104805,0.6173231656281027,"somewhat He looks sort of familiar, I vaguely remember the hair and features"
12,Day,52,Female,39,White,WC1.P.LINE,White,TP,Yes,0,Foil,40,10.335,No,50/50,Grrrrr........were they all wearing the same shirt yesterday?????,?,No,Yes,50/50,Grrrrr........were they all wearing the same shirt yesterday?????,TRUE,FALSE,2.3355361931337315,0.5756601703484531,50/50 Grrrrr........were they all wearing the same shirt yesterday?????
12,Day,52,Female,39,White,WC2.P.LINE,White,TP,Yes,0,Foil,20,15.776,No,this is too hard!  I have no clue,This one looks a little familiar,F,No,Yes,this is too hard!  I have no clue,This one looks a little familiar,FALSE,FALSE,2.7584897978602796,1.2124245924219328,this is too hard!  I have no clue This one looks a little familiar
12,Day,52,Female,39,White,WD1.NP.LINE,White,TA,Yes,0,Foil,60,6.088,No,Less certain than before,i don't remember everyone wearing the same shirt yesterday,?,No,Yes,Less certain than before,I don't remember everyone wearing the same shirt yesterday,FALSE,FALSE,1.8063196205593848,-0.221085102,Less certain than before I don't remember everyone wearing the same shirt yesterday
12,Day,52,Female,39,White,WD2.NP.LINE,White,TA,Yes,0,Foil,60,8.783,No,just maybe,I remember seeing someone like him yesterday and thinking he looked like a jerk,?,No,Yes,just maybe,I remember seeing someone like him yesterday and thinking he looked like a jerk,FALSE,FALSE,2.172818035,0.3306849938553295,just maybe I remember seeing someone like him yesterday and thinking he looked like a jerk
13,Day,66,Female,27,White,WC1.P.LINE,White,TP,Yes,1,Target,20,20.493,No,not sure,"he looks like my cousin, but i'm not sure if i remember him from yesterday",U1,No,Yes,not sure,"he looks like my cousin, but I'm not sure if I remember him from yesterday",FALSE,FALSE,3.0200833644178218,1.606258512657341,"not sure he looks like my cousin, but I'm not sure if I remember him from yesterday"
13,Day,66,Female,27,White,WC3.P.LINE,White,TP,Yes,1,Target,60,6.111,No,pretty certain,he kind of looked like a friend,U1,No,Yes,pretty certain,he kind of looked like a friend,FALSE,FALSE,1.8100904259127784,-0.215408085,pretty certain he kind of looked like a friend
13,Day,66,Female,27,White,WD2.NP.LINE,White,TA,Yes,0,Foil,20,10.144,No,not sure,his eyes seem familiar,FO,No,Yes,not sure,his eyes seem familiar,FALSE,FALSE,2.316882398,0.5475765386229756,not sure his eyes seem familiar
13,Day,66,Female,27,White,WD3.NP.LINE,White,TA,Yes,0,Foil,20,12.545,No,not sure,looked kind of familiar,F,No,Yes,not sure,looked kind of familiar,FALSE,FALSE,2.5293221798183856,0.8674085333798356,not sure looked kind of familiar
14,Day,58,Female,34,White,WC1.P.LINE,White,TP,Yes,0,Foil,60,3.203,No,"I am pretty sure, not certain but he seems familiar",His hair and eyes remind me of someone I know,?,No,Yes,"I am pretty sure, not certain but he seems familiar",His hair and eyes remind me of someone I know,FALSE,FALSE,1.164087870627021,-1.1879768,"I am pretty sure, not certain but he seems familiar His hair and eyes remind me of someone I know"
14,Day,58,Female,34,White,WC2.P.LINE,White,TP,Yes,0,Foil,20,22.668,No,"I think I remember his face, not sure though","Just his features, friendly eyes and innocent face seems familiar",FO,No,Yes,"I think I remember his face, not sure though","Just his features, friendly eyes and innocent face seems familiar",FALSE,FALSE,3.1209542383073727,1.7581214664152454,"I think I remember his face, not sure though Just his features, friendly eyes and innocent face seems familiar"
14,Day,58,Female,34,White,WD1.NP.LINE,White,TA,Yes,0,Foil,40,20.846,No,I feel like I remember his eyes,HIs slightly slanted eyes and eye brow shape seem familiar,FO,No,Yes,I feel like I remember his eyes,His slightly slanted eyes and eye brow shape seem familiar,FALSE,FALSE,3.0371620833171304,1.6319708377165039,I feel like I remember his eyes His slightly slanted eyes and eye brow shape seem familiar
14,Day,58,Female,34,White,WD2.NP.LINE,White,TA,Yes,0,Foil,80,8.86,No,I am pretty sure I recognize him,his eyes strike me as someone I've seen before,O1,No,Yes,I am pretty sure I recognize him,his eyes strike me as someone I've seen before,FALSE,FALSE,2.1815467646169897,0.3438262567486768,I am pretty sure I recognize him his eyes strike me as someone I've seen before
15,Day,63,Female,22,White,WC1.P.LINE,White,TP,Yes,1,Target,60,6.647,No,I'm halfway certain that I saw him yesterday,I think I remember seeing him yesterday and I found him attractive,R,No,Yes,I'm halfway certain that I saw him yesterday,I think I remember seeing him yesterday and I found him attractive,TRUE,FALSE,1.8941656250594447,-0.088831328,I'm halfway certain that I saw him yesterday I think I remember seeing him yesterday and I found him attractive
15,Day,63,Female,22,White,WD1.NP.LINE,White,TA,Yes,0,Foil,40,17.411,No,I am a little certain that I saw this face yesterday,He looks familiar to me,F,No,Yes,I am a little certain that I saw this face yesterday,He looks familiar to me,FALSE,FALSE,2.8571021903844613,1.3608873609933017,I am a little certain that I saw this face yesterday He looks familiar to me
15,Day,63,Female,22,White,WD2.NP.LINE,White,TA,Yes,0,Foil,80,41.948,No,I feel confident in my response,I believe I saw him yesterday,R,No,Yes,I feel confident in my response,I believe I saw him yesterday,FALSE,FALSE,3.7364307559721586,2.684732671,I feel confident in my response I believe I saw him yesterday
15,Day,63,Female,22,White,WD3.NP.LINE,White,TA,Yes,0,Foil,40,25.636,No,I'm fairly certain,He looks the most familiar,F,No,Yes,I'm fairly certain,He looks the most familiar,FALSE,FALSE,3.2439976136419806,1.943365528433743,I'm fairly certain He looks the most familiar
16,5Minute,71,Female,30,White,WC1.P.LINE,White,TP,Yes,1,Target,100,7.11,No,very certain,"hair style, eyes, facial hair",Omany,No,Yes,very certain,"hair style, eyes, facial hair",FALSE,FALSE,1.9615022438151495,0.012545188203560534,"very certain hair style, eyes, facial hair"
16,5Minute,71,Female,30,White,WC2.P.LINE,White,TP,Yes,1,Target,100,4.051,No,very certain,"eyebrows, eye shape",Omany,No,Yes,very certain,"eyebrows, eye shape",FALSE,FALSE,1.3989637642205535,-0.834366827,"very certain eyebrows, eye shape"
16,5Minute,71,Female,30,White,WC3.P.LINE,White,TP,Yes,1,Target,100,4.415,No,very certain,"his nose,small ears and head shap",Omany,No,Yes,very certain,"his nose, small ears and head shape",FALSE,FALSE,1.4850078340559234,-0.704825899,"very certain his nose, small ears and head shape"
17,Day,69,Male,41,White,WD1.P.LINE,White,TP,Yes,0,Foil,40,30.949,No,A little unsure,I think I saw this one yesterday but the memory is too hazy to be certain.,?,No,Yes,A little unsure,I think I saw this one yesterday but the memory is too hazy to be certain.,FALSE,FALSE,3.432340688430914,2.226919487613393,A little unsure I think I saw this one yesterday but the memory is too hazy to be certain.
17,Day,69,Male,41,White,WD3.P.LINE,White,TP,Yes,1,Target,60,18.613,No,A little unsure,"I know I saw a face that looked similar to this yesterday, but it's an indistinct look.",?,No,Yes,A little unsure,"I know I saw a face that looked similar to this yesterday, but it's an indistinct look.",FALSE,FALSE,2.923860261316196,1.4613928632057014,"A little unsure I know I saw a face that looked similar to this yesterday, but it's an indistinct look."
18,5Minute,59,Female,29,White,WC1.NP.LINE,White,TA,Yes,0,Foil,60,8.443,No,a little,this person looks familiar,F,No,Yes,a little,this person looks familiar,FALSE,FALSE,2.133337695687363,0.2712466178175429,a little this person looks familiar
18,5Minute,59,Female,29,White,WC2.NP.LINE,White,TA,Yes,0,Foil,40,11.848,No,somewhat,this person looks like one of the people in the photos,?,No,Yes,somewhat,this person looks like one of the people in the photos,FALSE,FALSE,2.4721590769654975,0.7813484318810449,somewhat this person looks like one of the people in the photos
18,5Minute,59,Female,29,White,WD1.P.LINE,White,TP,Yes,1,Target,80,6.633,No,reasonably certian,i immediately noticed that this individual looks familiar,F,No,Yes,reasonably certain,I immediately noticed that this individual looks familiar,FALSE,FALSE,1.892057190543419,-0.092005615,reasonably certain I immediately noticed that this individual looks familiar
18,5Minute,59,Female,29,White,WD2.P.LINE,White,TP,Yes,1,Target,60,9.042,No,somewhat,this individual looks familiar to me,F,No,Yes,somewhat,this individual looks familiar to me,FALSE,FALSE,2.2018803888724134,0.37443890161792964,somewhat this individual looks familiar to me
18,5Minute,59,Female,29,White,WD3.P.LINE,White,TP,Yes,1,Target,60,8.686,No,somewhat,this individual has a very similar face and haircut to one that i remember,Omany,No,Yes,somewhat,this individual has a very similar face and haircut to one that I remember,FALSE,FALSE,2.161712534,0.31396545834610456,somewhat this individual has a very similar face and haircut to one that I remember
19,5Minute,69,Female,33,White,WD1.P.LINE,White,TP,Yes,1,Target,100,9.953,No,I am 100% sure.,He was shown three times with a different shirt color and expression.,?,No,Yes,I am 100% sure.,He was shown three times with a different shirt color and expression.,TRUE,FALSE,2.2978740132639266,0.5189590666556999,I am 100% sure. He was shown three times with a different shirt color and expression.
19,5Minute,69,Female,33,White,WD3.P.LINE,White,TP,Yes,1,Target,80,12.372,No,I am 80% sure.,I believe it showed a picture of him with a different shirt color and expression.,U2,No,Yes,I am 80% sure.,I believe it showed a picture of him with a different shirt color and expression.,TRUE,FALSE,2.5154358548228233,0.8465024159908123,I am 80% sure. I believe it showed a picture of him with a different shirt color and expression.
20,Day,68,Female,23,White,WC1.NP.LINE,White,TA,Yes,0,Foil,60,6.354,No,about halfway,"looks familiar, not certain, though",F,No,Yes,about halfway,"looks familiar, not certain, though",TRUE,FALSE,1.8490845358473245,-0.156701736,"about halfway looks familiar, not certain, though"
20,Day,68,Female,23,White,WC2.NP.LINE,White,TA,Yes,0,Foil,60,10.121,No,about 50/50,The facial features seem familiar,F,No,Yes,about 50/50,The facial features seem familiar,TRUE,FALSE,2.3146124732067643,0.5441591256049365,about 50/50 The facial features seem familiar
20,Day,68,Female,23,White,WD1.P.LINE,White,TP,Yes,0,Foil,80,5.289,No,fairly,The hairstyle looks familiar,FO,No,Yes,fairly,The hairstyle looks familiar,FALSE,FALSE,1.6656291920838429,-0.432897127,fairly The hairstyle looks familiar
20,Day,68,Female,23,White,WD2.P.LINE,White,TP,Yes,1,Target,60,2.5,No,half certain,the facial features seem familiar,FO,No,Yes,half certain,the facial features seem familiar,TRUE,FALSE,0.9162907318741551,-1.561039945,half certain the facial features seem familiar
20,Day,68,Female,23,White,WD3.P.LINE,White,TP,Yes,1,Target,80,4.413,No,fairly certain,The haircut looks very familiar,FO,No,Yes,fairly certain,The haircut looks very familiar,FALSE,FALSE,1.4845547302874103,-0.705508056,fairly certain The haircut looks very familiar
21,5Minute,64,Female,30,White,WC1.P.LINE,White,TP,Yes,0,Foil,40,9.389,No,I am somewhat positive.,I think I recognize the facial hair and hairstyle.,Omany,No,Yes,I am somewhat positive.,I think I recognize the facial hair and hairstyle.,FALSE,FALSE,2.239538791,0.4311343182665122,I am somewhat positive. I think I recognize the facial hair and hairstyle.
21,5Minute,64,Female,30,White,WC2.P.LINE,White,TP,Yes,0,Foil,0,9.555,No,I am not certain at all.,"The face looks somewhat familiar, but I'm not sure.",F,No,Yes,I am not certain at all.,"The face looks somewhat familiar, but I'm not sure.",FALSE,FALSE,2.2570645776922365,0.45751971168495104,"I am not certain at all. The face looks somewhat familiar, but I'm not sure."
21,5Minute,64,Female,30,White,WD1.NP.LINE,White,TA,Yes,0,Foil,20,8.546,No,I'm not very certain.,The hairstyle looks familiar to me.,FO,No,Yes,I'm not very certain.,The hairstyle looks familiar to me.,FALSE,FALSE,2.145463337221833,0.28950199391005554,I'm not very certain. The hairstyle looks familiar to me.
21,5Minute,64,Female,30,White,WD2.NP.LINE,White,TA,Yes,0,Foil,20,2.884,No,I am somewhat certain.,The hairstyle and shape of face look familiar to me.,FO,No,Yes,I am somewhat certain.,The hairstyle and shape of face look familiar to me.,FALSE,FALSE,1.0591782194227026,-1.345920207,I am somewhat certain. The hairstyle and shape of face look familiar to me.
21,5Minute,64,Female,30,White,WD3.NP.LINE,White,TA,Yes,0,Foil,40,3.574,No,I am not very positive.,I think the nose and hairstyle look familiar.,FO,No,Yes,I am not very positive.,I think the nose and hairstyle look familiar.,FALSE,FALSE,1.2736854167372362,-1.022975681,I am not very positive. I think the nose and hairstyle look familiar.
23,5Minute,41,Male,32,White,WC1.P.LINE,White,TP,Yes,1,Target,60,8.101,No,This guy looks familiar too.,I think it's the goatee.,FO,No,Yes,This guy looks familiar too.,I think it's the goatee.,FALSE,FALSE,2.0919875108483543,0.208993155,This guy looks familiar too. I think it's the goatee.
23,5Minute,41,Male,32,White,WC2.P.LINE,White,TP,Yes,0,Foil,60,12.369,No,I feel a little more than halfway sure.,The nose looks familiar.,FO,No,Yes,I feel a little more than halfway sure.,The nose looks familiar.,TRUE,FALSE,2.5151933423928727,0.8461373090722818,I feel a little more than halfway sure. The nose looks familiar.
23,5Minute,41,Male,32,White,WC3.P.LINE,White,TP,Yes,1,Target,60,3.949,No,I think I might have seen this guy.,The eyes seem familiar.,FO,No,Yes,I think I might have seen this guy.,The eyes seem familiar.,FALSE,FALSE,1.3734623823045122,-0.872759626,I think I might have seen this guy. The eyes seem familiar.
23,5Minute,41,Male,32,White,WD1.NP.LINE,White,TA,Yes,0,Foil,20,6.946,No,I might have seen this guy before.,His face just looks a little familiar.,F,No,Yes,I might have seen this guy before.,His face just looks a little familiar.,FALSE,FALSE,1.9381659543218823,-0.022588024,I might have seen this guy before. His face just looks a little familiar.
24,Day,61,Female,44,White,WC1.P.LINE,White,TP,Yes,0,Foil,20,20.397,No,Not very certain.,The beard.,O1,No,Yes,Not very certain.,The beard.,FALSE,FALSE,3.0153878312124323,1.5991893011541318,Not very certain. The beard.
24,Day,61,Female,44,White,WC2.P.LINE,White,TP,Yes,0,Foil,20,40.297,No,Not very certain,Hard to tell them apart.,?,No,Yes,Not very certain,Hard to tell them apart.,FALSE,FALSE,3.6962770244943726,2.624280490379403,Not very certain Hard to tell them apart.
24,Day,61,Female,44,White,WC3.P.LINE,White,TP,Yes,0,Foil,60,19.273,No,I am fairly certain about my choice.,His eyes and ears stood out to me.,Omany,No,Yes,I am fairly certain about my choice.,His eyes and ears stood out to me.,FALSE,FALSE,2.9587051527169144,1.5138524873513253,I am fairly certain about my choice. His eyes and ears stood out to me.
24,Day,61,Female,44,White,WD1.NP.LINE,White,TA,Yes,0,Foil,60,10.698,No,Pretty certain.,His hair and face shape are familiar.,FO,No,Yes,Pretty certain.,His hair and face shape are familiar.,FALSE,FALSE,2.3700568081090583,0.62763159,Pretty certain. His hair and face shape are familiar.
24,Day,61,Female,44,White,WD2.NP.LINE,White,TA,Yes,0,Foil,40,28.246,No,I am fairly certain.,Because of his haircut and facial features.,Omany,No,Yes,I am fairly certain.,Because of his haircut and facial features.,FALSE,FALSE,3.340951854646872,2.089331919430617,I am fairly certain. Because of his haircut and facial features.
24,Day,61,Female,44,White,WD3.NP.LINE,White,TA,Yes,0,Foil,60,7.215,No,Pretty certain.,His hair stood out to me.,O1,No,Yes,Pretty certain.,His hair stood out to me.,FALSE,FALSE,1.9761621922258341,0.03461601,Pretty certain. His hair stood out to me.
25,5Minute,61,Male,26,White,WC2.NP.LINE,White,TA,Yes,0,Foil,60,12.698,No,"Almost positive, but not 100%",Looks familiar.,F,No,Yes,"Almost positive, but not 100%",Looks familiar.,TRUE,FALSE,2.5414445007482582,0.8856589102411232,"Almost positive, but not 100% Looks familiar."
25,5Minute,61,Male,26,White,WD2.P.LINE,White,TP,Yes,1,Target,100,1.017,No,Absolutely certain,Noticed him immediately,R,No,Yes,Absolutely certain,Noticed him immediately,FALSE,FALSE,0.016857117066422806,-2.915153776,Absolutely certain Noticed him immediately
25,5Minute,61,Male,26,White,WD3.P.LINE,White,TP,Yes,1,Target,80,3.461,No,Very certain,He looks super familiar,F,No,Yes,Very certain,He looks super familiar,FALSE,FALSE,1.241557564653207,-1.071344753,Very certain He looks super familiar
26,Day,54,Female,43,White,WC1.P.LINE,White,TP,Yes,0,Foil,20,8.831,No,Very uncertain.,This man has a smile on his face and I don't remember any of the men having a smile on their face. However something is familiar about this man's face.,?,No,Yes,Very uncertain.,This man has a smile on his face and I don't remember any of the men having a smile on their face. However something is familiar about this man's face.,FALSE,FALSE,2.178268258486665,0.3388904055394401,Very uncertain. This man has a smile on his face and I don't remember any of the men having a smile on their face. However something is familiar about this man's face.
26,Day,54,Female,43,White,WC2.P.LINE,White,TP,Yes,0,Foil,60,6.93,No,I am only a little certain,His face looks familiar however he had a different shirt yesterday,?,No,Yes,I am only a little certain,His face looks familiar however he had a different shirt yesterday,FALSE,FALSE,1.9358598132018119,-0.026059962,I am only a little certain His face looks familiar however he had a different shirt yesterday
26,Day,54,Female,43,White,WD2.NP.LINE,White,TA,Yes,0,Foil,0,11.312,No,Very uncertain.,All the men in the line up have the same look. Hair color and hairstyle are very similar. I am having real trouble deciding which one I saw yesterday,Omany,No,Yes,Very uncertain.,All the men in the line up have the same look. Hair color and hairstyle are very similar. I am having real trouble deciding which one I saw yesterday,FALSE,FALSE,2.425864109154217,0.7116505073478814,Very uncertain. All the men in the line up have the same look. Hair color and hairstyle are very similar. I am having real trouble deciding which one I saw yesterday
26,Day,54,Female,43,White,WD3.NP.LINE,White,TA,Yes,0,Foil,20,7.829,No,Not very certain at all.,All the faces look very similar to me. It is very difficult to remember which is the face I saw.,R,No,Yes,Not very certain at all.,All the faces look very similar to me. It is very difficult to remember which is the face I saw.,FALSE,FALSE,2.0578347879257772,0.15757560310481364,Not very certain at all. All the faces look very similar to me. It is very difficult to remember which is the face I saw.
27,Day,55,Female,29,White,WC2.NP.LINE,White,TA,Yes,0,Foil,60,7.833,No,slightly certain,"He looks like familiar, like one of the faces I saw yesterday",F,No,Yes,slightly certain,"He looks like familiar, like one of the faces I saw yesterday",FALSE,FALSE,2.0583455783851017,0.1583446075251511,"slightly certain He looks like familiar, like one of the faces I saw yesterday"
27,Day,55,Female,29,White,WC3.NP.LINE,White,TA,Yes,0,Foil,80,5.861,No,pretty certain,I remember his darker features,O1,No,Yes,pretty certain,I remember his darker features,FALSE,FALSE,1.7683202374942921,-0.278293871,pretty certain I remember his darker features
27,Day,55,Female,29,White,WD1.P.LINE,White,TP,Yes,1,Target,40,7.288,No,not very certain,"His features seem vaguely familiar, and I think I remember the expression on his face yesterday",?,No,Yes,not very certain,"His features seem vaguely familiar, and I think I remember the expression on his face yesterday",FALSE,FALSE,1.9862291599576571,0.049772014718783245,"not very certain His features seem vaguely familiar, and I think I remember the expression on his face yesterday"
27,Day,55,Female,29,White,WD2.P.LINE,White,TP,Yes,0,Foil,60,10.058,No,somewhat,"I remember his features like his face shape and hair, although he has a different expression today",Omany,No,Yes,somewhat,"I remember his features like his face shape and hair, although he has a different expression today",FALSE,FALSE,2.308368337749773,0.5347584649622867,"somewhat I remember his features like his face shape and hair, although he has a different expression today"
27,Day,55,Female,29,White,WD3.P.LINE,White,TP,Yes,0,Foil,80,5.712,No,pretty certain,"he has on a different shirt on, and a different expression that I remember",?,No,Yes,pretty certain,"he has on a different shirt on, and a different expression that I remember",FALSE,FALSE,1.7425692250372833,-0.317062494,"pretty certain he has on a different shirt on, and a different expression that I remember"
28,5Minute,69,Female,27,White,WC1.P.LINE,White,TP,Yes,0,Foil,60,8.739,No,Looks fimiliar,looks like someone I saw in the task,F,No,Yes,Looks familiar,looks like someone I saw in the task,FALSE,FALSE,2.1677957666454075,0.323123877,Looks familiar looks like someone I saw in the task
28,5Minute,69,Female,27,White,WC2.P.LINE,White,TP,Yes,1,Target,60,7.4,No,Looks like someone I saw,Looks similar,R,No,Yes,Looks like someone I saw,Looks similar,FALSE,FALSE,2.0014800002101243,0.072732435,Looks like someone I saw Looks similar
28,5Minute,69,Female,27,White,WC3.P.LINE,White,TP,Yes,1,Target,60,5.003,No,Looks similiar,Looks like one of the others I had seen,R,No,Yes,Looks similar,Looks like one of the others I had seen,FALSE,FALSE,1.610037732506068,-0.51659109,Looks similar Looks like one of the others I had seen
29,5Minute,72,Male,36,White,WC1.P.LINE,White,TP,Yes,1,Target,20,10.028,No,Not very certain,Looks vaguely familiar,F,No,Yes,Not very certain,Looks vaguely familiar,FALSE,FALSE,2.305381180296047,0.5302612445380894,Not very certain Looks vaguely familiar
29,5Minute,72,Male,36,White,WD1.NP.LINE,White,TA,Yes,0,Foil,40,9.57,No,Somewhat certain.,The nose and lips look familiar.,FO,No,Yes,Somewhat certain.,The nose and lips look familiar.,FALSE,FALSE,2.258633205464863,0.45988130961418666,Somewhat certain. The nose and lips look familiar.
30,5Minute,71,Male,34,White,WC2.P.LINE,White,TP,Yes,1,Target,100,4.708,No,Very Certain,"I remember the picture exactly, except a different color shirt.",?,No,Yes,Very Certain,"I remember the picture exactly, except a different color shirt.",FALSE,FALSE,1.5492631893980304,-0.608088282,"Very Certain I remember the picture exactly, except a different color shirt."
30,5Minute,71,Male,34,White,WC3.P.LINE,White,TP,Yes,1,Target,80,3.019,No,fairly certain,i remember that shape of face,O1,No,Yes,fairly certain,I remember that shape of face,FALSE,FALSE,1.1049256507247018,-1.277046609,fairly certain I remember that shape of face
30,5Minute,71,Male,34,White,WD3.NP.LINE,White,TA,Yes,0,Foil,20,12.6,No,Not very certain,I don't remember the facial expression,?,No,Yes,Not very certain,I don't remember the facial expression,FALSE,FALSE,2.533696813957432,0.8739946254433701,Not very certain I don't remember the facial expression
31,Day,59,Female,41,White,WC1.NP.LINE,White,TA,Yes,0,Foil,60,9.834,No,I'm pretty sure,I think I remember seeing him with no facial hair.,U1,No,Yes,I'm pretty sure,I think I remember seeing him with no facial hair.,FALSE,FALSE,2.2858457689897476,0.5008503239278583,I'm pretty sure I think I remember seeing him with no facial hair.
31,Day,59,Female,41,White,WD1.P.LINE,White,TP,Yes,1,Target,60,5.296,No,Im not confident,I think I remember seeing someone who looked like him but not frowning,U1,No,Yes,I'm not confident,I think I remember seeing someone who looked like him but not frowning,FALSE,FALSE,1.6669518186347072,-0.430905888,I'm not confident I think I remember seeing someone who looked like him but not frowning
31,Day,59,Female,41,White,WD3.P.LINE,White,TP,Yes,0,Foil,80,8.074,No,I'm quite confident,I believe he was smiling when I saw him yesterday,U1,No,Yes,I'm quite confident,I believe he was smiling when I saw him yesterday,FALSE,FALSE,2.088649022430749,0.20396699924595976,I'm quite confident I believe he was smiling when I saw him yesterday
32,Day,63,Female,25,White,WD1.P.LINE,White,TP,Yes,1,Target,100,4.326,No,I recall his face from the photos yesterday,He looks familiar to me,F,No,Yes,I recall his face from the photos yesterday,He looks familiar to me,FALSE,FALSE,1.464643327530867,-0.735485038,I recall his face from the photos yesterday He looks familiar to me
32,Day,63,Female,25,White,WD2.P.LINE,White,TP,Yes,1,Target,80,1.172,No,I saw him in the photos yesterday,I am fairly sure that's the same guy I am thinking of,R,No,Yes,I saw him in the photos yesterday,I am fairly sure that's the same guy I am thinking of,FALSE,FALSE,0.1587116911548208,-2.701589108,I saw him in the photos yesterday I am fairly sure that's the same guy I am thinking of
32,Day,63,Female,25,White,WD3.P.LINE,White,TP,Yes,1,Target,100,2.156,No,I recall seeing his face yesterday in the photo presentation,I recognize him,R,No,Yes,I recall seeing his face yesterday in the photo presentation,I recognize him,FALSE,FALSE,0.7682546530467508,-1.783910981,I recall seeing his face yesterday in the photo presentation I recognize him
33,5Minute,67,Male,25,White,WC2.P.LINE,White,TP,Yes,1,Target,40,9.538,No,Somewhat,The hair is different from the original picture,?,No,Yes,Somewhat,The hair is different from the original picture,FALSE,FALSE,2.2552838198760328,0.45483874807803043,Somewhat The hair is different from the original picture
33,5Minute,67,Male,25,White,WC3.P.LINE,White,TP,Yes,1,Target,40,17.446,No,A little,"The image above looks different from the one I remember, but similar enough",?,No,Yes,A little,"The image above looks different from the one I remember, but similar enough",FALSE,FALSE,2.859110396011027,1.3639107514572073,"A little The image above looks different from the one I remember, but similar enough"
34,Day,48,Female,28,White,WD1.P.LINE,White,TP,Yes,1,Target,100,7.12,No,I am 100% certain I saw this face previously.,I very vividly remember seeing this face.,R,No,Yes,I am 100% certain I saw this face previously.,I very vividly remember seeing this face.,TRUE,FALSE,1.9629077254238845,0.014661166585869535,I am 100% certain I saw this face previously. I very vividly remember seeing this face.
34,Day,48,Female,28,White,WD2.P.LINE,White,TP,Yes,1,Target,80,14.765,No,"I'm not 100%, I think the hair style is different.","The face looks familiar but the hair is different, maybe?",FO,No,Yes,"I'm not 100%, I think the hair style is different.","The face looks familiar but the hair is different, maybe?",TRUE,FALSE,2.692259515195886,1.1127136851421096,"I'm not 100%, I think the hair style is different. The face looks familiar but the hair is different, maybe?"
35,Day,62,Male,29,White,WC1.P.LINE,White,TP,Yes,1,Target,60,8.199,No,Half and half,I think I remember seeing him or someone similar yesterday,R,No,Yes,Half and half,I think I remember seeing him or someone similar yesterday,TRUE,FALSE,2.1040121956140405,0.22709653871305618,Half and half I think I remember seeing him or someone similar yesterday
35,Day,62,Male,29,White,WC2.P.LINE,White,TP,Yes,0,Foil,40,8.316,No,Not very certain,His face stood out to me but I don't specifically remember it,?,No,Yes,Not very certain,His face stood out to me but I don't specifically remember it,FALSE,FALSE,2.118181369995767,0.24842849104922682,Not very certain His face stood out to me but I don't specifically remember it
35,Day,62,Male,29,White,WC3.P.LINE,White,TP,Yes,1,Target,80,7.311,No,very certain,I'm pretty sure I remember seeing him yesterday,R,No,Yes,very certain,I'm pretty sure I remember seeing him yesterday,FALSE,FALSE,1.989380063311179,0.054515757603329294,very certain I'm pretty sure I remember seeing him yesterday
35,Day,62,Male,29,White,WD1.NP.LINE,White,TA,Yes,0,Foil,80,13.726,No,Fairly certain this time,I believe I saw him in the line up yesterday,R,No,Yes,Fairly certain this time,I believe I saw him in the line up yesterday,FALSE,FALSE,2.619291844486443,1.0028595163866827,Fairly certain this time I believe I saw him in the line up yesterday
35,Day,62,Male,29,White,WD2.NP.LINE,White,TA,Yes,0,Foil,60,10.701,No,Not very certain,His face stood out as familiar,F,No,Yes,Not very certain,His face stood out as familiar,FALSE,FALSE,2.3703371950448644,0.6280537180612046,Not very certain His face stood out as familiar
36,Day,63,Male,33,White,WC3.NP.LINE,White,TA,Yes,0,Foil,40,39.684,No,Somewhat certain,"I remember the hairstyle, pretty sure I saw this guy from a different angle",O1,No,Yes,Somewhat certain,"I remember the hairstyle, pretty sure I saw this guy from a different angle",FALSE,FALSE,3.680948083787656,2.601202488534681,"Somewhat certain I remember the hairstyle, pretty sure I saw this guy from a different angle"
36,Day,63,Male,33,White,WD2.P.LINE,White,TP,Yes,0,Foil,40,15.727,No,Not so sure,"This guy seems vaguely familiar, different camera angle",F,No,Yes,Not so sure,"This guy seems vaguely familiar, different camera angle",FALSE,FALSE,2.7553789805085884,1.2077412,"Not so sure This guy seems vaguely familiar, different camera angle"
37,Day,72,Female,33,White,WC1.P.LINE,White,TP,Yes,1,Target,20,8.854,No,Im not certain,maybe famlliar,F,No,Yes,I'm not certain,maybe familiar,FALSE,FALSE,2.180869334309949,0.3428063729762315,I'm not certain maybe familiar
37,Day,72,Female,33,White,WC2.P.LINE,White,TP,Yes,0,Foil,80,3.461,No,pretty certain,Looking down nose,O1,No,Yes,pretty certain,Looking down nose,FALSE,FALSE,1.241557564653207,-1.071344753,pretty certain Looking down nose
37,Day,72,Female,33,White,WC3.P.LINE,White,TP,Yes,1,Target,80,3.973,No,fairly certain,I think I remember,R,No,Yes,fairly certain,I think I remember,FALSE,FALSE,1.379521476832462,-0.863637548,fairly certain I think I remember
37,Day,72,Female,33,White,WD1.NP.LINE,White,TA,Yes,0,Foil,60,5.896,No,more than half certain,Looks like one from previous line up,R,No,Yes,more than half certain,Looks like one from previous line up,TRUE,FALSE,1.7742741548870355,-0.269330139,more than half certain Looks like one from previous line up
38,Day,55,Male,27,White,WC2.P.LINE,White,TP,Yes,1,Target,60,12.64,No,Remember this face just in a different colored shirt.,I narrowed it down between 3 different faces that look slightly familiar so through process of elimination.,F,No,Yes,Remember this face just in a different colored shirt.,I narrowed it down between three different faces that look slightly familiar so through process of elimination.,FALSE,FALSE,2.5368663887187113,0.8787664784753109,Remember this face just in a different colored shirt. I narrowed it down between three different faces that look slightly familiar so through process of elimination.
38,Day,55,Male,27,White,WC3.P.LINE,White,TP,Yes,0,Foil,80,14.865,No,Fairly certain this is the one shaved headed white male I saw yesterday.,I recall a white male with a shaved head making believe this was the individual.,Omany,No,Yes,Fairly certain this is the one shaved headed white male I saw yesterday.,I recall a white male with a shaved head making believe this was the individual.,FALSE,FALSE,2.699009456450061,1.1228758457046697,Fairly certain this is the one shaved headed white male I saw yesterday. I recall a white male with a shaved head making believe this was the individual.
39,Day,69,Female,32,White,WC2.P.LINE,White,TP,Yes,0,Foil,100,2.075,No,certain,I remember,R,No,Yes,certain,I remember,FALSE,FALSE,0.7299611536826617,-1.841562548,certain I remember
39,Day,69,Female,32,White,WD3.NP.LINE,White,TA,Yes,0,Foil,80,3.643,No,a little certain,not too sure,?,No,Yes,a little certain,not too sure,FALSE,FALSE,1.2928075180264267,-0.994187006,a little certain not too sure
40,5Minute,45,Female,24,White,WC1.P.LINE,White,TP,Yes,0,Foil,20,24.282,No,not very,"I remember the facial hair, but the face does not stand out to me",O1,No,Yes,not very,"I remember the facial hair, but the face does not stand out to me",FALSE,FALSE,3.1897353351217834,1.8616726712593903,"not very I remember the facial hair, but the face does not stand out to me"
40,5Minute,45,Female,24,White,WD1.NP.LINE,White,TA,Yes,0,Foil,40,8.836,No,a little,"I remember his face shape, but all of these faces look too similar",O1,No,Yes,a little,"I remember his face shape, but all of these faces look too similar",FALSE,FALSE,2.178834285557871,0.3397425696937268,"a little I remember his face shape, but all of these faces look too similar"
40,5Minute,45,Female,24,White,WD2.NP.LINE,White,TA,Yes,0,Foil,0,17.692,No,not at all,"I remember someone like this, but all of these faces seem to similar",?,No,Yes,not at all,"I remember someone like this, but all of these faces seem to similar",FALSE,FALSE,2.8731125600060805,1.384991266588064,"not at all I remember someone like this, but all of these faces seem to similar"
40,5Minute,45,Female,24,White,WD3.NP.LINE,White,TA,Yes,0,Foil,20,13.003,No,not very,"I think I remember someone with that face shape, but not clearly",O1,No,Yes,not very,"I think I remember someone with that face shape, but not clearly",FALSE,FALSE,2.565180100069183,0.9213932910697911,"not very I think I remember someone with that face shape, but not clearly"
41,Day,66,Female,38,White,WC1.P.LINE,White,TP,Yes,1,Target,60,16.05,No,somewhat positive,eyes and hair,Omany,No,Yes,somewhat positive,eyes and hair,FALSE,FALSE,2.775708849576025,1.2383481911143208,somewhat positive eyes and hair
41,Day,66,Female,38,White,WC2.P.LINE,White,TP,Yes,1,Target,100,10.821,No,very certain,thickness of face and hair cut,Omany,No,Yes,very certain,thickness of face and hair cut,FALSE,FALSE,2.3814886905895114,0.6448424994698251,very certain thickness of face and hair cut
41,Day,66,Female,38,White,WC3.P.LINE,White,TP,Yes,0,Foil,80,17.298,No,somewhat certain,I recognize his nose,O1,No,Yes,somewhat certain,I recognize his nose,FALSE,FALSE,2.8505908878843202,1.3510844754590157,somewhat certain I recognize his nose
42,5Minute,65,Female,32,White,WD1.P.LINE,White,TP,Yes,1,Target,20,7.792,No,not sure at all,"I think I remember him, but I'm not sure",R,No,Yes,not sure at all,"I think I remember him, but I'm not sure",FALSE,FALSE,2.053097566340234,0.15044362897941824,"not sure at all I think I remember him, but I'm not sure"
42,5Minute,65,Female,32,White,WD2.P.LINE,White,TP,Yes,1,Target,80,3.255,No,not entirely sure,I think I remember his hair,O1,No,Yes,not entirely sure,I think I remember his hair,FALSE,FALSE,1.1801922756605325,-1.163731322,not entirely sure I think I remember his hair
42,5Minute,65,Female,32,White,WD3.P.LINE,White,TP,Yes,1,Target,60,5.651,No,fairly certain I've seen him before,"i'm pretty certain I've seen him before, I just don't remember the shirt",R,No,Yes,fairly certain I've seen him before,"I'm pretty certain I've seen him before, I just don't remember the shirt",FALSE,FALSE,1.7318325206477063,-0.333226799,"fairly certain I've seen him before I'm pretty certain I've seen him before, I just don't remember the shirt"
43,Day,41,Male,41,White,WC2.P.LINE,White,TP,Yes,0,Foil,40,3.009,No,looks famlilar,vaguely remember him,F,No,Yes,looks familiar,vaguely remember him,FALSE,FALSE,1.1016077976479082,-1.282041698,looks familiar vaguely remember him
43,Day,41,Male,41,White,WC3.P.LINE,White,TP,Yes,0,Foil,20,11.88,No,not all that sure,I remember the eyes but not sure,O1,No,Yes,not all that sure,I remember the eyes but not sure,FALSE,FALSE,2.474856313934499,0.7854091716893076,not all that sure I remember the eyes but not sure
43,Day,41,Male,41,White,WD1.NP.LINE,White,TA,Yes,0,Foil,60,5.063,No,unsure,just looks familar,F,No,Yes,unsure,just looks familiar,FALSE,FALSE,1.6219591929877721,-0.498643113,unsure just looks familiar
43,Day,41,Male,41,White,WD3.NP.LINE,White,TA,Yes,0,Foil,40,7.347,No,unsure,looks familar,F,No,Yes,unsure,looks familiar,FALSE,FALSE,1.9942920666381405,0.061910869,unsure looks familiar
45,Day,65,Female,40,White,WC1.P.LINE,White,TP,Yes,0,Foil,20,5.812,No,I'm not certain,he looks the most familiar,F,No,Yes,I'm not certain,he looks the most familiar,FALSE,FALSE,1.7599247457080365,-0.290933438,I'm not certain he looks the most familiar
45,Day,65,Female,40,White,WC2.P.LINE,White,TP,Yes,0,Foil,60,5.617,No,I think he was in the lineup,I think I recognize him,R,No,Yes,I think he was in the lineup,I think I recognize him,FALSE,FALSE,1.7257977135502958,-0.342312312,I think he was in the lineup I think I recognize him
45,Day,65,Female,40,White,WC3.P.LINE,White,TP,Yes,0,Foil,20,12.35,No,not very certain,not sure about the faces,?,No,Yes,not very certain,not sure about the faces,FALSE,FALSE,2.513656063073986,0.8438229068160599,not very certain not sure about the faces
46,Day,44,Female,28,White,WC1.NP.LINE,White,TA,Yes,0,Foil,80,2.946,No,He does look very familiar.,I'm pretty sure that he was in the line up,F,No,Yes,He does look very familiar.,I'm pretty sure that he was in the line up,FALSE,FALSE,1.0804483180404385,-1.313897683,He does look very familiar. I'm pretty sure that he was in the line up
46,Day,44,Female,28,White,WC3.NP.LINE,White,TA,Yes,0,Foil,80,7.55,No,I think this is who I saw.,"I'm not 100% sure. He looks familiar, however they all look very similar.",F,No,Yes,I think this is who I saw.,"I'm not 100% sure. He looks familiar, however they all look very similar.",FALSE,TRUE,2.0215475632609334,0.1029445197326817,"I think this is who I saw. I'm not 100% sure. He looks familiar, however they all look very similar."
46,Day,44,Female,28,White,WD1.P.LINE,White,TP,Yes,1,Target,80,2.882,No,I'm completely sure that this is the right guy.,I definitely remember seeing this one.,R,No,Yes,I'm completely sure that this is the right guy.,I definitely remember seeing this one.,FALSE,FALSE,1.0584844975773304,-1.346964618,I'm completely sure that this is the right guy. I definitely remember seeing this one.
47,5Minute,67,Male,35,White,WD1.P.LINE,White,TP,Yes,1,Target,100,3.963,No,i am positive,i recognize the face,R,No,Yes,I am positive,I recognize the face,FALSE,FALSE,1.377001314208298,-0.867431699,I am positive I recognize the face
47,5Minute,67,Male,35,White,WD3.P.LINE,White,TP,Yes,1,Target,60,10.85,No,about 50-50,looks recognizable but not sure,?,No,Yes,about 50-50,looks recognizable but not sure,TRUE,FALSE,2.3841650799864684,0.6488718528753807,about 50-50 looks recognizable but not sure
48,5Minute,71,Female,41,White,WD1.P.LINE,White,TP,Yes,1,Target,100,4.989,No,Very sure,I know I saw this face,R,No,Yes,Very sure,I know I saw this face,FALSE,FALSE,1.6072354888789002,-0.52080992,Very sure I know I saw this face
49,5Minute,72,Female,30,White,WC3.NP.LINE,White,TA,Yes,0,Foil,60,4.426,No,Fairly certain.,I think I remember his nose.,O1,No,Yes,Fairly certain.,I think I remember his nose.,FALSE,FALSE,1.487496241628858,-0.701079556,Fairly certain. I think I remember his nose.
49,5Minute,72,Female,30,White,WD1.P.LINE,White,TP,Yes,1,Target,100,2.593,No,Certain.,I recognize his face.,R,No,Yes,Certain.,I recognize his face.,FALSE,FALSE,0.9528155065565274,-1.506051226,Certain. I recognize his face.
49,5Minute,72,Female,30,White,WD3.P.LINE,White,TP,Yes,1,Target,40,4.986,No,Semi-certain,I think I saw him but the hair might have been a little different.,O1,No,Yes,Semi-certain,I think I saw him but the hair might have been a little different.,FALSE,FALSE,1.606633985101366,-0.521715495,Semi-certain I think I saw him but the hair might have been a little different.
50,5Minute,55,Female,26,White,WC1.P.LINE,White,TP,Yes,1,Target,80,3.295,No,Very certain,I remember his eyes,O1,No,Yes,Very certain,I remember his eyes,FALSE,FALSE,1.1924061679544706,-1.145343083,Very certain I remember his eyes
50,5Minute,55,Female,26,White,WC3.P.LINE,White,TP,Yes,1,Target,60,10.647,No,I'm pretty sure,I remember his chin,O1,No,Yes,I'm pretty sure,I remember his chin,FALSE,FALSE,2.3652781623324692,0.6204372513722828,I'm pretty sure I remember his chin
52,5Minute,52,Female,35,White,WC2.P.LINE,White,TP,Yes,0,Foil,60,12.48,No,somewhat sure,I think I saw that guy before.,R,No,Yes,somewhat sure,I think I saw that guy before.,FALSE,FALSE,2.5241273629412815,0.8595876411364289,somewhat sure I think I saw that guy before.
52,5Minute,52,Female,35,White,WC3.P.LINE,White,TP,Yes,1,Target,80,3.811,No,fairly sure,I recognize him.,R,No,Yes,fairly sure,I recognize him.,FALSE,FALSE,1.3378916218917232,-0.92631206,fairly sure I recognize him.
52,5Minute,52,Female,35,White,WD1.NP.LINE,White,TA,Yes,0,Foil,20,10.928,No,not very sure,I might have seen him before.,R,No,Yes,not very sure,I might have seen him before.,FALSE,FALSE,2.3913283028284344,0.6596562164608313,not very sure I might have seen him before.
52,5Minute,52,Female,35,White,WD3.NP.LINE,White,TA,Yes,0,Foil,20,13.31,No,not very,I might have seen him before.,R,No,Yes,not very,I might have seen him before.,FALSE,FALSE,2.588515632,0.9565253637057173,not very I might have seen him before.
53,5Minute,65,Female,34,White,WC2.P.LINE,White,TP,Yes,1,Target,100,13.739,No,completely certain,I remember the high haircut,O1,No,Yes,completely certain,I remember the high haircut,FALSE,FALSE,2.620238503941811,1.0042847295879922,completely certain I remember the high haircut
53,5Minute,65,Female,34,White,WD1.NP.LINE,White,TA,Yes,0,Foil,60,5.953,No,moderately certain,The hair is shorter but the nose and eyes look similar to the pictures shown before,Omany,No,Yes,moderately certain,The hair is shorter but the nose and eyes look similar to the pictures shown before,FALSE,FALSE,1.7838952941712531,-0.254845337,moderately certain The hair is shorter but the nose and eyes look similar to the pictures shown before
53,5Minute,65,Female,34,White,WD2.NP.LINE,White,TA,Yes,0,Foil,40,51.654,No,somewhat certain,the reddish/blondish hair looks familiar,FO,No,Yes,somewhat certain,the reddish/blondish hair looks familiar,FALSE,FALSE,3.9445676369038725,2.9980865687539415,somewhat certain the reddish/blondish hair looks familiar
54,5Minute,66,Female,28,White,WD1.P.LINE,White,TP,Yes,1,Target,80,3.24,No,fairly certain,im almost 100 pecent sure i saw him,R,No,Yes,fairly certain,I'm almost 100 percent sure I saw him,FALSE,TRUE,1.1755733298042381,-1.17068523,fairly certain I'm almost 100 percent sure I saw him
54,5Minute,66,Female,28,White,WD2.P.LINE,White,TP,Yes,1,Target,100,3.357,No,certain,i remeber seeing his face,R,No,Yes,certain,I remember seeing his face,FALSE,FALSE,1.211047717997898,-1.117277887,certain I remember seeing his face
54,5Minute,66,Female,28,White,WD3.P.LINE,White,TP,Yes,1,Target,80,5.291,No,fairly certain,im pretty sure i remeber seeing his face,R,No,Yes,fairly certain,I'm pretty sure I remember seeing his face,FALSE,FALSE,1.6660072639219947,-0.432327933,fairly certain I'm pretty sure I remember seeing his face
55,5Minute,66,Female,34,White,WC1.P.LINE,White,TP,Yes,0,Foil,40,9.186,No,About 50%,"This face seems familiar, but so does another in the lineup.",F,No,Yes,About 50%,"This face seems familiar, but so does another in the lineup.",TRUE,FALSE,2.2176805859036017,0.39822638851667935,"About 50% This face seems familiar, but so does another in the lineup."
55,5Minute,66,Female,34,White,WC3.P.LINE,White,TP,Yes,1,Target,60,5.982,No,Fairly sure,"The face seems familiar, notable because he looks a little unsettling to me.",F,No,Yes,Fairly sure,"The face seems familiar, notable because he looks a little unsettling to me.",FALSE,FALSE,1.7887549602077564,-0.247529021,"Fairly sure The face seems familiar, notable because he looks a little unsettling to me."
55,5Minute,66,Female,34,White,WD3.NP.LINE,White,TA,Yes,0,Foil,60,9.774,No,I'm about half sure,The face feels very familiar.,F,No,Yes,I'm about half sure,The face feels very familiar.,TRUE,FALSE,2.279725798847963,0.49163659644831603,I'm about half sure The face feels very familiar.
56,Day,60,Female,35,White,WC1.P.LINE,White,TP,Yes,0,Foil,40,5.643,No,NOT VERY,I THINK I REMEMBER THIS GUY,?,No,Yes,NOT VERY,I THINK I REMEMBER THIS GUY,FALSE,FALSE,1.730415838987003,-0.33535964,NOT VERY I THINK I REMEMBER THIS GUY
56,Day,60,Female,35,White,WC3.P.LINE,White,TP,Yes,0,Foil,40,11.38,No,"NOT VERY, I REMEMBER THE HAIRLINE",IT WAS DESCRIBING MY CERTAINTY,O1,No,Yes,"NOT VERY, I REMEMBER THE HAIRLINE",IT WAS DESCRIBING MY CERTAINTY,FALSE,FALSE,2.431857428698185,0.7206735600256894,"NOT VERY, I REMEMBER THE HAIRLINE IT WAS DESCRIBING MY CERTAINTY"
56,Day,60,Female,35,White,WD2.NP.LINE,White,TA,Yes,0,Foil,60,5.75,No,NOT VERY,I THINK I REMEMBER HIM,?,No,Yes,NOT VERY,I THINK I REMEMBER HIM,FALSE,FALSE,1.749199854809259,-0.307079959,NOT VERY I THINK I REMEMBER HIM
57,5Minute,54,Female,34,White,WC1.P.LINE,White,TP,Yes,0,Foil,40,19.003,No,half way certain,the face looks familiar,F,No,Yes,half way certain,the face looks familiar,TRUE,FALSE,2.9445968614392206,1.4926121956467702,half way certain the face looks familiar
57,5Minute,54,Female,34,White,WC2.P.LINE,White,TP,Yes,1,Target,100,3.308,No,very certain,recognize face,?,No,Yes,very certain,recognize face,FALSE,FALSE,1.196343777161445,-1.13941494,very certain recognize face
57,5Minute,54,Female,34,White,WC3.P.LINE,White,TP,Yes,0,Foil,60,3.508,No,half way certain,nose and hair look familiar,FO,No,Yes,half way certain,nose and hair look familiar,TRUE,FALSE,1.2550460745099365,-1.051037553,half way certain nose and hair look familiar
57,5Minute,54,Female,34,White,WD1.NP.LINE,White,TA,Yes,0,Foil,100,6.238,No,certain,Looks extremely familiar,F,No,Yes,certain,Looks extremely familiar,FALSE,FALSE,1.8306596181856116,-0.184440788,certain Looks extremely familiar
57,5Minute,54,Female,34,White,WD3.NP.LINE,White,TA,Yes,0,Foil,100,4.907,No,very certain,nose looks familiar,FO,No,Yes,very certain,nose looks familiar,FALSE,FALSE,1.5906627571077663,-0.545760472,very certain nose looks familiar
58,5Minute,63,Female,39,White,WC1.NP.LINE,White,TA,Yes,0,Foil,0,19.725,No,not really,He looks vaguely familiar.,F,No,Yes,not really,He looks vaguely familiar.,FALSE,FALSE,2.981886866731938,1.5487529836764313,not really He looks vaguely familiar.
58,5Minute,63,Female,39,White,WC2.NP.LINE,White,TA,Yes,0,Foil,20,7.385,No,I am not very certain.,I don't specifically remember him. He just kind of looks familiar.,F,No,Yes,I am not very certain.,I don't specifically remember him. He just kind of looks familiar.,FALSE,FALSE,1.9994509159833431,0.069677611,I am not very certain. I don't specifically remember him. He just kind of looks familiar.
58,5Minute,63,Female,39,White,WD2.P.LINE,White,TP,Yes,1,Target,0,6.305,No,not at all,His hair kind of looked familiar.,FO,No,Yes,not at all,His hair kind of looked familiar.,FALSE,FALSE,1.8413429694168828,-0.168356807,not at all His hair kind of looked familiar.
59,Day,64,Female,31,White,WC3.NP.LINE,White,TA,Yes,0,Foil,60,8.408,No,I'm not very certain.,"I tried to remember features, his hairline, and smooth face I recall from the line up.",Omany,No,Yes,I'm not very certain.,"I tried to remember features, his hairline, and smooth face I recall from the line up.",FALSE,FALSE,2.129183634,0.2649926009918223,"I'm not very certain. I tried to remember features, his hairline, and smooth face I recall from the line up."
59,Day,64,Female,31,White,WD1.P.LINE,White,TP,Yes,1,Target,80,6.161,No,Im fairly confident I saw this one.,I remember the bright blue eyes,O1,No,Yes,I'm fairly confident I saw this one.,I remember the bright blue eyes,FALSE,FALSE,1.8182391020324336,-0.203140104,I'm fairly confident I saw this one. I remember the bright blue eyes
59,Day,64,Female,31,White,WD2.P.LINE,White,TP,Yes,1,Target,80,11.928,No,im confident,Im pretty sure because I remember the messy hair,O1,No,Yes,I'm confident,I'm pretty sure because I remember the messy hair,FALSE,FALSE,2.4788885774624374,0.7914798185080664,I'm confident I'm pretty sure because I remember the messy hair
60,5Minute,47,Male,34,White,WC1.P.LINE,White,TP,Yes,1,Target,80,1.961,No,kind of certain,that stupid hair on his chin,O1,No,Yes,kind of certain,that stupid hair on his chin,FALSE,FALSE,0.6734545472142093,-1.926634282,kind of certain that stupid hair on his chin
60,5Minute,47,Male,34,White,WC3.P.LINE,White,TP,Yes,1,Target,80,3.412,No,very certain,"Has the same haircut anse and basic facial features, just not smiling this time",Omany,No,Yes,very certain,"Has the same haircut  and basic facial features, just not smiling this time",FALSE,FALSE,1.2272986296294326,-1.092811841,"very certain Has the same haircut  and basic facial features, just not smiling this time"
60,5Minute,47,Male,34,White,WD3.NP.LINE,White,TA,Yes,0,Foil,60,4.597,No,very certain,that smug look,O1,No,Yes,very certain,that smug look,FALSE,FALSE,1.525403916824091,-0.644008855,very certain that smug look
61,5Minute,68,Male,26,White,WD1.P.LINE,White,TP,Yes,1,Target,40,21.771,No,Not very certain,"His face looks somewhat familiar,however different situation",F,No,Yes,Not very certain,"His face looks somewhat familiar, however different situation",FALSE,FALSE,3.0805788089641095,1.6973355157946008,"Not very certain His face looks somewhat familiar, however different situation"
61,5Minute,68,Male,26,White,WD2.P.LINE,White,TP,Yes,1,Target,100,5.125,No,very certain,I definitely recognize this face as previously seen. Same look on face and hair.,Omany,No,Yes,very certain,I definitely recognize this face as previously seen. Same look on face and hair.,FALSE,FALSE,1.634130525024472,-0.480318949,very certain I definitely recognize this face as previously seen. Same look on face and hair.
61,5Minute,68,Male,26,White,WD3.P.LINE,White,TP,Yes,1,Target,60,7.164,No,Pretty certain,the face looks somewhat familiar especially with the hair,FO,No,Yes,Pretty certain,the face looks somewhat familiar especially with the hair,FALSE,FALSE,1.9690684841984654,0.023936302101421936,Pretty certain the face looks somewhat familiar especially with the hair
62,Day,60,Male,40,White,WC1.P.LINE,White,TP,Yes,1,Target,100,4.323,No,reminds me of a relative,reminds me of a relative,U1,No,Yes,reminds me of a relative,reminds me of a relative,FALSE,FALSE,1.4639496056854948,-0.736529449,reminds me of a relative reminds me of a relative
62,Day,60,Male,40,White,WC3.P.LINE,White,TP,Yes,1,Target,80,15.887,No,Fairly certain,"shape of face, height of forehead",Omany,No,Yes,Fairly certain,"shape of face, height of forehead",FALSE,FALSE,2.7655011647378864,1.222980334063267,"Fairly certain shape of face, height of forehead"
62,Day,60,Male,40,White,WD1.NP.LINE,White,TA,Yes,0,Foil,100,3.765,No,very,wide forehead,O1,No,Yes,very,wide forehead,FALSE,FALSE,1.325747861251857,-0.944594714,very wide forehead
62,Day,60,Male,40,White,WD2.NP.LINE,White,TA,Yes,0,Foil,100,6.394,No,pretty certain,eyes,O1,No,Yes,pretty certain,eyes,FALSE,FALSE,1.8553600506376497,-0.147253834,pretty certain eyes
63,Day,66,Male,33,White,WD1.P.LINE,White,TP,Yes,1,Target,100,41.247,No,positive,I saw his face in face survey yesterday,R,No,Yes,positive,I saw his face in face survey yesterday,FALSE,FALSE,3.7195783828632063,2.6593611134771784,positive I saw his face in face survey yesterday
63,Day,66,Male,33,White,WD2.P.LINE,White,TP,Yes,1,Target,100,39.362,No,positive,I saw his face in face survey yesterday,R,No,Yes,positive,I saw his face in face survey yesterday,FALSE,FALSE,3.6728008839012456,2.5889367294319983,positive I saw his face in face survey yesterday
63,Day,66,Male,33,White,WD3.P.LINE,White,TP,Yes,1,Target,100,2.063,No,positive,I saw his face in face survey yesterday,R,No,Yes,positive,I saw his face in face survey yesterday,FALSE,FALSE,0.7241612340891148,-1.850294433,positive I saw his face in face survey yesterday
64,5Minute,60,Female,19,White,WC1.P.LINE,White,TP,Yes,0,Foil,40,3.668,No,Kind of.,His bone structure.,O1,No,Yes,Kind of.,His bone structure.,FALSE,FALSE,1.2996465543942184,-0.983890711,Kind of. His bone structure.
64,5Minute,60,Female,19,White,WC3.P.LINE,White,TP,Yes,1,Target,80,4.469,No,Almost for sure.,He has the same jawline and face set as in the previous mugshot of his I saw.,O1,No,Yes,Almost for sure.,He has the same jawline and face set as in the previous mugshot of his I saw.,FALSE,FALSE,1.4971646699513146,-0.68652356,Almost for sure. He has the same jawline and face set as in the previous mugshot of his I saw.
64,5Minute,60,Female,19,White,WD1.NP.LINE,White,TA,Yes,0,Foil,40,4.5,No,Kind of sure.,His eyes.,O1,No,Yes,Kind of sure.,His eyes.,FALSE,FALSE,1.5040773967762742,-0.676116322,Kind of sure. His eyes.
64,5Minute,60,Female,19,White,WD2.NP.LINE,White,TA,Yes,0,Foil,40,4.239,No,A little bit.,His eyes and hair look slightly familiar to me.,Omany,No,Yes,A little bit.,His eyes and hair look slightly familiar to me.,FALSE,FALSE,1.444327392,-0.766071052,A little bit. His eyes and hair look slightly familiar to me.
65,Day,63,Male,38,White,WC1.P.LINE,White,TP,Yes,1,Target,100,2.076,No,Very certain.,I remember this man's mouth and eyes.,Omany,No,Yes,Very certain.,I remember this man's mouth and eyes.,FALSE,FALSE,0.7304429653036423,-1.840837172,Very certain. I remember this man's mouth and eyes.
65,Day,63,Male,38,White,WC3.P.LINE,White,TP,Yes,1,Target,80,4.233,No,Fairly certain.,"I remember this man's facial expression, nose, eyes, and eyebrows.",Omany,No,Yes,Fairly certain.,"I remember this man's facial expression, nose, eyes, and eyebrows.",FALSE,FALSE,1.4429109615387865,-0.768203514,"Fairly certain. I remember this man's facial expression, nose, eyes, and eyebrows."
65,Day,63,Male,38,White,WD2.NP.LINE,White,TA,Yes,0,Foil,20,5.944,No,Not very certain.,"This man has similar features to some of the men I saw, but I don't remember him specifically.",?,No,Yes,Not very certain.,"This man has similar features to some of the men I saw, but I don't remember him specifically.",FALSE,FALSE,1.7823823074154581,-0.257123167,"Not very certain. This man has similar features to some of the men I saw, but I don't remember him specifically."
65,Day,63,Male,38,White,WD3.NP.LINE,White,TA,Yes,0,Foil,40,2.588,No,Somewhat certain.,I remember the shape of this man's head.,O1,No,Yes,Somewhat certain.,I remember the shape of this man's head.,FALSE,FALSE,0.9508853766386541,-1.508957072,Somewhat certain. I remember the shape of this man's head.
66,5Minute,57,Female,33,White,WD1.P.LINE,White,TP,Yes,1,Target,80,4.309,No,I have seen that face,pretty certain,R,No,Yes,I have seen that face,pretty certain,FALSE,FALSE,1.460705858633701,-0.74141297,I have seen that face pretty certain
66,5Minute,57,Female,33,White,WD2.P.LINE,White,TP,Yes,1,Target,100,1.707,No,I have seen that face before,his face stands out,R,No,Yes,I have seen that face before,his face stands out,FALSE,FALSE,0.5347374438123036,-2.13547543,I have seen that face before his face stands out
66,5Minute,57,Female,33,White,WD3.P.LINE,White,TP,Yes,0,Foil,60,5.216,No,possibly seen this one,the face looks familiar,F,No,Yes,possibly seen this one,the face looks familiar,FALSE,FALSE,1.6517308246243518,-0.453821374,possibly seen this one the face looks familiar
67,Day,55,Male,31,White,WC2.P.LINE,White,TP,Yes,0,Foil,20,19.647,No,somewhat certain,Looks familiar but not sure.,F,No,Yes,somewhat certain,Looks familiar but not sure.,FALSE,FALSE,2.9779246549040264,1.5427878009789955,somewhat certain Looks familiar but not sure.
67,Day,55,Male,31,White,WC3.P.LINE,White,TP,Yes,0,Foil,100,5.656,No,I am very certain.,I remember the hair.,O1,No,Yes,I am very certain.,I remember the hair.,FALSE,FALSE,1.7327169285942716,-0.331895307,I am very certain. I remember the hair.
67,Day,55,Male,31,White,WD1.NP.LINE,White,TA,Yes,0,Foil,80,6.394,No,Not very certain.,The face looks familiar but I'm not sure.,F,No,Yes,Not very certain.,The face looks familiar but I'm not sure.,FALSE,FALSE,1.8553600506376497,-0.147253834,Not very certain. The face looks familiar but I'm not sure.
67,Day,55,Male,31,White,WD2.NP.LINE,White,TA,Yes,0,Foil,60,7.841,No,Somewhat certain,Looks familiar,F,No,Yes,Somewhat certain,Looks familiar,FALSE,FALSE,2.059366377248785,0.15988143896770793,Somewhat certain Looks familiar
67,Day,55,Male,31,White,WD3.NP.LINE,White,TA,Yes,0,Foil,80,13.694,No,Very Certain,Face and hair style look familiar.,FO,No,Yes,Very Certain,Face and hair style look familiar.,FALSE,FALSE,2.616957780698871,0.9993455404749824,Very Certain Face and hair style look familiar.
68,5Minute,61,Female,32,White,WC2.NP.LINE,White,TA,Yes,0,Foil,60,13.958,No,Kinda certain.,Kinda remember him.,R,No,Yes,Kinda certain.,Kinda remember him.,FALSE,FALSE,2.636052821,1.0280934738369978,Kinda certain. Kinda remember him.
68,5Minute,61,Female,32,White,WD1.P.LINE,White,TP,Yes,1,Target,100,3.506,No,Certain.,He was wearing a plaid shirt in the original picture.,?,No,Yes,Certain.,He was wearing a plaid shirt in the original picture.,FALSE,FALSE,1.2544757864990428,-1.051896132,Certain. He was wearing a plaid shirt in the original picture.
68,5Minute,61,Female,32,White,WD2.P.LINE,White,TP,Yes,0,Foil,80,4.129,No,Kinda certain,His hairline.,O1,No,Yes,Kinda certain,His hairline.,FALSE,FALSE,1.418035246903953,-0.80565436,Kinda certain His hairline.
68,5Minute,61,Female,32,White,WD3.P.LINE,White,TP,Yes,1,Target,80,4.725,No,Fairly certain,I remember his hairline.,O1,No,Yes,Fairly certain,I remember his hairline.,FALSE,FALSE,1.552867560945706,-0.602661834,Fairly certain I remember his hairline.
70,5Minute,42,Female,35,White,WC1.P.LINE,White,TP,Yes,0,Foil,60,4.261,No,pretty sure,he looks like someone i know,U1,No,Yes,pretty sure,he looks like someone I know,FALSE,FALSE,1.449503874517775,-0.758277763,pretty sure he looks like someone I know
70,5Minute,42,Female,35,White,WC2.P.LINE,White,TP,Yes,0,Foil,20,13.911,No,not very,every screen of these is getting harder and harder; they blend together,?,No,Yes,not very,every screen of these is getting harder and harder; they blend together,FALSE,FALSE,2.6326798940774334,1.0230154710002146,not very every screen of these is getting harder and harder; they blend together
70,5Minute,42,Female,35,White,WC3.P.LINE,White,TP,Yes,0,Foil,20,8.655,No,slightly,i feel like i have seen this face before,R,No,Yes,slightly,I feel like I have seen this face before,FALSE,FALSE,2.1581371886281726,0.30858271003593096,slightly I feel like I have seen this face before
70,5Minute,42,Female,35,White,WD2.NP.LINE,White,TA,Yes,0,Foil,60,19.992,No,"ugh, i dont know. moderately sure?",i would be terrible at picking a police lineup. theyre all so similar,?,No,Yes,"ugh, I don't know. moderately sure?",I would be terrible at picking a police lineup. they're all so similar,FALSE,FALSE,2.995332193532651,1.5689951701814508,"ugh, I don't know. moderately sure? I would be terrible at picking a police lineup. they're all so similar"
72,5Minute,65,Female,38,White,WC1.NP.LINE,White,TA,Yes,0,Foil,40,16.111,No,not certain,i think i remember seeing him,R,No,Yes,not certain,I think I remember seeing him,FALSE,FALSE,2.7795022685088497,1.2440592530072783,not certain I think I remember seeing him
72,5Minute,65,Female,38,White,WC2.NP.LINE,White,TA,Yes,0,Foil,60,14.652,No,a little certain,I'm not for sure,?,No,Yes,a little certain,I'm not for sure,FALSE,FALSE,2.6845768449165677,1.101147283896862,a little certain I'm not for sure
72,5Minute,65,Female,38,White,WC3.NP.LINE,White,TA,Yes,0,Foil,60,8.96,No,pretty certain,i think i remember thinking he was a little guffy looking,U1,No,Yes,pretty certain,I think I remember thinking he was a little goofy looking,FALSE,FALSE,2.192770226986839,0.360723386,pretty certain I think I remember thinking he was a little goofy looking
72,5Minute,65,Female,38,White,WD1.P.LINE,White,TP,Yes,1,Target,60,4.938,No,pretty certain,I think i remember thinking he was kind of cute,U1,No,Yes,pretty certain,I think I remember thinking he was kind of cute,FALSE,FALSE,1.5969603909229877,-0.536279268,pretty certain I think I remember thinking he was kind of cute
72,5Minute,65,Female,38,White,WD2.P.LINE,White,TP,Yes,1,Target,40,9.126,No,not real certain,don't remember for sure,R,No,Yes,not real certain,don't remember for sure,FALSE,FALSE,2.2111274825052107,0.3883605709621464,not real certain don't remember for sure
72,5Minute,65,Female,38,White,WD3.P.LINE,White,TP,Yes,1,Target,60,16.65,No,kind of certain,i think i remember seeing him,R,No,Yes,kind of certain,I think I remember seeing him,FALSE,FALSE,2.8124102164264526,1.2936027731551307,kind of certain I think I remember seeing him
73,Day,61,Female,41,White,WC1.P.LINE,White,TP,Yes,0,Foil,0,34.303,No,I am only a little certain,The face looks somewhat familiar from the faces I saw previously,F,No,Yes,I am only a little certain,The face looks somewhat familiar from the faces I saw previously,FALSE,FALSE,3.5352328139040314,2.3818254727631376,I am only a little certain The face looks somewhat familiar from the faces I saw previously
73,Day,61,Female,41,White,WC2.P.LINE,White,TP,Yes,1,Target,0,12.757,No,I am somewhat certain,the face looks a little familiar within the ones I saw previously,F,No,Yes,I am somewhat certain,the face looks a little familiar within the ones I saw previously,FALSE,FALSE,2.546080140556153,0.8926379511340913,I am somewhat certain the face looks a little familiar within the ones I saw previously
73,Day,61,Female,41,White,WC3.P.LINE,White,TP,Yes,1,Target,40,19.317,No,not 100% certain but the face is familiar,I picture this face as one of the smiling faces that I saw previously,F,No,Yes,not 100% certain but the face is familiar,I picture this face as one of the smiling faces that I saw previously,TRUE,FALSE,2.9609855372241562,1.5172856481203367,not 100% certain but the face is familiar I picture this face as one of the smiling faces that I saw previously
73,Day,61,Female,41,White,WD1.NP.LINE,White,TA,Yes,0,Foil,20,44.271,No,I am not completely certain,"The face looks very familiar; however, when I saw the face there was a different facial expression",F,No,Yes,I am not completely certain,"The face looks very familiar; however, when I saw the face there was a different facial expression",FALSE,FALSE,3.7903298351494223,2.7658787246818854,"I am not completely certain The face looks very familiar; however, when I saw the face there was a different facial expression"
73,Day,61,Female,41,White,WD3.NP.LINE,White,TA,Yes,0,Foil,0,26.675,No,I am only a little certain,"something about this face sticks out to me, I don't think it was shown as often as others",R,No,Yes,I am only a little certain,"something about this face sticks out to me, I don't think it was shown as often as others",FALSE,TRUE,3.2837267971878172,2.003178544134063,"I am only a little certain something about this face sticks out to me, I don't think it was shown as often as others"
74,Day,61,Female,28,White,WC3.NP.LINE,White,TA,Yes,0,Foil,20,21.817,No,not certain at all,I remember someone looking familiar but not sure,F,No,Yes,not certain at all,I remember someone looking familiar but not sure,FALSE,FALSE,3.0826894824098874,1.7005131734427854,not certain at all I remember someone looking familiar but not sure
74,Day,61,Female,28,White,WD1.P.LINE,White,TP,Yes,0,Foil,80,6.887,No,fairly certain,I remember his face,R,No,Yes,fairly certain,I remember his face,FALSE,FALSE,1.9296355765625612,-0.035430665,fairly certain I remember his face
74,Day,61,Female,28,White,WD2.P.LINE,White,TP,Yes,0,Foil,60,3.276,No,not certain,looks familiar,F,No,Yes,not certain,looks familiar,FALSE,FALSE,1.1866231659908228,-1.154049499,not certain looks familiar
74,Day,61,Female,28,White,WD3.P.LINE,White,TP,Yes,1,Target,20,14.508,No,not certain,looks familiar but not sure,F,No,Yes,not certain,looks familiar but not sure,FALSE,FALSE,2.6747002214206557,1.0862778457785183,not certain looks familiar but not sure
75,5Minute,65,Female,32,White,WC3.NP.LINE,White,TA,Yes,0,Foil,20,7.107,No,Not very certain.,"A few of his facial characteristics look similar, but not enough to be certain.",?,No,Yes,Not very certain.,"A few of his facial characteristics look similar, but not enough to be certain.",FALSE,FALSE,1.961080213844758,0.011909814329946837,"Not very certain. A few of his facial characteristics look similar, but not enough to be certain."
75,5Minute,65,Female,32,White,WD1.P.LINE,White,TP,Yes,1,Target,60,4.709,No,Pretty certain.,The eyes seem a bit more conclusive to me in deciding if he was in a previously shown photo.,O1,No,Yes,Pretty certain.,The eyes seem a bit more conclusive to me in deciding if he was in a previously shown photo.,FALSE,FALSE,1.5494755712614174,-0.607768537,Pretty certain. The eyes seem a bit more conclusive to me in deciding if he was in a previously shown photo.
75,5Minute,65,Female,32,White,WD2.P.LINE,White,TP,Yes,1,Target,40,3.351,No,Fairly certain,Although I think his hair is completely different than a previously shown photo I think this is one of the men in one of the photos I was shown.,O1,No,Yes,Fairly certain,Although I think his hair is completely different than a previously shown photo I think this is one of the men in one of the photos I was shown.,FALSE,FALSE,1.2092588087551734,-1.119971123,Fairly certain Although I think his hair is completely different than a previously shown photo I think this is one of the men in one of the photos I was shown.
75,5Minute,65,Female,32,White,WD3.P.LINE,White,TP,Yes,1,Target,100,4.655,No,Quite certain,"I recognize this guys hair, face roundness and the way his nose is set.",Omany,No,Yes,Quite certain,"I recognize this guys hair, face roundness and the way his nose is set.",FALSE,FALSE,1.5379419107290304,-0.625132675,"Quite certain I recognize this guys hair, face roundness and the way his nose is set."
76,Day,54,Female,33,White,WC1.P.LINE,White,TP,Yes,1,Target,0,47.275,No,VERY UNCONFIDENT,I CAN'T BE CERTAIN THAT HE WAS ONE,R,No,Yes,VERY UNCONFIDENT,I CAN'T BE CERTAIN THAT HE WAS ONE,FALSE,FALSE,3.8559816145445214,2.8647186846619968,VERY UNCONFIDENT I CAN'T BE CERTAIN THAT HE WAS ONE
76,Day,54,Female,33,White,WC3.P.LINE,White,TP,Yes,1,Target,20,15.701,No,NOT VERY CONFIDENT,THEY LOOK CLOSE TO BUT NOT EXACTLY LIKE I REMEMBER,R,No,Yes,NOT VERY CONFIDENT,THEY LOOK CLOSE TO BUT NOT EXACTLY LIKE I REMEMBER,FALSE,FALSE,2.7537244045933846,1.2052502053127154,NOT VERY CONFIDENT THEY LOOK CLOSE TO BUT NOT EXACTLY LIKE I REMEMBER
77,5Minute,48,Female,31,White,WD2.NP.LINE,White,TA,Yes,0,Foil,40,5.055,No,not sure,I seem to recollect the expression,?,No,Yes,not sure,I seem to recollect the expression,FALSE,FALSE,1.6203778524724346,-0.50102385,not sure I seem to recollect the expression
78,Day,65,Female,24,White,WC3.NP.LINE,White,TA,Yes,0,Foil,60,28.777,No,Very certain,Recognize the face,R,No,Yes,Very certain,Recognize the face,FALSE,FALSE,3.359576456971055,2.117371600385634,Very certain Recognize the face
78,Day,65,Female,24,White,WD1.P.LINE,White,TP,Yes,1,Target,100,4.624,No,Completely certain,"Recognize the face, hair and eyebrows",Omany,No,Yes,Completely certain,"Recognize the face, hair and eyebrows",FALSE,FALSE,1.5312601313700762,-0.635192216,"Completely certain Recognize the face, hair and eyebrows"
78,Day,65,Female,24,White,WD3.P.LINE,White,TP,Yes,1,Target,80,8.564,No,Somewhat certain,Recognize the facial expression and face,Omany,No,Yes,Somewhat certain,Recognize the facial expression and face,FALSE,FALSE,2.1475673707274363,0.2926696550063238,Somewhat certain Recognize the facial expression and face
79,Day,65,Female,31,White,WC1.P.LINE,White,TP,Yes,0,Foil,20,14.756,No,very uncertain,looks a little familiar but I could be wrong,F,No,Yes,very uncertain,looks a little familiar but I could be wrong,FALSE,FALSE,2.6916497797344294,1.1117957172033257,very uncertain looks a little familiar but I could be wrong
79,Day,65,Female,31,White,WC2.P.LINE,White,TP,Yes,1,Target,80,5.134,No,pretty certain,hairline looks familiar,FO,No,Yes,pretty certain,hairline looks familiar,FALSE,FALSE,1.6358850824489488,-0.47767743,pretty certain hairline looks familiar
79,Day,65,Female,31,White,WC3.P.LINE,White,TP,Yes,1,Target,80,8.674,No,fairly certain,he looks familiar but may have been smiling in his first apperance,?,No,Yes,fairly certain,he looks familiar but may have been smiling in his first appearance,FALSE,FALSE,2.1603300454131746,0.3118840962111227,fairly certain he looks familiar but may have been smiling in his first appearance
79,Day,65,Female,31,White,WD1.NP.LINE,White,TA,Yes,0,Foil,60,9.344,No,not very,different lighting and facial expression,Omany,No,Yes,not very,different lighting and facial expression,FALSE,FALSE,2.234734426085871,0.42390125821028807,not very different lighting and facial expression
81,5Minute,38,Female,23,White,WC1.NP.LINE,White,TA,Yes,0,Foil,80,2.383,No,I'm pretty sure about my response.,"I definitely saw a guy with the same features before,",R,No,Yes,I'm pretty sure about my response.,"I definitely saw a guy with the same features before,",FALSE,FALSE,0.868360198,-1.633200244,"I'm pretty sure about my response. I definitely saw a guy with the same features before,"
81,5Minute,38,Female,23,White,WC3.NP.LINE,White,TA,Yes,0,Foil,60,2.328,No,I'm fairly certain about my response.,I feel like I saw a guy with the same features on the previous page.,R,No,Yes,I'm fairly certain about my response.,I feel like I saw a guy with the same features on the previous page.,FALSE,FALSE,0.8450095298691913,-1.668355104,I'm fairly certain about my response. I feel like I saw a guy with the same features on the previous page.
81,5Minute,38,Female,23,White,WD1.P.LINE,White,TP,Yes,0,Foil,60,3.088,No,I'm fairly certain about this response.,I'm pretty sure I saw a guy with the same features.,R,No,Yes,I'm fairly certain about this response.,I'm pretty sure I saw a guy with the same features.,FALSE,FALSE,1.1275236321625297,-1.243024933,I'm fairly certain about this response. I'm pretty sure I saw a guy with the same features.
81,5Minute,38,Female,23,White,WD3.P.LINE,White,TP,Yes,0,Foil,60,25.629,No,I'm pretty certain about my response.,I feel like I definitively saw his face before.,R,No,Yes,I'm pretty certain about my response.,I feel like I definitively saw his face before.,FALSE,FALSE,3.2437245228375913,1.942954385210734,I'm pretty certain about my response. I feel like I definitively saw his face before.
82,Day,63,Female,23,White,WC1.NP.LINE,White,TA,Yes,0,Foil,40,3.869,No,Somewhat certain,Seems familiar,F,No,Yes,Somewhat certain,Seems familiar,FALSE,FALSE,1.3529960757183759,-0.903572027,Somewhat certain Seems familiar
82,Day,63,Female,23,White,WC2.NP.LINE,White,TA,Yes,0,Foil,80,4.971,No,relatively certain,The hair seems familiar,FO,No,Yes,relatively certain,The hair seems familiar,FALSE,FALSE,1.6036210271125355,-0.526251558,relatively certain The hair seems familiar
82,Day,63,Female,23,White,WC3.NP.LINE,White,TA,Yes,0,Foil,60,4.526,No,Somewhat certain,Eyes,O1,No,Yes,Somewhat certain,Eyes,FALSE,FALSE,1.5098385472113456,-0.667442805,Somewhat certain Eyes
82,Day,63,Female,23,White,WD3.P.LINE,White,TP,Yes,0,Foil,60,2.957,No,Sort of certain,Just seems to be familiar,F,No,Yes,Sort of certain,Just seems to be familiar,FALSE,FALSE,1.084175241,-1.308286732,Sort of certain Just seems to be familiar
83,5Minute,63,Male,32,White,WC2.NP.LINE,White,TA,Yes,0,Foil,80,4.374,No,certain,recall the face,R,No,Yes,certain,recall the face,FALSE,FALSE,1.475677922254576,-0.718872253,certain recall the face
83,5Minute,63,Male,32,White,WD2.P.LINE,White,TP,Yes,1,Target,80,2.753,No,certain,recall the face,R,No,Yes,certain,recall the face,FALSE,FALSE,1.0126912261604704,-1.41590723,certain recall the face
84,5Minute,62,Female,23,White,WD1.P.LINE,White,TP,Yes,1,Target,40,21.072,No,slightly,he looks more familiar than the rest,F,No,Yes,slightly,he looks more familiar than the rest,FALSE,FALSE,3.0479451450009254,1.6482049351790462,slightly he looks more familiar than the rest
85,Day,58,Female,37,White,WD1.P.LINE,White,TP,Yes,1,Target,80,6.045,No,Intuition,He looks familiar.,F,No,Yes,Intuition,He looks familiar.,FALSE,FALSE,1.799231484066756,-0.231756422,Intuition He looks familiar.
86,Day,68,Female,30,White,WC1.P.LINE,White,TP,Yes,1,Target,40,5.094,No,I faintly recall seeing him.,His eyes and the shape of his face look vaguely familiar.,FO,No,Yes,I faintly recall seeing him.,His eyes and the shape of his face look vaguely familiar.,FALSE,FALSE,1.6280633765572654,-0.489453152,I faintly recall seeing him. His eyes and the shape of his face look vaguely familiar.
86,Day,68,Female,30,White,WD2.NP.LINE,White,TA,Yes,0,Foil,40,4.85,No,I am only a little confident.,He looks a bit familiar.,F,No,Yes,I am only a little confident.,He looks a bit familiar.,FALSE,FALSE,1.5789787049493917,-0.563351027,I am only a little confident. He looks a bit familiar.
87,Day,49,Female,37,White,WC1.P.LINE,White,TP,Yes,0,Foil,60,6.11,No,I think this was one of the guys.,I am almost sure.,R,No,Yes,I think this was one of the guys.,I am almost sure.,FALSE,FALSE,1.809926773183504,-0.215654467,I think this was one of the guys. I am almost sure.
87,Day,49,Female,37,White,WC2.P.LINE,White,TP,Yes,0,Foil,80,6.655,No,almost,pretty sure this is the same person,R,No,Yes,almost,pretty sure this is the same person,FALSE,FALSE,1.895368451847075,-0.087020451,almost pretty sure this is the same person
88,5Minute,67,Female,25,White,WC1.P.LINE,White,TP,Yes,0,Foil,80,4.284,No,a lot,recognize him,R,No,Yes,a lot,recognize him,FALSE,FALSE,1.4548871525855023,-0.750173139,a lot recognize him
89,5Minute,64,Female,38,White,WC1.NP.LINE,White,TA,Yes,0,Foil,20,5.64,No,guessing yet again,something may be familiar about this face,F,No,Yes,guessing yet again,something may be familiar about this face,FALSE,FALSE,1.7298840655099674,-0.336160234,guessing yet again something may be familiar about this face
89,5Minute,64,Female,38,White,WC3.NP.LINE,White,TA,Yes,0,Foil,20,9.148,No,i guessed,i do not have any confidence in my choice,?,No,Yes,I guessed,I do not have any confidence in my choice,FALSE,FALSE,2.2135352761605347,0.3919855485442521,I guessed I do not have any confidence in my choice
89,5Minute,64,Female,38,White,WD1.P.LINE,White,TP,Yes,1,Target,80,3.33,No,i think i remember this guy,he looked familiar,F,No,Yes,I think I remember this guy,he looked familiar,FALSE,FALSE,1.2029723039923526,-1.129435571,I think I remember this guy he looked familiar
89,5Minute,64,Female,38,White,WD2.P.LINE,White,TP,Yes,1,Target,20,4.547,No,don't really recognize these faces,something looked familiar about this guy,F,No,Yes,don't really recognize these faces,something looked familiar about this guy,FALSE,FALSE,1.5144676748428734,-0.660473568,don't really recognize these faces something looked familiar about this guy
90,Day,50,Female,33,White,WC1.P.LINE,White,TP,Yes,1,Target,100,3.225,No,90 percent certain,I remember thinking certain assumptions about his personality based on facial features,?,No,Yes,90 percent certain,I remember thinking certain assumptions about his personality based on facial features,TRUE,FALSE,1.170932950247736,-1.177671407,90 percent certain I remember thinking certain assumptions about his personality based on facial features
90,Day,50,Female,33,White,WC2.P.LINE,White,TP,Yes,1,Target,60,6.903,No,about 60 percent,looks possibly familiar but i don't feel super strong about it.,F,No,Yes,about 60 percent,looks possibly familiar but I don't feel super strong about it.,TRUE,FALSE,1.9319560997213385,-0.031937075,about 60 percent looks possibly familiar but I don't feel super strong about it.
90,Day,50,Female,33,White,WC3.P.LINE,White,TP,Yes,1,Target,40,14.422,No,about 50/50,his facial features seem fairly familiar,F,No,Yes,about 50/50,his facial features seem fairly familiar,TRUE,FALSE,2.668754818494568,1.0773269324492138,about 50/50 his facial features seem fairly familiar
91,5Minute,64,Female,28,White,WC1.P.LINE,White,TP,Yes,1,Target,20,9.547,No,Not very certain.,"I think I remember him, but I'm not sure.",R,No,Yes,Not very certain.,"I think I remember him, but I'm not sure.",FALSE,FALSE,2.2562269690158963,0.4562586764348594,"Not very certain. I think I remember him, but I'm not sure."
91,5Minute,64,Female,28,White,WC3.P.LINE,White,TP,Yes,1,Target,60,7.104,No,"Not completely,  but close?","I remember a guy that reminded me of my brother, and this one looks like him. But I'm not completely sure.",U1,No,Yes,"Not completely,  but close?","I remember a guy that reminded me of my brother, and this one looks like him. But I'm not completely sure.",FALSE,FALSE,1.960658005689869,0.011274172196298542,"Not completely,  but close? I remember a guy that reminded me of my brother, and this one looks like him. But I'm not completely sure."
91,5Minute,64,Female,28,White,WD3.NP.LINE,White,TA,Yes,0,Foil,20,4.338,No,Not very certain.,"I think I remember seeing him, maybe.",R,No,Yes,Not very certain.,"I think I remember seeing him, maybe.",FALSE,FALSE,1.4674134124046827,-0.731314624,"Not very certain. I think I remember seeing him, maybe."
92,5Minute,67,Male,35,White,WC2.P.LINE,White,TP,Yes,1,Target,40,3.975,No,Vaguely remember,looks like someone I saw,R,No,Yes,Vaguely remember,looks like someone I saw,FALSE,FALSE,1.3800247481062953,-0.862879864,Vaguely remember looks like someone I saw
92,5Minute,67,Male,35,White,WC3.P.LINE,White,TP,Yes,0,Foil,40,5.188,No,I think i saw him,I think i saw him,R,No,Yes,I think I saw him,I think I saw him,FALSE,FALSE,1.6463482664541973,-0.461924914,I think I saw him I think I saw him
93,Day,71,Male,31,White,WC1.P.LINE,White,TP,Yes,1,Target,100,1.361,No,extremely certain,I had a best friend in high school that looked like this person so he was easy to remember.,U1,No,Yes,extremely certain,I had a best friend in high school that looked like this person so he was easy to remember.,FALSE,FALSE,0.30821972366932904,-2.476502019,extremely certain I had a best friend in high school that looked like this person so he was easy to remember.
93,Day,71,Male,31,White,WC2.P.LINE,White,TP,Yes,1,Target,100,8.213,No,extremely certain,I remember seeing his particular bone structure and nose flair yesterday,Omany,No,Yes,extremely certain,I remember seeing his particular bone structure and nose flair yesterday,FALSE,FALSE,2.105718264758055,0.22966505715187682,extremely certain I remember seeing his particular bone structure and nose flair yesterday
93,Day,71,Male,31,White,WC3.P.LINE,White,TP,Yes,1,Target,100,11.715,No,extremely certain,I remember this person from before because of his bone structure. I think he was wearing a dress shirt in the previous display of pictures so that made him easier to remember as well.,OU,No,Yes,extremely certain,I remember this person from before because of his bone structure. I think he was wearing a dress shirt in the previous display of pictures so that made him easier to remember as well.,FALSE,FALSE,2.460870071959759,0.7643526274525395,extremely certain I remember this person from before because of his bone structure. I think he was wearing a dress shirt in the previous display of pictures so that made him easier to remember as well.
93,Day,71,Male,31,White,WD2.NP.LINE,White,TA,Yes,0,Foil,60,15.976,No,fairly certain,I think I remember someone with that particular expression and bone structure,Omany,No,Yes,fairly certain,I think I remember someone with that particular expression and bone structure,FALSE,FALSE,2.771087596113514,1.2313908091286223,fairly certain I think I remember someone with that particular expression and bone structure
95,5Minute,47,Female,28,White,WD1.P.LINE,White,TP,Yes,1,Target,100,3.612,No,I am very certain,I remember his eye color,O1,No,Yes,I am very certain,I remember his eye color,FALSE,FALSE,1.284261635554739,-1.007052989,I am very certain I remember his eye color
95,5Minute,47,Female,28,White,WD2.P.LINE,White,TP,Yes,1,Target,100,4.288,No,I am very certain,I remmber his hair,O1,No,Yes,I am very certain,I remember his hair,FALSE,FALSE,1.4558204237685008,-0.748768082,I am very certain I remember his hair
95,5Minute,47,Female,28,White,WD3.P.LINE,White,TP,Yes,1,Target,100,4.283,No,I am very certain,I remember thinking he looked silly,O1,No,Yes,I am very certain,I remember thinking he looked silly,FALSE,FALSE,1.454653698633234,-0.750524608,I am very certain I remember thinking he looked silly
96,Day,65,Female,34,White,WC1.P.LINE,White,TP,Yes,0,Foil,60,6.226,No,certain,i remember his facial hair,O1,No,Yes,certain,I remember his facial hair,FALSE,FALSE,1.8287340720194165,-0.187339734,certain I remember his facial hair
96,Day,65,Female,34,White,WC2.P.LINE,White,TP,Yes,1,Target,100,2.43,No,i remember his face because he looks like someone i went to school with,he looks a lot like someone i went to school with so i remember saying oh he looks like so and so,U1,No,Yes,I remember his face because he looks like someone I went to school with,he looks a lot like someone I went to school with so I remember saying oh he looks like so and so,FALSE,FALSE,0.8878912573524571,-1.603795875,I remember his face because he looks like someone I went to school with he looks a lot like someone I went to school with so I remember saying oh he looks like so and so
96,Day,65,Female,34,White,WC3.P.LINE,White,TP,Yes,1,Target,60,7.779,No,certain,the shape of his nose is familiar,FO,No,Yes,certain,the shape of his nose is familiar,FALSE,FALSE,2.051427795224637,0.14792975788921806,certain the shape of his nose is familiar
96,Day,65,Female,34,White,WD1.NP.LINE,White,TA,Yes,0,Foil,100,3.245,No,certain,his face looks like someone i know,U1,No,Yes,certain,his face looks like someone I know,FALSE,FALSE,1.1771153501560534,-1.16836369,certain his face looks like someone I know
97,Day,70,Male,31,White,WC1.P.LINE,White,TP,Yes,0,Foil,60,3.18,No,fairly certain,kind of remember his face,R,No,Yes,fairly certain,kind of remember his face,FALSE,FALSE,1.1568811967920856,-1.19882658,fairly certain kind of remember his face
97,Day,70,Male,31,White,WC2.P.LINE,White,TP,Yes,1,Target,100,2.269,No,very certain,clearly remember his face,R,No,Yes,very certain,clearly remember his face,FALSE,FALSE,0.8193392057977047,-1.707002248,very certain clearly remember his face
97,Day,70,Male,31,White,WD1.NP.LINE,White,TA,Yes,0,Foil,40,5.002,No,fairly certain,remember the hair,O1,No,Yes,fairly certain,remember the hair,FALSE,FALSE,1.6098378324554272,-0.516892044,fairly certain remember the hair
98,5Minute,71,Male,31,White,WC1.P.LINE,White,TP,Yes,1,Target,80,4.5,No,Almost completely certain.,I remember his head shape and facial hair.,Omany,No,Yes,Almost completely certain.,I remember his head shape and facial hair.,FALSE,FALSE,1.5040773967762742,-0.676116322,Almost completely certain. I remember his head shape and facial hair.
98,5Minute,71,Male,31,White,WC2.P.LINE,White,TP,Yes,1,Target,100,4.237,No,I'm very certain.,I recognize his face very well.,R,No,Yes,I'm very certain.,I recognize his face very well.,FALSE,FALSE,1.4438554716444223,-0.766781537,I'm very certain. I recognize his face very well.
98,5Minute,71,Male,31,White,WC3.P.LINE,White,TP,Yes,1,Target,100,4.114,No,Completely certain.,I specifically remember seeing this guy more than once and thinking he had a goofy look on his face.,O1,No,Yes,Completely certain.,I specifically remember seeing this guy more than once and thinking he had a goofy look on his face.,FALSE,FALSE,1.4143957912307654,-0.811133627,Completely certain. I specifically remember seeing this guy more than once and thinking he had a goofy look on his face.
99,Day,59,Female,39,White,WC2.P.LINE,White,TP,Yes,0,Foil,60,6.25,No,Somewhat,That face looks familiar to me.,F,No,Yes,Somewhat,That face looks familiar to me.,FALSE,FALSE,1.8325814637483102,-0.181547415,Somewhat That face looks familiar to me.
99,Day,59,Female,39,White,WC3.P.LINE,White,TP,Yes,0,Foil,80,11.643,No,Very certain,I'm very certain I saw that face yesterday because it is a unique face and is easy to remember.,R,No,Yes,Very certain,I'm very certain I saw that face yesterday because it is a unique face and is easy to remember.,FALSE,FALSE,2.454705141054879,0.755071211,Very certain I'm very certain I saw that face yesterday because it is a unique face and is easy to remember.
100,5Minute,62,Female,36,White,WC1.P.LINE,White,TP,Yes,1,Target,20,4.75,No,One looks somewhat familiar,Facial hair and hair color,FO,No,Yes,One looks somewhat familiar,Facial hair and hair color,FALSE,FALSE,1.558144618,-0.594717128,One looks somewhat familiar Facial hair and hair color
100,5Minute,62,Female,36,White,WC2.P.LINE,White,TP,Yes,0,Foil,0,9.978,No,Some familiarity,The baby face look,?,No,Yes,Some familiarity,The baby face look,FALSE,FALSE,2.3003826694388456,0.5227358946140197,Some familiarity The baby face look
100,5Minute,62,Female,36,White,WC3.P.LINE,White,TP,Yes,1,Target,40,10.74,No,Fairly certain,Looks like same face but different angle,?,No,Yes,Fairly certain,Looks like same face but different angle,FALSE,FALSE,2.3739750890807185,0.6335306343645964,Fairly certain Looks like same face but different angle
100,5Minute,62,Female,36,White,WD2.NP.LINE,White,TA,Yes,0,Foil,20,6.626,No,Some familiarity,Baby face look,?,No,Yes,Some familiarity,Baby face look,FALSE,FALSE,1.8910013038777043,-0.093595272,Some familiarity Baby face look
101,5Minute,60,Female,40,White,WD3.P.LINE,White,TP,Yes,1,Target,20,8.64,No,i'm not very certain but i think i recall his hair.,he looks vaguely familiar.,FO,No,Yes,I'm not very certain but I think I recall his hair.,he looks vaguely familiar.,FALSE,FALSE,2.1564025828159643,0.30597122911889224,I'm not very certain but I think I recall his hair. he looks vaguely familiar.
102,Day,63,Male,24,White,WC3.NP.LINE,White,TA,Yes,0,Foil,20,6.31,No,sort of,"I feel like I remember this guys face, but who knows. it's easier when the pic is from the same angle with the same clothes/lighting.",?,No,Yes,sort of,"I feel like I remember this guys face, but who knows. it's easier when the pic is from the same angle with the same clothes/lighting.",FALSE,FALSE,1.8421356765531218,-0.167163372,"sort of I feel like I remember this guys face, but who knows. it's easier when the pic is from the same angle with the same clothes/lighting."
103,5Minute,64,Female,23,White,WC1.P.LINE,White,TP,Yes,0,Foil,20,9.661,No,Partially certain,"I have been seeing so many of these questions, I am having a hard time at this point recognizing any of the faces anymore.",?,No,Yes,Partially certain,"I have been seeing so many of these questions, I am having a hard time at this point recognizing any of the faces anymore.",FALSE,FALSE,2.2680971625353723,0.47412947084791646,"Partially certain I have been seeing so many of these questions, I am having a hard time at this point recognizing any of the faces anymore."
103,5Minute,64,Female,23,White,WC2.P.LINE,White,TP,Yes,0,Foil,40,1.89,No,Quite certain.,"Something about this individual's face, perhaps the distance between his eyes, look similar to me from the activity.",O1,No,Yes,Quite certain.,"Something about this individual's face, perhaps the distance between his eyes, look similar to me from the activity.",FALSE,FALSE,0.636576829,-1.982154364,"Quite certain. Something about this individual's face, perhaps the distance between his eyes, look similar to me from the activity."
103,5Minute,64,Female,23,White,WD1.NP.LINE,White,TA,Yes,0,Foil,60,2.889,No,Partially certain,This individual looks more familiar than the rest and I think I may have see him in the lineup,F,No,Yes,Partially certain,This individual looks more familiar than the rest and I think I may have see him in the lineup,FALSE,FALSE,1.060910421484098,-1.343312345,Partially certain This individual looks more familiar than the rest and I think I may have see him in the lineup
103,5Minute,64,Female,23,White,WD2.NP.LINE,White,TA,Yes,0,Foil,20,4.43,No,Partially?,This individual looks somewhat familiar to someone I may have seen in the study.,F,No,Yes,Partially?,This individual looks somewhat familiar to someone I may have seen in the study.,FALSE,FALSE,1.4883995840570443,-0.699719558,Partially? This individual looks somewhat familiar to someone I may have seen in the study.
103,5Minute,64,Female,23,White,WD3.NP.LINE,White,TA,Yes,0,Foil,40,5.039,No,Somewhat certain.,This individual looks somewhat familiar to me from the activity.,F,No,Yes,Somewhat certain.,This individual looks somewhat familiar to me from the activity.,FALSE,FALSE,1.6172076496984609,-0.505796648,Somewhat certain. This individual looks somewhat familiar to me from the activity.
104,5Minute,64,Male,28,White,WC3.NP.LINE,White,TA,Yes,0,Foil,0,5.618,No,I'm not certain at all.,I think the word search really drained my memory of the faces.,?,No,Yes,I'm not certain at all.,I think the word search really drained my memory of the faces.,FALSE,FALSE,1.725975728682052,-0.342044307,I'm not certain at all. I think the word search really drained my memory of the faces.
104,5Minute,64,Male,28,White,WD1.P.LINE,White,TP,Yes,1,Target,80,2.896,No,I'm pretty sure I saw him,The eyebrows and hair look very familiar,FO,No,Yes,I'm pretty sure I saw him,The eyebrows and hair look very familiar,FALSE,FALSE,1.063330475,-1.339668911,I'm pretty sure I saw him The eyebrows and hair look very familiar
104,5Minute,64,Male,28,White,WD2.P.LINE,White,TP,Yes,1,Target,60,5.195,No,I'm a little over half certain,The hair looks familiar. I think he was wearing a polo shirt.,FO,No,Yes,I'm a little over half certain,The hair looks familiar. I think he was wearing a polo shirt.,TRUE,FALSE,1.6476966245511908,-0.459894937,I'm a little over half certain The hair looks familiar. I think he was wearing a polo shirt.
104,5Minute,64,Male,28,White,WD3.P.LINE,White,TP,Yes,1,Target,100,2.235,No,I am completely sure.,I remember his bangs.,O1,No,Yes,I am completely sure.,I remember his bangs.,FALSE,FALSE,0.8042412280655321,-1.729732531,I am completely sure. I remember his bangs.
108,Day,62,Female,21,White,WC2.NP.LINE,White,TA,Yes,0,Foil,20,9.726,No,not very,the eyes look familiar,FO,No,Yes,not very,the eyes look familiar,FALSE,FALSE,2.2748027119815943,0.4842247987280732,not very the eyes look familiar
108,Day,62,Female,21,White,WC3.NP.LINE,White,TA,Yes,0,Foil,20,4.624,No,kind of certain,the eyebrows look familiar,FO,No,Yes,kind of certain,the eyebrows look familiar,FALSE,FALSE,1.5312601313700762,-0.635192216,kind of certain the eyebrows look familiar
108,Day,62,Female,21,White,WD1.P.LINE,White,TP,Yes,0,Foil,20,4.292,No,pretty certain,the jawline looks familiar,FO,No,Yes,pretty certain,the jawline looks familiar,FALSE,FALSE,1.456752824768452,-0.747364335,pretty certain the jawline looks familiar
108,Day,62,Female,21,White,WD2.P.LINE,White,TP,Yes,0,Foil,20,6.309,No,kinda certain,looks sorta familiar,F,No,Yes,kinda certain,looks sorta familiar,FALSE,FALSE,1.8419771853886724,-0.167401983,kinda certain looks sorta familiar
109,5Minute,67,Female,26,White,WC1.NP.LINE,White,TA,Yes,0,Foil,40,3.754,No,A little.,He looks a little familiar.,F,No,Yes,A little.,He looks a little familiar.,FALSE,FALSE,1.3228219381643171,-0.948999745,A little. He looks a little familiar.
109,5Minute,67,Female,26,White,WC2.NP.LINE,White,TA,Yes,0,Foil,20,18.443,No,A little.,He kind of looks familiar.,F,No,Yes,A little.,He kind of looks familiar.,FALSE,FALSE,2.914684894700669,1.4475791802036948,A little. He kind of looks familiar.
109,5Minute,67,Female,26,White,WD1.P.LINE,White,TP,Yes,1,Target,80,1.947,No,Positive,I know I saw this face.,R,No,Yes,Positive,I know I saw this face.,FALSE,FALSE,0.6662897263900627,-1.937421051,Positive I know I saw this face.
109,5Minute,67,Female,26,White,WD2.P.LINE,White,TP,Yes,1,Target,100,1.657,No,Absolutely.,I definitely remember seeing him.,R,No,Yes,Absolutely.,I definitely remember seeing him.,FALSE,FALSE,0.5050087384444258,-2.180232542,Absolutely. I definitely remember seeing him.
110,5Minute,52,Female,28,White,WC1.NP.LINE,White,TA,Yes,0,Foil,40,1.704,No,somewhat sure,i think i remember his facial hair,O1,No,Yes,somewhat sure,I think I remember his facial hair,FALSE,FALSE,0.532978428,-2.13812366,somewhat sure I think I remember his facial hair
110,5Minute,52,Female,28,White,WC2.NP.LINE,White,TA,Yes,0,Foil,40,2.517,No,Somewhat,I believe that I remember the person's hair,O1,No,Yes,Somewhat,I believe that I remember the person's hair,FALSE,FALSE,0.9230677161531787,-1.55083707,Somewhat I believe that I remember the person's hair
110,5Minute,52,Female,28,White,WD3.P.LINE,White,TP,Yes,1,Target,100,2.725,No,certain,I remember the person's smile,O1,No,Yes,certain,I remember the person's smile,FALSE,FALSE,1.0024684281152074,-1.43129784,certain I remember the person's smile
111,Day,47,Female,27,White,WC1.P.LINE,White,TP,Yes,1,Target,80,6.452,No,yes,I remember seeing him,R,No,Yes,yes,I remember seeing him,FALSE,FALSE,1.8643901602629624,-0.133658838,yes I remember seeing him
111,Day,47,Female,27,White,WC2.P.LINE,White,TP,Yes,0,Foil,60,7.866,No,Somewhat,The eyes seem farmiliar,FO,No,Yes,Somewhat,The eyes seem familiar,FALSE,FALSE,2.0625496740096176,0.16467395072206584,Somewhat The eyes seem familiar
111,Day,47,Female,27,White,WC3.P.LINE,White,TP,Yes,0,Foil,60,6.827,No,About half,I remember the eyebrows,O1,No,Yes,About half,I remember the eyebrows,TRUE,FALSE,1.9208853384361433,-0.048604309,About half I remember the eyebrows
111,Day,47,Female,27,White,WD1.NP.LINE,White,TA,Yes,0,Foil,80,10.359,No,half,I remember the eyes,O1,No,Yes,half,I remember the eyes,TRUE,FALSE,2.337855707075965,0.5791522412006986,half I remember the eyes
111,Day,47,Female,27,White,WD2.NP.LINE,White,TA,Yes,0,Foil,60,9.266,No,somewhat,He looks like someone I have seen before,R,No,Yes,somewhat,He looks like someone I have seen before,FALSE,FALSE,2.2263517869944565,0.4112810410591748,somewhat He looks like someone I have seen before
111,Day,47,Female,27,White,WD3.NP.LINE,White,TA,Yes,0,Foil,60,10.863,No,Sort of,I remember the chin,O1,No,Yes,Sort of,I remember the chin,FALSE,FALSE,2.385362519451614,0.6506746199885356,Sort of I remember the chin
112,Day,55,Male,24,White,WC1.NP.LINE,White,TA,Yes,0,Foil,20,1.145,No,I'm mildly certain I've seen them before.,"I feel like I might recognize them a little, but I'm not convinced.",R,No,Yes,I'm mildly certain I've seen them before.,"I feel like I might recognize them a little, but I'm not convinced.",FALSE,FALSE,0.13540463700620298,-2.736678306,"I'm mildly certain I've seen them before. I feel like I might recognize them a little, but I'm not convinced."
112,Day,55,Male,24,White,WC3.NP.LINE,White,TA,Yes,0,Foil,60,1.632,No,I'd say that I feel kind of certain that I've seen him before.,I just have this feeling that I kind of recognize him. I feel like I have seen him before.,R,No,Yes,I'd say that I feel kind of certain that I've seen him before.,I just have this feeling that I kind of recognize him. I feel like I have seen him before.,FALSE,FALSE,0.4898062565419152,-2.203120157,I'd say that I feel kind of certain that I've seen him before. I just have this feeling that I kind of recognize him. I feel like I have seen him before.
112,Day,55,Male,24,White,WD2.P.LINE,White,TP,Yes,0,Foil,20,11.37,No,I think there's a slight chance I've seen this person already.,"I feel like I might've seen him before, but I don't know for sure.",R,No,Yes,I think there's a slight chance I've seen this person already.,"I feel like I might've seen him before, but I don't know for sure.",FALSE,FALSE,2.4309783077624445,0.7193500273064415,"I think there's a slight chance I've seen this person already. I feel like I might've seen him before, but I don't know for sure."
113,5Minute,72,Female,31,White,WD1.P.LINE,White,TP,Yes,1,Target,80,3.748,No,very,I remember him because of his looks,R,No,Yes,very,I remember him because of his looks,FALSE,FALSE,1.3212223643761758,-0.951407933,very I remember him because of his looks
113,5Minute,72,Female,31,White,WD2.P.LINE,White,TP,Yes,1,Target,80,8.873,No,pretty certain,his hair and neck look familiar,FO,No,Yes,pretty certain,his hair and neck look familiar,FALSE,FALSE,2.1830129578532005,0.3460336376014949,pretty certain his hair and neck look familiar
113,5Minute,72,Female,31,White,WD3.P.LINE,White,TP,Yes,1,Target,80,6.712,No,very,I remember his haircut,O1,No,Yes,very,I remember his haircut,FALSE,FALSE,1.903896969164905,-0.074180611,very I remember his haircut
114,Day,61,Male,22,White,WC3.NP.LINE,White,TA,Yes,0,Foil,20,4.58,No,Kind of sure.,"Because he seems familiar, yet I'm not absolutely certain.",F,No,Yes,Kind of sure.,"Because he seems familiar, yet I'm not absolutely certain.",FALSE,FALSE,1.5216989981260935,-0.649586678,"Kind of sure. Because he seems familiar, yet I'm not absolutely certain."
114,Day,61,Male,22,White,WD1.P.LINE,White,TP,Yes,0,Foil,20,5.083,No,uncertain.,Because he seems vaguely familiar.,F,No,Yes,uncertain.,Because he seems vaguely familiar.,FALSE,FALSE,1.6259016384647655,-0.492707689,uncertain. Because he seems vaguely familiar.
114,Day,61,Male,22,White,WD3.P.LINE,White,TP,Yes,0,Foil,100,6.336,No,Absolutely certain.,Because I remember him being one of the first people presented in the photos.,R,No,Yes,Absolutely certain.,Because I remember him being one of the first people presented in the photos.,FALSE,FALSE,1.8462476545121247,-0.160972713,Absolutely certain. Because I remember him being one of the first people presented in the photos.
116,5Minute,70,Female,32,White,WD1.P.LINE,White,TP,Yes,1,Target,40,2.807,No,I am only half certain,i am not completely sure if I have seen the face I picked.,?,No,Yes,I am only half certain,I am not completely sure if I have seen the face I picked.,TRUE,FALSE,1.0321162973797453,-1.386662428,I am only half certain I am not completely sure if I have seen the face I picked.
116,5Minute,70,Female,32,White,WD2.P.LINE,White,TP,Yes,0,Foil,40,1.807,No,I am not completely sure.,again this face looks kind of familiar but part of me doesn't think so.,?,No,Yes,I am not completely sure.,again this face looks kind of familiar but part of me doesn't think so.,FALSE,FALSE,0.5916680116100914,-2.049765414,I am not completely sure. again this face looks kind of familiar but part of me doesn't think so.
116,5Minute,70,Female,32,White,WD3.P.LINE,White,TP,Yes,1,Target,80,1.445,No,Almost completely certain,I think I remember this persons hair cut,O1,No,Yes,Almost completely certain,I think I remember this persons hair cut,FALSE,FALSE,0.3681093215643955,-2.386337129,Almost completely certain I think I remember this persons hair cut
117,Day,67,Male,31,White,WC1.P.LINE,White,TP,Yes,0,Foil,80,19.674,No,i'm a little more than half certain,the face seems very familiar,F,No,Yes,I'm a little more than half certain,the face seems very familiar,TRUE,FALSE,2.979297967090566,1.5448553477051994,I'm a little more than half certain the face seems very familiar
117,Day,67,Male,31,White,WC2.P.LINE,White,TP,Yes,1,Target,100,4.149,No,totally certain,i remember this persons eyes and hair.,Omany,No,Yes,totally certain,I remember this persons eyes and hair.,FALSE,FALSE,1.422867341350731,-0.798379553,totally certain I remember this persons eyes and hair.
117,Day,67,Male,31,White,WC3.P.LINE,White,TP,Yes,1,Target,80,5.701,No,almost completely certain,i remember seeing this person's face yesterday,R,No,Yes,almost completely certain,I remember seeing this person's face yesterday,FALSE,FALSE,1.7406415980494447,-0.319964571,almost completely certain I remember seeing this person's face yesterday
118,Day,70,Female,38,White,WD1.NP.LINE,White,TA,Yes,0,Foil,60,40.534,No,I am slightly certain,The facial features look familiar and the expression,FO,No,Yes,I am slightly certain,The facial features look familiar and the expression,FALSE,FALSE,3.7021411280971215,2.6331090060838562,I am slightly certain The facial features look familiar and the expression
119,5Minute,66,Male,25,White,WC1.P.LINE,White,TP,Yes,1,Target,100,4.556,No,Very certain,I definitely saw the guy in the bottom middle. His facial hair gives it away.,O1,No,Yes,Very certain,I definitely saw the guy in the bottom middle. His facial hair gives it away.,FALSE,FALSE,1.5164450455849356,-0.6574966,Very certain I definitely saw the guy in the bottom middle. His facial hair gives it away.
119,5Minute,66,Male,25,White,WD1.NP.LINE,White,TA,Yes,0,Foil,40,8.354,No,Not too certain,"I think I remember seeing this guy, mainly because of his hair and mouth",Omany,No,Yes,Not too certain,"I think I remember seeing this guy, mainly because of his hair and mouth",FALSE,FALSE,2.1227404660749833,0.2552922939524713,"Not too certain I think I remember seeing this guy, mainly because of his hair and mouth"
120,Day,66,Male,33,White,WC1.NP.LINE,White,TA,Yes,0,Foil,40,16.377,No,I'm only somewhat certain,Only somewhat certain I've seen the face.,R,No,Yes,I'm only somewhat certain,Only somewhat certain I've seen the face.,FALSE,FALSE,2.795877911,1.2687130843217904,I'm only somewhat certain Only somewhat certain I've seen the face.
120,Day,66,Male,33,White,WC2.NP.LINE,White,TA,Yes,0,Foil,20,8.138,No,Not to sure to be honest.,I'm not to sure but i made a guess based on his facial features mainly his cheek bone.,O1,No,Yes,Not to sure to be honest.,I'm not to sure but I made a guess based on his facial features mainly his cheek bone.,FALSE,FALSE,2.0965444495794983,0.21585370986673108,Not to sure to be honest. I'm not to sure but I made a guess based on his facial features mainly his cheek bone.
120,Day,66,Male,33,White,WC3.NP.LINE,White,TA,Yes,0,Foil,60,7.931,No,I'm fairly certain.,I seem to recall the cheek bones and hair cut.,Omany,No,Yes,I'm fairly certain.,I seem to recall the cheek bones and hair cut.,FALSE,FALSE,2.0707791311011827,0.1770635495582713,I'm fairly certain. I seem to recall the cheek bones and hair cut.
120,Day,66,Male,33,White,WD1.P.LINE,White,TP,Yes,1,Target,60,13.816,No,I'm almost certain.,His facial features match what I recall seeing minus the small goatee he had previously.,U1,No,Yes,I'm almost certain.,His facial features match what I recall seeing minus the small goatee he had previously.,FALSE,FALSE,2.6258273408443777,1.0126988262183465,I'm almost certain. His facial features match what I recall seeing minus the small goatee he had previously.
120,Day,66,Male,33,White,WD2.P.LINE,White,TP,Yes,1,Target,100,3.265,No,I'm pretty confident I remember his mug shot.,"His face, features, and hair style",Omany,No,Yes,I'm pretty confident I remember his mug shot.,"His face, features, and hair style",FALSE,FALSE,1.1832597627283945,-1.159113164,"I'm pretty confident I remember his mug shot. His face, features, and hair style"
120,Day,66,Male,33,White,WD3.P.LINE,White,TP,Yes,1,Target,100,5.829,No,I clearly remember seeing him.,I clearly remember the facial features and haircut.,O1,No,Yes,I clearly remember seeing him.,I clearly remember the facial features and haircut.,FALSE,FALSE,1.7628454590634126,-0.286536251,I clearly remember seeing him. I clearly remember the facial features and haircut.
121,Day,64,Female,33,White,WC3.NP.LINE,White,TA,Yes,0,Foil,20,44.267,No,not very confident,He looks familiar,F,No,Yes,not very confident,He looks familiar,FALSE,FALSE,3.7902394784663547,2.765742691035568,not very confident He looks familiar
121,Day,64,Female,33,White,WD2.P.LINE,White,TP,Yes,0,Foil,20,8.704,No,a little uncertain,i'm not sure if I've seen that person.,R,No,Yes,a little uncertain,I'm not sure if I've seen that person.,FALSE,FALSE,2.163782690113587,0.3170821162367578,a little uncertain I'm not sure if I've seen that person.
122,Day,62,Male,27,White,WC1.NP.LINE,White,TA,Yes,0,Foil,40,16.855,No,I am only a little bit sure.,His face and hair stand out to me.,Omany,No,Yes,I am only a little bit sure.,His face and hair stand out to me.,FALSE,FALSE,2.824647348686024,1.312026001,I am only a little bit sure. His face and hair stand out to me.
122,Day,62,Male,27,White,WC3.NP.LINE,White,TA,Yes,0,Foil,40,20.045,No,Partially certain.,The hair and facial features look familiar.,FO,No,Yes,Partially certain.,The hair and facial features look familiar.,FALSE,FALSE,2.997979746,1.5729811092019395,Partially certain. The hair and facial features look familiar.
122,Day,62,Male,27,White,WD1.P.LINE,White,TP,Yes,1,Target,60,3.99,No,Only partially certain.,His facial features and hair standout.,Omany,No,Yes,Only partially certain.,His facial features and hair standout.,FALSE,FALSE,1.3837912309017721,-0.857209355,Only partially certain. His facial features and hair standout.
122,Day,62,Male,27,White,WD2.P.LINE,White,TP,Yes,1,Target,20,4.28,No,Hardly have any idea.,None of them look familiar to me.,F,No,Yes,Hardly have any idea.,None of them look familiar to me.,FALSE,FALSE,1.4539530095937054,-0.751579508,Hardly have any idea. None of them look familiar to me.
123,Day,57,Female,28,White,WD3.NP.LINE,White,TA,Yes,0,Foil,40,4.268,No,seems kind of familiar,but I am not quite sure,F,No,Yes,seems kind of familiar,but I am not quite sure,FALSE,FALSE,1.4511453334395068,-0.755806516,seems kind of familiar but I am not quite sure
124,5Minute,64,Female,42,White,WC1.P.LINE,White,TP,Yes,1,Target,100,5.277,No,certain,the guy had a creepy stare the first time,U1,No,Yes,certain,the guy had a creepy stare the first time,FALSE,FALSE,1.6633577544235307,-0.436316818,certain the guy had a creepy stare the first time
124,5Minute,64,Female,42,White,WC2.P.LINE,White,TP,Yes,1,Target,100,6.437,No,certain,I remember the right eyebrow had a break,O1,No,Yes,certain,I remember the right eyebrow had a break,FALSE,FALSE,1.8620625930704788,-0.137163033,certain I remember the right eyebrow had a break
124,5Minute,64,Female,42,White,WC3.P.LINE,White,TP,Yes,1,Target,100,5.594,No,certain,I remember that face,R,No,Yes,certain,I remember that face,FALSE,FALSE,1.721694594779768,-0.348489633,certain I remember that face
125,Day,69,Female,34,White,WC1.P.LINE,White,TP,Yes,1,Target,40,7.815,No,Not very,He looks familiar,F,No,Yes,Not very,He looks familiar,FALSE,FALSE,2.056044964,0.1548809901128367,Not very He looks familiar
125,Day,69,Female,34,White,WD1.NP.LINE,White,TA,Yes,0,Foil,40,15.65,No,Not very,His face looks familiar but not the shirt,?,No,Yes,Not very,His face looks familiar but not the shirt,FALSE,FALSE,2.750470916986162,1.2003520199496287,Not very His face looks familiar but not the shirt
126,5Minute,55,Female,38,White,WD2.NP.LINE,White,TA,Yes,0,Foil,20,29.963,No,Not very certain,He kind looks familiar if he were smiling,F,No,Yes,Not very certain,He kind looks familiar if he were smiling,FALSE,FALSE,3.399963287147342,2.1781747151698427,Not very certain He kind looks familiar if he were smiling
127,Day,71,Female,24,White,WC1.P.LINE,White,TP,Yes,1,Target,60,5.89,No,Fairly certain,I believe I saw this man's face yesterday,R,No,Yes,Fairly certain,I believe I saw this man's face yesterday,FALSE,FALSE,1.7732559976634952,-0.270862994,Fairly certain I believe I saw this man's face yesterday
127,Day,71,Female,24,White,WC2.P.LINE,White,TP,Yes,1,Target,100,1.905,No,Very certain,I remember seeing this man's face yesterday,R,No,Yes,Very certain,I remember seeing this man's face yesterday,FALSE,FALSE,0.6444820085786643,-1.970252971,Very certain I remember seeing this man's face yesterday
127,Day,71,Female,24,White,WC3.P.LINE,White,TP,Yes,1,Target,80,6.023,No,Fairly certain,This male looks very familiar which leads me to believe he is one of the faces I saw yesterday,F,No,Yes,Fairly certain,This male looks very familiar which leads me to believe he is one of the faces I saw yesterday,FALSE,FALSE,1.795585474061584,-0.237245557,Fairly certain This male looks very familiar which leads me to believe he is one of the faces I saw yesterday
128,5Minute,49,Female,22,White,WC1.NP.LINE,White,TA,Yes,0,Foil,100,6.324,No,"I am very sure my eyes kept being drawn to him, like I had seen the face before",He looks very familiar and my eyes kept honing in on him,F,No,Yes,"I am very sure my eyes kept being drawn to him, like I had seen the face before",He looks very familiar and my eyes kept honing in on him,FALSE,FALSE,1.8443519193472255,-0.163826777,"I am very sure my eyes kept being drawn to him, like I had seen the face before He looks very familiar and my eyes kept honing in on him"
128,5Minute,49,Female,22,White,WC2.NP.LINE,White,TA,Yes,0,Foil,80,5.215,No,I am about eighty percent sure,"I am eighty percent sure because some of the faces looked familiar to me, and he felt familiar to me",F,No,Yes,I am about eighty percent sure,"I am eighty percent sure because some of the faces looked familiar to me, and he felt familiar to me",TRUE,TRUE,1.6515390884527357,-0.454110037,"I am about eighty percent sure I am eighty percent sure because some of the faces looked familiar to me, and he felt familiar to me"
128,5Minute,49,Female,22,White,WC3.NP.LINE,White,TA,Yes,0,Foil,100,3.785,No,I am very certain of my response because I remember thinking to myself that he looked weird when viewing the picture,I made my written response above because he looks familiar and I correlate him with a thought I had when,?,No,Yes,I am very certain of my response because I remember thinking to myself that he looked weird when viewing the picture,I made my written response above because he looks familiar and I correlate him with a thought I had when,FALSE,TRUE,1.3310458868894122,-0.936618439,I am very certain of my response because I remember thinking to myself that he looked weird when viewing the picture I made my written response above because he looks familiar and I correlate him with a thought I had when
128,5Minute,49,Female,22,White,WD1.P.LINE,White,TP,Yes,1,Target,100,1.77,No,"No doubt in my mind that I have seen this face before, he looks VERY familiar",He looks very familiar. I know I have seen him before.,F,No,Yes,"No doubt in my mind that I have seen this face before, he looks VERY familiar",He looks very familiar. I know I have seen him before.,FALSE,FALSE,0.5709795465857378,-2.080912278,"No doubt in my mind that I have seen this face before, he looks VERY familiar He looks very familiar. I know I have seen him before."
128,5Minute,49,Female,22,White,WD3.P.LINE,White,TP,Yes,1,Target,100,6.777,No,I am one hundred percent certain because he looks familiar to me,"He looks familiar, so I am certain I am correct",F,No,Yes,I am one hundred percent certain because he looks familiar to me,"He looks familiar, so I am certain I am correct",TRUE,FALSE,1.913534526153976,-0.059671092,"I am one hundred percent certain because he looks familiar to me He looks familiar, so I am certain I am correct"
129,Day,65,Male,29,White,WD1.P.LINE,White,TP,Yes,1,Target,100,4.646,No,I remember perfectly this person in the lineup from yesterday.,I remember him vividly he had a different smirk but I do recall him.,?,No,Yes,I remember perfectly this person in the lineup from yesterday.,I remember him vividly he had a different smirk but I do recall him.,FALSE,FALSE,1.5360066343482173,-0.628046269,I remember perfectly this person in the lineup from yesterday. I remember him vividly he had a different smirk but I do recall him.
129,Day,65,Male,29,White,WD3.P.LINE,White,TP,Yes,0,Foil,60,6.864,No,"50% percent sure I did see him yesterday, he has the same hair.",I do recall seeing a similar face as the hair implies that I saw him yesterday but I'm only 50% certain.,O1,No,Yes,"50% percent sure I did see him yesterday, he has the same hair.",I do recall seeing a similar face as the hair implies that I saw him yesterday but I'm only 50% certain.,TRUE,TRUE,1.926290362185661,-0.040466946,"50% percent sure I did see him yesterday, he has the same hair. I do recall seeing a similar face as the hair implies that I saw him yesterday but I'm only 50% certain."
130,Day,65,Female,32,White,WD1.P.LINE,White,TP,Yes,1,Target,80,3.057,No,very confident,his eyes stood out to me,O1,No,Yes,very confident,his eyes stood out to me,FALSE,FALSE,1.1174340429086975,-1.258214995,very confident his eyes stood out to me
131,Day,69,Male,29,White,WC1.P.LINE,White,TP,Yes,1,Target,100,4.228,No,I remember seeing this one,I recognize the facial hair and features,Omany,No,Yes,I remember seeing this one,I recognize the facial hair and features,FALSE,FALSE,1.441729068007991,-0.769982877,I remember seeing this one I recognize the facial hair and features
131,Day,69,Male,29,White,WC2.P.LINE,White,TP,Yes,1,Target,100,4.131,No,95%,I remember his facial features,O1,No,Yes,95%,I remember his facial features,TRUE,FALSE,1.4185195084146276,-0.804925295,0.95 I remember his facial features
131,Day,69,Male,29,White,WC3.P.LINE,White,TP,Yes,1,Target,80,8.229,No,Remember seeing this guy,"Recognizable facial features, and haircut",Omany,No,Yes,Remember seeing this guy,"Recognizable facial features, and haircut",FALSE,FALSE,2.1076645006235757,0.23259515100207154,"Remember seeing this guy Recognizable facial features, and haircut"
131,Day,69,Male,29,White,WD1.NP.LINE,White,TA,Yes,0,Foil,60,13.165,No,I recognize this guy,"Honestly am not sure if he looks like someone I've seen before, or if I saw his picture yesterday in this study.",R,No,Yes,I recognize this guy,"Honestly am not sure if he looks like someone I've seen before, or if I saw his picture yesterday in this study.",FALSE,FALSE,2.5775617929482726,0.9400341571655942,"I recognize this guy Honestly am not sure if he looks like someone I've seen before, or if I saw his picture yesterday in this study."
132,Day,58,Male,34,White,WC1.NP.LINE,White,TA,Yes,0,Foil,60,18.237,No,"not entirely sure, but they look familar","facial figures, cheek bone structure",FO,No,Yes,"not entirely sure, but they look familiar","facial figures, cheek bone structure",FALSE,FALSE,2.903452497434695,1.430668599767356,"not entirely sure, but they look familiar facial figures, cheek bone structure"
132,Day,58,Male,34,White,WC3.NP.LINE,White,TA,Yes,0,Foil,60,20.462,No,"somewhat confident, I remember the details","I looked at qualities like hair, eyes. and feel somewhat confident",Omany,No,Yes,"somewhat confident, I remember the details","I looked at qualities like hair, eyes. and feel somewhat confident",FALSE,FALSE,3.018569507456748,1.6039793731911027,"somewhat confident, I remember the details I looked at qualities like hair, eyes. and feel somewhat confident"
132,Day,58,Male,34,White,WD1.P.LINE,White,TP,Yes,1,Target,80,8.102,No,fairly certain I saw this face,"analyzing eye brows, eyes, hair",Omany,No,Yes,fairly certain I saw this face,"analyzing eye brows, eyes, hair",FALSE,FALSE,2.0921109447804986,0.2091789869431135,"fairly certain I saw this face analyzing eye brows, eyes, hair"
132,Day,58,Male,34,White,WD3.P.LINE,White,TP,Yes,1,Target,100,5.282,No,100% sure this person was there,"In the original line up they looked very unique, stood out because of facial structure",O1,No,Yes,100% sure this person was there,"In the original line up they looked very unique, stood out because of facial structure",TRUE,FALSE,1.6643048138749406,-0.434891002,"100% sure this person was there In the original line up they looked very unique, stood out because of facial structure"
133,Day,37,Female,26,White,WD2.P.LINE,White,TP,Yes,1,Target,40,7.063,No,maybe?,he looks somewhat familiar - the hair looks right,FO,No,Yes,maybe?,he looks somewhat familiar - the hair looks right,FALSE,FALSE,1.9548698904267852,0.002560058,maybe? he looks somewhat familiar - the hair looks right
134,5Minute,72,Female,27,White,WC2.NP.LINE,White,TA,Yes,0,Foil,80,1.63,No,pretty certain,"again, different expression but i remember his face",?,No,Yes,pretty certain,"again, different expression but I remember his face",FALSE,FALSE,0.4885800148186709,-2.204966287,"pretty certain again, different expression but I remember his face"
134,5Minute,72,Female,27,White,WD1.P.LINE,White,TP,Yes,1,Target,100,4.236,No,very certain,he's cute and i remembered his face,R,No,Yes,very certain,he's cute and I remembered his face,FALSE,FALSE,1.443619428,-0.767136906,very certain he's cute and I remembered his face
134,5Minute,72,Female,27,White,WD2.P.LINE,White,TP,Yes,1,Target,60,3.106,No,i think pretty certain,i remember his face i think,R,No,Yes,I think pretty certain,I remember his face I think,FALSE,FALSE,1.1333357247264952,-1.234274721,I think pretty certain I remember his face I think
134,5Minute,72,Female,27,White,WD3.P.LINE,White,TP,Yes,1,Target,100,1.542,No,very certain,he was smiling in the other task but now he is straight faced,?,No,Yes,very certain,he was smiling in the other task but now he is straight faced,FALSE,FALSE,0.4330802751411378,-2.288522165,very certain he was smiling in the other task but now he is straight faced
135,5Minute,65,Male,39,White,WC2.NP.LINE,White,TA,Yes,0,Foil,20,35.199,No,very uncertain,hair cut looked familair,FO,No,Yes,very uncertain,hair cut looked familiar,FALSE,FALSE,3.5610176731095966,2.4206450519954577,very uncertain hair cut looked familiar
135,5Minute,65,Male,39,White,WD1.P.LINE,White,TP,Yes,1,Target,80,2.422,No,reasonably certain,looks familiar,F,No,Yes,reasonably certain,looks familiar,FALSE,FALSE,0.8845936451309006,-1.608760491,reasonably certain looks familiar
135,5Minute,65,Male,39,White,WD2.P.LINE,White,TP,Yes,1,Target,60,11.175,No,fairly certain,I remember the young angry John Elway looking dude,U1,No,Yes,fairly certain,I remember the young angry John Elway looking dude,FALSE,FALSE,2.4136791404996325,0.6933058131861273,fairly certain I remember the young angry John Elway looking dude
136,Day,47,Female,35,White,WC2.NP.LINE,White,TA,Yes,0,Foil,60,4.179,No,i believe i saw him yesterday,His eye shape seems very distinctive and i believe i saw him yesterday,O1,No,Yes,I believe I saw him yesterday,His eye shape seems very distinctive and I believe I saw him yesterday,FALSE,FALSE,1.4300719834657785,-0.787532832,I believe I saw him yesterday His eye shape seems very distinctive and I believe I saw him yesterday
136,Day,47,Female,35,White,WC3.NP.LINE,White,TA,Yes,0,Foil,40,46.054,No,im half certain,i may have seen him yesterday not comfortable for sure,R,No,Yes,I'm half certain,I may have seen him yesterday not comfortable for sure,TRUE,FALSE,3.829814621035428,2.8253237952154553,I'm half certain I may have seen him yesterday not comfortable for sure
136,Day,47,Female,35,White,WD1.P.LINE,White,TP,Yes,1,Target,40,8.696,No,not very certain,face looks familiar,F,No,Yes,not very certain,face looks familiar,FALSE,FALSE,2.162863149818908,0.3156977314300766,not very certain face looks familiar
136,Day,47,Female,35,White,WD2.P.LINE,White,TP,Yes,0,Foil,20,28.947,No,not very certain,i am not positive i saw him,R,No,Yes,not very certain,I am not positive I saw him,FALSE,FALSE,3.3654665717063565,2.1262392763280005,not very certain I am not positive I saw him
136,Day,47,Female,35,White,WD3.P.LINE,White,TP,Yes,1,Target,100,2.413,No,pretty certain,I know this man was present yesterday in the pictures,R,No,Yes,pretty certain,I know this man was present yesterday in the pictures,FALSE,FALSE,0.8808707866428946,-1.614365323,pretty certain I know this man was present yesterday in the pictures
137,5Minute,71,Female,36,White,WC1.NP.LINE,White,TA,Yes,0,Foil,60,11.372,No,I'm only a little certain.,This man look familiar but I'm not sure I saw him in the previous photos.,F,No,Yes,I'm only a little certain.,This man look familiar but I'm not sure I saw him in the previous photos.,FALSE,FALSE,2.4311541937887533,0.7196148269502836,I'm only a little certain. This man look familiar but I'm not sure I saw him in the previous photos.
137,5Minute,71,Female,36,White,WD1.P.LINE,White,TP,Yes,1,Target,100,2.149,No,I am extremely certain.,"I remember this guy's eye color. He was also wearing a plaid shirt before, but looks the same.",O1,No,Yes,I am extremely certain.,"I remember this guy's eye color. He was also wearing a plaid shirt before, but looks the same.",FALSE,FALSE,0.7650026176603734,-1.78880698,"I am extremely certain. I remember this guy's eye color. He was also wearing a plaid shirt before, but looks the same."
137,5Minute,71,Female,36,White,WD2.P.LINE,White,TP,Yes,1,Target,100,3.274,No,Very certain that I have seen this man before.,I remember the expression on his face.,O1,No,Yes,Very certain that I have seen this man before.,I remember the expression on his face.,FALSE,FALSE,1.1860124789489432,-1.154968899,Very certain that I have seen this man before. I remember the expression on his face.
137,5Minute,71,Female,36,White,WD3.P.LINE,White,TP,Yes,1,Target,100,2.255,No,I'm completely certain.,I remember seeing this man in the previous lineup. I believe he was smiling.,?,No,Yes,I'm completely certain.,I remember seeing this man in the previous lineup. I believe he was smiling.,FALSE,FALSE,0.8131499729546416,-1.716320252,I'm completely certain. I remember seeing this man in the previous lineup. I believe he was smiling.
138,Day,50,Female,41,White,WC1.NP.LINE,White,TA,Yes,0,Foil,40,6.095,No,maybe,none,?,No,Yes,maybe,none,FALSE,FALSE,1.8074687629332349,-0.219355047,maybe none
138,Day,50,Female,41,White,WC2.NP.LINE,White,TA,Yes,0,Foil,20,15.831,No,maybe,none,?,No,Yes,maybe,none,FALSE,FALSE,2.7619700430916403,1.217664165553965,maybe none
138,Day,50,Female,41,White,WC3.NP.LINE,White,TA,Yes,0,Foil,40,6.509,No,maybe,none,?,No,Yes,maybe,none,FALSE,FALSE,1.8731858345902503,-0.120416788,maybe none
138,Day,50,Female,41,White,WD1.P.LINE,White,TP,Yes,0,Foil,40,3.98,No,maybe,cant remember,R,No,Yes,maybe,cant remember,FALSE,FALSE,1.3812818192963463,-0.86098732,maybe cant remember
138,Day,50,Female,41,White,WD2.P.LINE,White,TP,Yes,1,Target,60,6.932,No,maybe,hair,O1,No,Yes,maybe,hair,FALSE,FALSE,1.9361483718533596,-0.025625532,maybe hair
139,Day,54,Female,31,White,WC2.NP.LINE,White,TA,Yes,0,Foil,60,8.754,No,pretty certain,I remember his haircut and eyes but he was wearing a different shirt,OU,No,Yes,pretty certain,I remember his haircut and eyes but he was wearing a different shirt,FALSE,FALSE,2.1695107387687034,0.32570579871805994,pretty certain I remember his haircut and eyes but he was wearing a different shirt
139,Day,54,Female,31,White,WD1.P.LINE,White,TP,Yes,1,Target,60,9.014,No,I am somewhat certain,I remember this mans lips and eyes,Omany,No,Yes,I am somewhat certain,I remember this mans lips and eyes,FALSE,FALSE,2.1987789242684563,0.36976958967910145,I am somewhat certain I remember this mans lips and eyes
139,Day,54,Female,31,White,WD2.P.LINE,White,TP,Yes,1,Target,80,5.076,No,pretty positive,"I remember his mouth and nose, and hairstyle",Omany,No,Yes,pretty positive,"I remember his mouth and nose, and hairstyle",FALSE,FALSE,1.624523549852141,-0.494782426,"pretty positive I remember his mouth and nose, and hairstyle"
140,5Minute,55,Female,27,White,WC1.P.LINE,White,TP,Yes,1,Target,40,6.9,No,Kind of certain,I am not entirely convinced,?,No,Yes,Kind of certain,I am not entirely convinced,FALSE,FALSE,1.9315214116032138,-0.032591505,Kind of certain I am not entirely convinced
140,5Minute,55,Female,27,White,WC2.P.LINE,White,TP,Yes,0,Foil,60,4.671,No,Pretty certain,I am not completely but I am pretty certain,?,No,Yes,Pretty certain,I am not completely but I am pretty certain,FALSE,FALSE,1.541373181519971,-0.619966833,Pretty certain I am not completely but I am pretty certain
140,5Minute,55,Female,27,White,WC3.P.LINE,White,TP,Yes,0,Foil,20,5.317,No,Not at all,I can't remember,R,No,Yes,Not at all,I can't remember,FALSE,FALSE,1.6709092345222014,-0.424947926,Not at all I can't remember
140,5Minute,55,Female,27,White,WD1.NP.LINE,White,TA,Yes,0,Foil,40,3.686,No,I remember his face,He was smiling,O1,No,Yes,I remember his face,He was smiling,FALSE,FALSE,1.3045418592476314,-0.97652074,I remember his face He was smiling
140,5Minute,55,Female,27,White,WD2.NP.LINE,White,TA,Yes,0,Foil,20,7.291,No,All the face were smiling so not positive,Again all the faces WERE smiling,O1,No,Yes,All the face were smiling so not positive,Again all the faces WERE smiling,FALSE,FALSE,1.9866407108242934,0.050391612109179994,All the face were smiling so not positive Again all the faces WERE smiling
140,5Minute,55,Female,27,White,WD3.NP.LINE,White,TA,Yes,0,Foil,60,7.242,No,I am somewhat certain,I believe I remember seeing this person's face,R,No,Yes,I am somewhat certain,I believe I remember seeing this person's face,FALSE,FALSE,1.9798974113434495,0.040239451,I am somewhat certain I believe I remember seeing this person's face
141,Day,51,Male,34,White,WC1.NP.LINE,White,TA,Yes,0,Foil,60,3.472,No,I am pretty sure it's him.,I remember his jaw structure and crooked eyebrows,Omany,No,Yes,I am pretty sure it's him.,I remember his jaw structure and crooked eyebrows,FALSE,FALSE,1.2447307967981038,-1.066567393,I am pretty sure it's him. I remember his jaw structure and crooked eyebrows
141,Day,51,Male,34,White,WC2.NP.LINE,White,TA,Yes,0,Foil,20,4.883,No,He looks familiar,I remember his face and hair cut,FO,No,Yes,He looks familiar,I remember his face and hair cut,FALSE,FALSE,1.5857597850795233,-0.553141986,He looks familiar I remember his face and hair cut
141,Day,51,Male,34,White,WC3.NP.LINE,White,TA,Yes,0,Foil,80,3.027,No,Positive.,Nose is distinctive,O1,No,Yes,Positive.,Nose is distinctive,FALSE,FALSE,1.1075720300395817,-1.273062436,Positive. Nose is distinctive
141,Day,51,Male,34,White,WD2.P.LINE,White,TP,Yes,0,Foil,80,5.618,No,Positive,I remember his outline being distinctive (assymetrical),O1,No,Yes,Positive,I remember his outline being distinctive (asymmetrical),FALSE,FALSE,1.725975728682052,-0.342044307,Positive I remember his outline being distinctive (asymmetrical)
142,Day,61,Female,41,White,WD1.NP.LINE,White,TA,Yes,0,Foil,20,45.248,No,Somewhat certain?,I think I saw him yesterday but maybe it is the smile,?,No,Yes,Somewhat certain?,I think I saw him yesterday but maybe it is the smile,FALSE,FALSE,3.8121584702741074,2.798742135879928,Somewhat certain? I think I saw him yesterday but maybe it is the smile
143,Day,66,Female,38,White,WC1.P.LINE,White,TP,Yes,1,Target,80,5.502,No,pretty certain,almost positive I saw him yesterday,R,No,Yes,pretty certain,almost positive I saw him yesterday,FALSE,FALSE,1.7051116625023828,-0.373455542,pretty certain almost positive I saw him yesterday
143,Day,66,Female,38,White,WC3.P.LINE,White,TP,Yes,1,Target,60,8.468,No,somewhat certain,I think I saw this guy yesterday,R,No,Yes,somewhat certain,I think I saw this guy yesterday,FALSE,FALSE,2.1362943532726186,0.2756979201294401,somewhat certain I think I saw this guy yesterday
144,Day,57,Female,33,White,WD3.P.LINE,White,TP,Yes,1,Target,100,8.101,No,very,i distinctly remember this man,R,No,Yes,very,I distinctly remember this man,FALSE,FALSE,2.0919875108483543,0.208993155,very I distinctly remember this man
145,5Minute,51,Female,33,White,WC3.NP.LINE,White,TA,Yes,0,Foil,20,13.81,No,I am not very certain.,"I vaguely remember that haircut, although this guy is wearing other clothing.",OU,No,Yes,I am not very certain.,"I vaguely remember that haircut, although this guy is wearing other clothing.",FALSE,FALSE,2.6253929674212007,1.0120448690498003,"I am not very certain. I vaguely remember that haircut, although this guy is wearing other clothing."
145,5Minute,51,Female,33,White,WD1.P.LINE,White,TP,Yes,1,Target,60,4.574,No,I am fairly certain this individual was present before.,I remember his face and thinking he was fairly attractive. His expression is different this time.,?,No,Yes,I am fairly certain this individual was present before.,I remember his face and thinking he was fairly attractive. His expression is different this time.,FALSE,FALSE,1.5203880956005893,-0.651560266,I am fairly certain this individual was present before. I remember his face and thinking he was fairly attractive. His expression is different this time.
145,5Minute,51,Female,33,White,WD2.P.LINE,White,TP,Yes,1,Target,20,10.105,No,I am completely uncertain.,I only chose this individual because he feels familiar. I am unsure why.,F,No,Yes,I am completely uncertain.,I only chose this individual because he feels familiar. I am unsure why.,FALSE,FALSE,2.3130303508555845,0.5417772113397776,I am completely uncertain. I only chose this individual because he feels familiar. I am unsure why.
145,5Minute,51,Female,33,White,WD3.P.LINE,White,TP,Yes,1,Target,20,12.139,No,I am really not certain about this one.,"The haircut looks vaguely familiar to me, but then again, it already has in another lineup as well.",FO,No,Yes,I am really not certain about this one.,"The haircut looks vaguely familiar to me, but then again, it already has in another lineup as well.",FALSE,FALSE,2.4964234099156664,0.8178788309020014,"I am really not certain about this one. The haircut looks vaguely familiar to me, but then again, it already has in another lineup as well."
146,Day,65,Male,31,White,WD1.P.LINE,White,TP,Yes,1,Target,80,9.001,No,certain,This is one of the faces I recognize he is just not smiling in this photo.,?,No,Yes,certain,This is one of the faces I recognize he is just not smiling in this photo.,FALSE,FALSE,2.1973356822749484,0.36759676234381383,certain This is one of the faces I recognize he is just not smiling in this photo.
146,Day,65,Male,31,White,WD2.P.LINE,White,TP,Yes,0,Foil,60,14.722,No,uncertain,This face looks familiar but I'm not sure.,F,No,Yes,uncertain,This face looks familiar but I'm not sure.,FALSE,FALSE,2.689342973636514,1.1083227782441594,uncertain This face looks familiar but I'm not sure.
147,5Minute,37,Female,30,White,WC1.NP.LINE,White,TA,Yes,0,Foil,100,7.628,No,I am 90% certain,because this guy has a weird face,U1,No,Yes,I am 90% certain,because this guy has a weird face,TRUE,FALSE,2.0318256877381726,0.11841842495446098,I am 90% certain because this guy has a weird face
147,5Minute,37,Female,30,White,WC2.NP.LINE,White,TA,Yes,0,Foil,80,5.369,No,I am almost sure,I recognize the details of the face,R,No,Yes,I am almost sure,I recognize the details of the face,FALSE,FALSE,1.6806416714404324,-0.410295563,I am almost sure I recognize the details of the face
147,5Minute,37,Female,30,White,WC3.NP.LINE,White,TA,Yes,0,Foil,80,4.114,No,almost certain,because I'm almost certain,?,No,Yes,almost certain,because I'm almost certain,FALSE,FALSE,1.4143957912307654,-0.811133627,almost certain because I'm almost certain
147,5Minute,37,Female,30,White,WD1.P.LINE,White,TP,Yes,1,Target,100,1.782,No,100% certain,because I thought the guy was attractive,U1,No,Yes,100% certain,because I thought the guy was attractive,TRUE,FALSE,0.5777363290486176,-2.070739818,100% certain because I thought the guy was attractive
148,Day,57,Male,32,White,WC1.NP.LINE,White,TA,Yes,0,Foil,40,16.167,No,a bit,seems familiar.,F,No,Yes,a bit,seems familiar.,FALSE,FALSE,2.782972127619469,1.2492831896437293,a bit seems familiar.
148,Day,57,Male,32,White,WD1.P.LINE,White,TP,Yes,0,Foil,60,7.564,No,fairly.,he just does.,?,No,Yes,fairly.,he just does.,FALSE,FALSE,2.023400150796211,0.10573362430126515,fairly. he just does.
149,5Minute,63,Male,31,White,WC1.P.LINE,White,TP,Yes,1,Target,80,6.46,No,fairly certain,looks familiar,F,No,Yes,fairly certain,looks familiar,FALSE,FALSE,1.8656293177945105,-0.131793263,fairly certain looks familiar
149,5Minute,63,Male,31,White,WC2.P.LINE,White,TP,Yes,1,Target,20,19.264,No,slightly certain,he looks familiar,F,No,Yes,slightly certain,he looks familiar,FALSE,FALSE,2.9582380691264105,1.5131492844249441,slightly certain he looks familiar
150,5Minute,67,Female,29,White,WC1.NP.LINE,White,TA,Yes,0,Foil,60,9.005,No,SLIGHTY ACCURATE,I FEEL LIKE I REMEMBER HIS GO-TEE,O1,No,Yes,SLIGHTLY ACCURATE,I FEEL LIKE I REMEMBER HIS GO-TEE,FALSE,FALSE,2.1977799786279193,0.36826565866546074,SLIGHTLY ACCURATE I FEEL LIKE I REMEMBER HIS GO-TEE
150,5Minute,67,Female,29,White,WC2.NP.LINE,White,TA,Yes,0,Foil,100,2.628,No,VERY ACCURATE,I SAW THIS FACE IN THE LINE UP IN A WHITE SHIRT,U1,No,Yes,VERY ACCURATE,I SAW THIS FACE IN THE LINE UP IN A WHITE SHIRT,FALSE,FALSE,0.9662231006223642,-1.485865846,VERY ACCURATE I SAW THIS FACE IN THE LINE UP IN A WHITE SHIRT
150,5Minute,67,Female,29,White,WD1.P.LINE,White,TP,Yes,0,Foil,0,12.364,No,NOT ACCURATE,I HONESTLY COULDN'T DECIDE ON THIS SELECTION OR NOT PRESENT,?,No,Yes,NOT ACCURATE,I HONESTLY COULDN'T DECIDE ON THIS SELECTION OR NOT PRESENT,FALSE,FALSE,2.514789024,0.8455286007102994,NOT ACCURATE I HONESTLY COULDN'T DECIDE ON THIS SELECTION OR NOT PRESENT
150,5Minute,67,Female,29,White,WD2.P.LINE,White,TP,Yes,1,Target,100,2.023,No,VERY ACCURATE,I REMEMBER HIS HAIR STICKING UP,O1,No,Yes,VERY ACCURATE,I REMEMBER HIS HAIR STICKING UP,FALSE,FALSE,0.7045815581856085,-1.879771995,VERY ACCURATE I REMEMBER HIS HAIR STICKING UP
150,5Minute,67,Female,29,White,WD3.P.LINE,White,TP,Yes,1,Target,100,3.102,No,VERY ACCURATE,I REMEMBER HIS FLAT HAIR CUT,O1,No,Yes,VERY ACCURATE,I REMEMBER HIS FLAT HAIR CUT,FALSE,FALSE,1.132047064754347,-1.236214822,VERY ACCURATE I REMEMBER HIS FLAT HAIR CUT
151,Day,50,Female,27,White,WC1.NP.LINE,White,TA,Yes,0,Foil,40,5.312,No,slightly,"he reminded me of a friend from college, which I remembered",U1,No,Yes,slightly,"he reminded me of a friend from college, which I remembered",FALSE,FALSE,1.6699684121741327,-0.426364351,"slightly he reminded me of a friend from college, which I remembered"
151,Day,50,Female,27,White,WC2.NP.LINE,White,TA,Yes,0,Foil,20,11.875,No,not very,"i have a vague feeling that I saw this person, but it is not strong",R,No,Yes,not very,"I have a vague feeling that I saw this person, but it is not strong",FALSE,FALSE,2.474435349920705,0.7847754026329345,"not very I have a vague feeling that I saw this person, but it is not strong"
151,Day,50,Female,27,White,WD2.P.LINE,White,TP,Yes,1,Target,20,13.988,No,not very,"i have a vague feeling that I saw this person, but it is not strong",R,No,Yes,not very,"I have a vague feeling that I saw this person, but it is not strong",FALSE,FALSE,2.6381998192011293,1.031325819681488,"not very I have a vague feeling that I saw this person, but it is not strong"
152,5Minute,58,Female,32,White,WC2.NP.LINE,White,TA,Yes,0,Foil,0,19.114,No,not very,I may have seen him,R,No,Yes,not very,I may have seen him,FALSE,FALSE,2.950421050843988,1.5013806197928912,not very I may have seen him
152,5Minute,58,Female,32,White,WC3.NP.LINE,White,TA,Yes,0,Foil,0,16.494,No,not very certain,I may have seen him,R,No,Yes,not very certain,I may have seen him,FALSE,FALSE,2.8029966784111635,1.2794305187352926,not very certain I may have seen him
152,5Minute,58,Female,32,White,WD1.P.LINE,White,TP,Yes,1,Target,80,8.624,No,somewhat,I am pretty sure I saw him,R,No,Yes,somewhat,I am pretty sure I saw him,FALSE,FALSE,2.1545490141666415,0.30318064746508966,somewhat I am pretty sure I saw him
152,5Minute,58,Female,32,White,WD3.P.LINE,White,TP,Yes,0,Foil,20,2.706,No,not very,I am not sure but think I saw him,R,No,Yes,not very,I am not sure but think I saw him,FALSE,FALSE,0.9954715297485963,-1.441831799,not very I am not sure but think I saw him
153,5Minute,33,Male,30,White,WC2.P.LINE,White,TP,Yes,1,Target,40,10.06,No,looks familar,feels like i saw his picture before,F,No,Yes,looks familiar,feels like I saw his picture before,FALSE,FALSE,2.3085671646715933,0.5350578025457731,looks familiar feels like I saw his picture before
153,5Minute,33,Male,30,White,WC3.P.LINE,White,TP,Yes,0,Foil,60,22.206,No,his face looks familiar,I feel like i have seen his face before,F,No,Yes,his face looks familiar,I feel like I have seen his face before,FALSE,FALSE,3.1003625226320737,1.7271202601719258,his face looks familiar I feel like I have seen his face before
153,5Minute,33,Male,30,White,WD2.NP.LINE,White,TA,Yes,0,Foil,20,8.941,No,he looks familar,he looks like i have seen him before,F,No,Yes,he looks familiar,he looks like I have seen him before,FALSE,FALSE,2.190647439753181,0.3575274903563726,he looks familiar he looks like I have seen him before
153,5Minute,33,Male,30,White,WD3.NP.LINE,White,TA,Yes,0,Foil,20,7.179,No,the person looks familiar,the person's photo looks familar so It may have been in the other ones,F,No,Yes,the person looks familiar,the person's photo looks familiar so It may have been in the other ones,FALSE,FALSE,1.971160097594346,0.027085264494330602,the person looks familiar the person's photo looks familiar so It may have been in the other ones
155,5Minute,60,Male,27,White,WD1.P.LINE,White,TP,Yes,1,Target,100,6.063,No,Almost certain,I'm almost 100% certain I seen him.,R,No,Yes,Almost certain,I'm almost 100% certain I seen him.,FALSE,TRUE,1.8022047270895936,-0.22728015,Almost certain I'm almost 100% certain I seen him.
155,5Minute,60,Male,27,White,WD2.P.LINE,White,TP,Yes,1,Target,60,22.424,No,Fairly sure,I recognize his hair and the shape of his head but his face seems different.,Omany,No,Yes,Fairly sure,I recognize his hair and the shape of his head but his face seems different.,FALSE,FALSE,3.110131813862487,1.7418281075927409,Fairly sure I recognize his hair and the shape of his head but his face seems different.
155,5Minute,60,Male,27,White,WD3.P.LINE,White,TP,Yes,1,Target,80,9.942,No,Pretty sure,I remember that guy's haircut.,O1,No,Yes,Pretty sure,I remember that guy's haircut.,FALSE,FALSE,2.2967682076724807,0.5172942560228223,Pretty sure I remember that guy's haircut.
156,5Minute,36,Female,31,White,WC1.P.LINE,White,TP,Yes,0,Foil,40,7.896,No,50/50,The eyes and nose seem familiar,FO,No,Yes,50/50,The eyes and nose seem familiar,TRUE,FALSE,2.0663563021311804,0.17040489929133668,50/50 The eyes and nose seem familiar
156,5Minute,36,Female,31,White,WC2.P.LINE,White,TP,Yes,0,Foil,80,3.655,No,Quite,The hair color and eye color,Omany,No,Yes,Quite,The hair color and eye color,FALSE,FALSE,1.2960960932017418,-0.989235996,Quite The hair color and eye color
156,5Minute,36,Female,31,White,WC3.P.LINE,White,TP,Yes,0,Foil,60,10.45,No,I'm fairly certian,"The face seems very familiar, as does the hairstyle.",FO,No,Yes,I'm fairly certain,"The face seems very familiar, as does the hairstyle.",FALSE,FALSE,2.346601978,0.5923199133746656,"I'm fairly certain The face seems very familiar, as does the hairstyle."
156,5Minute,36,Female,31,White,WD1.NP.LINE,White,TA,Yes,0,Foil,60,5.853,No,Fairly certian,The eyes and hair match up to what I can recall,Omany,No,Yes,Fairly certain,The eyes and hair match up to what I can recall,FALSE,FALSE,1.7669543503090839,-0.28035024,Fairly certain The eyes and hair match up to what I can recall
159,5Minute,38,Female,34,White,WC2.P.LINE,White,TP,Yes,0,Foil,80,3.125,No,same eyes,he looks the same,O1,No,Yes,same eyes,he looks the same,FALSE,FALSE,1.1394342831883648,-1.225093229,same eyes he looks the same
160,5Minute,56,Female,30,White,WC2.NP.LINE,White,TA,Yes,0,Foil,40,7.522,No,I am a little certain,"I recall the face shape and ears, I think this is him",Omany,No,Yes,I am a little certain,"I recall the face shape and ears, I think this is him",FALSE,FALSE,2.0178320600481445,0.097350761,"I am a little certain I recall the face shape and ears, I think this is him"
160,5Minute,56,Female,30,White,WC3.NP.LINE,White,TA,Yes,0,Foil,20,10.412,No,Not completely,I think I remember his ears,O1,No,Yes,Not completely,I think I remember his ears,FALSE,FALSE,2.342958987132319,0.5868353230788261,Not completely I think I remember his ears
160,5Minute,56,Female,30,White,WD1.P.LINE,White,TP,Yes,1,Target,100,2.778,No,Completely,I remember this face clearly as he reminds me of my husband's cousin.,U1,No,Yes,Completely,I remember this face clearly as he reminds me of my husband's cousin.,FALSE,FALSE,1.021731244332152,-1.402297316,Completely I remember this face clearly as he reminds me of my husband's cousin.
160,5Minute,56,Female,30,White,WD2.P.LINE,White,TP,Yes,1,Target,100,3.594,No,100% certain,I remember this guy and his hair clearly,O1,No,Yes,100% certain,I remember this guy and his hair clearly,TRUE,FALSE,1.2792657883613672,-1.014574329,100% certain I remember this guy and his hair clearly
160,5Minute,56,Female,30,White,WD3.P.LINE,White,TP,Yes,1,Target,40,12.504,No,A little certain,"I think this guy was in it, the others weren't and I recall a similar appearance",R,No,Yes,A little certain,"I think this guy was in it, the others weren't and I recall a similar appearance",FALSE,FALSE,2.5260485931191754,0.8624800884645175,"A little certain I think this guy was in it, the others weren't and I recall a similar appearance"
161,Day,47,Female,23,White,WC1.NP.LINE,White,TA,Yes,0,Foil,60,7.084,No,I am slightly certain.,"I said slightly certain because I believe I saw the person before, if not then he looks like a guy that was pictured.",R,No,Yes,I am slightly certain.,"I said slightly certain because I believe I saw the person before, if not then he looks like a guy that was pictured.",FALSE,FALSE,1.9578387199205871,0.007029686,"I am slightly certain. I said slightly certain because I believe I saw the person before, if not then he looks like a guy that was pictured."
161,Day,47,Female,23,White,WC3.NP.LINE,White,TA,Yes,0,Foil,20,3.702,No,I am not very certain.,I am unsure if I saw this person before.,R,No,Yes,I am not very certain.,I am unsure if I saw this person before.,FALSE,FALSE,1.3088732141513058,-0.969999806,I am not very certain. I am unsure if I saw this person before.
161,Day,47,Female,23,White,WD1.P.LINE,White,TP,Yes,1,Target,100,2.273,No,I am very certain.,I know that I saw this person in the lineup yesterday.,R,No,Yes,I am very certain.,I know that I saw this person in the lineup yesterday.,FALSE,FALSE,0.8211005448704062,-1.70435052,I am very certain. I know that I saw this person in the lineup yesterday.
161,Day,47,Female,23,White,WD2.P.LINE,White,TP,Yes,0,Foil,80,3.888,No,I am very certain.,I said I was very certain because I remember making a comment about the how the person looks attractive.,U1,No,Yes,I am very certain.,I said I was very certain because I remember making a comment about the how the person looks attractive.,FALSE,FALSE,1.3578948865981926,-0.896196777,I am very certain. I said I was very certain because I remember making a comment about the how the person looks attractive.
161,Day,47,Female,23,White,WD3.P.LINE,White,TP,Yes,1,Target,100,3.549,No,I am very certain.,I made the response above because I remember comparing his face to looking like one of an actors.,U1,No,Yes,I am very certain.,I made the response above because I remember comparing his face to looking like one of an actors.,FALSE,FALSE,1.2666658736643595,-1.033543732,I am very certain. I made the response above because I remember comparing his face to looking like one of an actors.
162,5Minute,36,Male,25,White,WC2.P.LINE,White,TP,Yes,0,Foil,0,5.256,No,uncertain,looked slightly familiar,F,No,Yes,uncertain,looked slightly familiar,FALSE,FALSE,1.6593702811823094,-0.442320032,uncertain looked slightly familiar
162,5Minute,36,Male,25,White,WD3.NP.LINE,White,TA,Yes,0,Foil,40,5.9,No,uncertain,looked slightly familiar,F,No,Yes,uncertain,looked slightly familiar,FALSE,FALSE,1.7749523509116738,-0.268309103,uncertain looked slightly familiar
163,5Minute,50,Female,39,White,WC1.P.LINE,White,TP,Yes,1,Target,60,21.182,No,Fairly sure,I think this face was in the line up but don't know for sure.,?,No,Yes,Fairly sure,I think this face was in the line up but don't know for sure.,FALSE,FALSE,3.0531517644214774,1.6560435963684403,Fairly sure I think this face was in the line up but don't know for sure.
163,5Minute,50,Female,39,White,WC2.P.LINE,White,TP,Yes,0,Foil,40,44.508,No,Somewhat sure,"I think this photo was in the lineup, but they are all starting to look the same.",R,No,Yes,Somewhat sure,"I think this photo was in the lineup, but they are all starting to look the same.",FALSE,FALSE,3.795668948295454,2.773916857609056,"Somewhat sure I think this photo was in the lineup, but they are all starting to look the same."
163,5Minute,50,Female,39,White,WC3.P.LINE,White,TP,Yes,1,Target,80,4.922,No,Fairly sure,"I think I saw this guy before, with different cloths.",R,No,Yes,Fairly sure,"I think I saw this guy before, with different cloths.",FALSE,FALSE,1.593714951968864,-0.541165336,"Fairly sure I think I saw this guy before, with different cloths."
163,5Minute,50,Female,39,White,WD1.NP.LINE,White,TA,Yes,0,Foil,60,15.324,No,fairly sure,I think he was i the line up but am not completely sure.,?,No,Yes,fairly sure,I think he was I the line up but am not completely sure.,FALSE,FALSE,2.7294202268384025,1.1686598192061162,fairly sure I think he was I the line up but am not completely sure.
164,5Minute,72,Female,37,White,WC1.P.LINE,White,TP,Yes,1,Target,80,12.068,No,mostly certain,"I remember his hairline and his jaw line, however, he has a somewhat generic look, so I'm not 100% sure",Omany,No,Yes,mostly certain,"I remember his hairline and his jaw line, however, he has a somewhat generic look, so I'm not 100% sure",FALSE,TRUE,2.490557321296815,0.8090473267193387,"mostly certain I remember his hairline and his jaw line, however, he has a somewhat generic look, so I'm not 100% sure"
164,5Minute,72,Female,37,White,WC2.P.LINE,White,TP,Yes,1,Target,100,3.947,No,Quite certain,I remember the particuolar shape of his nostrils/nose,O1,No,Yes,Quite certain,I remember the particular shape of his nostrils/nose,FALSE,FALSE,1.372955797,-0.8735223,Quite certain I remember the particular shape of his nostrils/nose
164,5Minute,72,Female,37,White,WC3.P.LINE,White,TP,Yes,1,Target,100,2.549,No,quite certain,I remember the formation of this subject's ears and the crook in his nose,Omany,No,Yes,quite certain,I remember the formation of this subject's ears and the crook in his nose,FALSE,FALSE,0.9357011253939783,-1.531817241,quite certain I remember the formation of this subject's ears and the crook in his nose
165,5Minute,62,Male,33,White,WC2.P.LINE,White,TP,Yes,0,Foil,40,7.471,No,i think i saw him,his head tilt and nose looked familiar,FO,No,Yes,I think I saw him,his head tilt and nose looked familiar,FALSE,FALSE,2.0110288589936642,0.087108417,I think I saw him his head tilt and nose looked familiar
165,5Minute,62,Male,33,White,WD1.NP.LINE,White,TA,Yes,0,Foil,80,10.506,No,pretty certain,i saw his face earlier and recognized his brow,O1,No,Yes,pretty certain,I saw his face earlier and recognized his brow,FALSE,FALSE,2.3519465225317697,0.6003662227343481,pretty certain I saw his face earlier and recognized his brow
165,5Minute,62,Male,33,White,WD3.NP.LINE,White,TA,Yes,0,Foil,60,26.848,No,fairly certain,his hair and face shape looked familiar,FO,No,Yes,fairly certain,his hair and face shape looked familiar,FALSE,FALSE,3.2901913302847956,2.012911017472678,fairly certain his hair and face shape looked familiar
166,5Minute,40,Female,25,White,WD2.NP.LINE,White,TA,Yes,0,Foil,80,3.454,No,pretty sure,i remember,R,No,Yes,pretty sure,I remember,FALSE,FALSE,1.239532979724487,-1.074392802,pretty sure I remember
167,Day,65,Female,25,White,WC1.NP.LINE,White,TA,Yes,0,Foil,60,6.327,No,somewhat uncertain,a couple of these face looked somewhat familiar because i thought they were attractive,?,No,Yes,somewhat uncertain,a couple of these face looked somewhat familiar because I thought they were attractive,FALSE,FALSE,1.8448261901647471,-0.163112754,somewhat uncertain a couple of these face looked somewhat familiar because I thought they were attractive
167,Day,65,Female,25,White,WC2.NP.LINE,White,TA,Yes,0,Foil,20,38.56,No,not really sure at all,"i remember a shirt this color, but I don't remember the face",?,No,Yes,not really sure at all,"I remember a shirt this color, but I don't remember the face",FALSE,FALSE,3.652215469742345,2.557945010237383,"not really sure at all I remember a shirt this color, but I don't remember the face"
167,Day,65,Female,25,White,WD1.P.LINE,White,TP,Yes,1,Target,80,2.624,No,certain,i remember this face and expression,?,No,Yes,certain,I remember this face and expression,FALSE,FALSE,0.9646998710818426,-1.488159096,certain I remember this face and expression
167,Day,65,Female,25,White,WD2.P.LINE,White,TP,Yes,0,Foil,20,4.587,No,somewhat certain,this face looks the most familiar out of all the face pictured above,F,No,Yes,somewhat certain,this face looks the most familiar out of all the face pictured above,FALSE,FALSE,1.523226215615035,-0.647287424,somewhat certain this face looks the most familiar out of all the face pictured above
168,5Minute,64,Male,35,White,WD2.NP.LINE,White,TA,Yes,0,Foil,60,26.597,No,semi,I think it's the same guy,R,No,Yes,semi,I think it's the same guy,FALSE,FALSE,3.280798427472403,1.998769829729894,semi I think it's the same guy
170,Day,62,Female,26,White,WC2.P.LINE,White,TP,Yes,1,Target,100,5.01,No,I'm 98% certain,I remember thinking this particular individual was cute so that's why I remembered seeing him.,R,No,Yes,I'm 98% certain,I remember thinking this particular individual was cute so that's why I remembered seeing him.,TRUE,FALSE,1.6114359150967734,-0.514486101,I'm 98% certain I remember thinking this particular individual was cute so that's why I remembered seeing him.
170,Day,62,Female,26,White,WD1.NP.LINE,White,TA,Yes,0,Foil,80,6.241,No,I'm fairly certain,I remember his eyes,O1,No,Yes,I'm fairly certain,I remember his eyes,FALSE,FALSE,1.831140425951906,-0.183716923,I'm fairly certain I remember his eyes
171,Day,69,Female,42,White,WC2.P.LINE,White,TP,Yes,1,Target,80,11.481,No,somewhat,familiar,F,No,Yes,somewhat,familiar,FALSE,FALSE,2.4406934951116748,0.7339764203401828,somewhat familiar
171,Day,69,Female,42,White,WC3.P.LINE,White,TP,Yes,1,Target,100,14.691,No,certain,I just remember,R,No,Yes,certain,I just remember,FALSE,FALSE,2.6872350613882903,1.1051492776296188,certain I just remember
172,Day,53,Male,36,White,WC1.P.LINE,White,TP,Yes,1,Target,100,4.137,No,very,jawline is familiar,FO,No,Yes,very,jawline is familiar,FALSE,FALSE,1.4199708874792742,-0.802740217,very jawline is familiar
172,Day,53,Male,36,White,WC2.P.LINE,White,TP,Yes,1,Target,80,4.677,No,remember the neck and hair,I remember a couple features,Omany,No,Yes,remember the neck and hair,I remember a couple features,FALSE,FALSE,1.5426568787437491,-0.618034204,remember the neck and hair I remember a couple features
172,Day,53,Male,36,White,WC3.P.LINE,White,TP,Yes,1,Target,60,6.026,No,somewhat,eyes and nose look familiar,FO,No,Yes,somewhat,eyes and nose look familiar,FALSE,FALSE,1.7960834407081094,-0.236495859,somewhat eyes and nose look familiar
173,Day,65,Female,34,White,WC1.NP.LINE,White,TA,Yes,0,Foil,20,7.912,No,maybe,i think it could be him,R,No,Yes,maybe,I think it could be him,FALSE,FALSE,2.068380594320411,0.17345250837086365,maybe I think it could be him
173,Day,65,Female,34,White,WC2.NP.LINE,White,TA,Yes,0,Foil,20,7.724,No,maybe,kinda loks like my brother,U1,No,Yes,maybe,kinda looks like my brother,FALSE,FALSE,2.044332364566268,0.13724745668159527,maybe kinda looks like my brother
173,Day,65,Female,34,White,WC3.NP.LINE,White,TA,Yes,0,Foil,20,5.395,No,not sure,i cant remember that face,R,No,Yes,not sure,I cant remember that face,FALSE,FALSE,1.6854725987100978,-0.403022513,not sure I cant remember that face
173,Day,65,Female,34,White,WD1.P.LINE,White,TP,Yes,1,Target,40,4.156,No,kinda sure,he feels familura,F,No,Yes,kinda sure,he feels familiar,FALSE,FALSE,1.4245530732369809,-0.795841652,kinda sure he feels familiar
173,Day,65,Female,34,White,WD2.P.LINE,White,TP,Yes,1,Target,20,6.342,No,maybe,they all look alike,?,No,Yes,maybe,they all look alike,FALSE,FALSE,1.8471941761161554,-0.159547708,maybe they all look alike
173,Day,65,Female,34,White,WD3.P.LINE,White,TP,Yes,0,Foil,40,4.507,No,maybe,the hair maybe,O1,No,Yes,maybe,the hair maybe,FALSE,FALSE,1.5056317437085112,-0.673776225,maybe the hair maybe
174,Day,66,Female,27,White,WC1.P.LINE,White,TP,Yes,0,Foil,40,9.615,No,I'm not very certain,"His facial structure looks familiar, but I can't be too sure.",FO,No,Yes,I'm not very certain,"His facial structure looks familiar, but I can't be too sure.",FALSE,FALSE,2.263324379040743,0.4669439576150779,"I'm not very certain His facial structure looks familiar, but I can't be too sure."
174,Day,66,Female,27,White,WC2.P.LINE,White,TP,Yes,1,Target,100,1.986,No,I'm very certain,I remember seeing him for sure,R,No,Yes,I'm very certain,I remember seeing him for sure,FALSE,FALSE,0.6861225656229808,-1.907562348,I'm very certain I remember seeing him for sure
174,Day,66,Female,27,White,WC3.P.LINE,White,TP,Yes,1,Target,100,2.363,No,I am very certain,I remember this guy because he looks like someone I know in real life and I made the association.,U1,No,Yes,I am very certain,I remember this guy because he looks like someone I know in real life and I made the association.,FALSE,FALSE,0.8599319982047707,-1.645889054,I am very certain I remember this guy because he looks like someone I know in real life and I made the association.
174,Day,66,Female,27,White,WD2.NP.LINE,White,TA,Yes,0,Foil,20,14.623,No,I'm not very certain,"My mind is telling me he kind of looks familiar, but I'm not very sure.",F,No,Yes,I'm not very certain,"My mind is telling me he kind of looks familiar, but I'm not very sure.",FALSE,FALSE,2.682595631629742,1.0981645308963157,"I'm not very certain My mind is telling me he kind of looks familiar, but I'm not very sure."
175,Day,51,Male,43,White,WD1.NP.LINE,White,TA,Yes,0,Foil,20,13.059,No,not certain at all,"he looks familiar, but maybe from seeing him earlier in a lineup?",F,No,Yes,not certain at all,"he looks familiar, but maybe from seeing him earlier in a lineup?",FALSE,FALSE,2.569477551,0.9278631827541095,"not certain at all he looks familiar, but maybe from seeing him earlier in a lineup?"
175,Day,51,Male,43,White,WD3.NP.LINE,White,TA,Yes,0,Foil,20,8.11,No,not certain at all,he just looks familiar to someone from the lineup yesterday,F,No,Yes,not certain at all,he just looks familiar to someone from the lineup yesterday,FALSE,FALSE,2.0930978681273213,0.21066481817270352,not certain at all he just looks familiar to someone from the lineup yesterday
176,Day,57,Female,28,White,WD1.P.LINE,White,TP,Yes,1,Target,60,1.815,No,Better than half,"I THINK I remember this guy, but only because he's attractive.",?,No,Yes,Better than half,"I THINK I remember this guy, but only because he's attractive.",TRUE,FALSE,0.596085468,-2.043114853,"Better than half I THINK I remember this guy, but only because he's attractive."
177,5Minute,61,Female,37,White,WD2.NP.LINE,White,TA,Yes,0,Foil,80,6.66,No,very certain.,This one looks familiar from the photos before.,F,No,Yes,very certain.,This one looks familiar from the photos before.,FALSE,FALSE,1.8961194845522977,-0.085889757,very certain. This one looks familiar from the photos before.
177,5Minute,61,Female,37,White,WD3.NP.LINE,White,TA,Yes,0,Foil,80,7.877,No,very certain.,I recognize this person from the photos before.,R,No,Yes,very certain.,I recognize this person from the photos before.,FALSE,FALSE,2.063947120721187,0.16677783241908145,very certain. I recognize this person from the photos before.
178,Day,38,Female,29,White,WC1.P.LINE,White,TP,Yes,0,Foil,60,13.734,No,Certain,His hair looks familiar to me,FO,No,Yes,Certain,His hair looks familiar to me,FALSE,FALSE,2.6198745101984846,1.003736730320419,Certain His hair looks familiar to me
178,Day,38,Female,29,White,WD3.NP.LINE,White,TA,Yes,0,Foil,40,21.58,No,I am kind of certain,"This person looks familiar, his blonde hair does at least",FO,No,Yes,I am kind of certain,"This person looks familiar, his blonde hair does at least",FALSE,FALSE,3.0717669598299886,1.6840691150390974,"I am kind of certain This person looks familiar, his blonde hair does at least"
179,5Minute,51,Male,33,White,WC1.NP.LINE,White,TA,Yes,0,Foil,60,16.884,No,uncertain,He looks kinda like the crazy looking guy before.,?,No,Yes,uncertain,He looks kinda like the crazy looking guy before.,FALSE,FALSE,2.8263664279202523,1.314614105951148,uncertain He looks kinda like the crazy looking guy before.
179,5Minute,51,Male,33,White,WD2.P.LINE,White,TP,Yes,1,Target,40,9.769,No,Low to mid certainty,"The guy I picked reminds me of the ""punchable"" guy from before.  Looks less punchable now.  (I do not advocate violence)",?,No,Yes,Low to mid certainty,"The guy I picked reminds me of the ""punchable"" guy from before.  Looks less punchable now.  (I do not advocate violence)",FALSE,FALSE,2.2792141066708056,0.4908662344752156,"Low to mid certainty The guy I picked reminds me of the ""punchable"" guy from before.  Looks less punchable now.  (I do not advocate violence)"
179,5Minute,51,Male,33,White,WD3.P.LINE,White,TP,Yes,1,Target,80,4.509,No,Pretty sure,He looks like Jim Carrey in Dumb and Dumber.  Mostly the hair,U1,No,Yes,Pretty sure,He looks like Jim Carrey in Dumb and Dumber.  Mostly the hair,FALSE,FALSE,1.5060753994389473,-0.673108293,Pretty sure He looks like Jim Carrey in Dumb and Dumber.  Mostly the hair
180,Day,49,Female,28,White,WC1.P.LINE,White,TP,Yes,1,Target,60,10.524,No,I am 60% certain,He reminds me of a person that I thought looked familiar.,F,No,Yes,I am 60% certain,He reminds me of a person that I thought looked familiar.,TRUE,FALSE,2.353658363178046,0.6029434302758534,I am 60% certain He reminds me of a person that I thought looked familiar.
181,Day,33,Female,30,White,WC1.NP.LINE,White,TA,Yes,0,Foil,60,4.967,No,I am sort of certain,His eyes seem familiar.,FO,No,Yes,I am sort of certain,His eyes seem familiar.,FALSE,FALSE,1.6028160361252133,-0.527463487,I am sort of certain His eyes seem familiar.
181,Day,33,Female,30,White,WD1.P.LINE,White,TP,Yes,0,Foil,80,2.367,No,I am certain,I remember this face and expression,?,No,Yes,I am certain,I remember this face and expression,FALSE,FALSE,0.8616233305318469,-1.643342722,I am certain I remember this face and expression
181,Day,33,Female,30,White,WD2.P.LINE,White,TP,Yes,0,Foil,60,4.41,No,I am fairly certain,The shape of his face is familiar.,FO,No,Yes,I am fairly certain,The shape of his face is familiar.,FALSE,FALSE,1.4838746894587547,-0.706531869,I am fairly certain The shape of his face is familiar.
182,Day,41,Female,44,White,WC1.NP.LINE,White,TA,Yes,0,Foil,80,19.854,No,little,"his face ,hairdo",?,No,Yes,little,"his face ,hairdo",FALSE,FALSE,2.988405498,1.5585669030576796,"little his face ,hairdo"
182,Day,41,Female,44,White,WC3.NP.LINE,White,TA,Yes,0,Foil,80,20.229,No,80,looks right to me,?,No,Yes,80,looks right to me,TRUE,FALSE,3.0071172184205546,1.586737741655027,80 looks right to me
182,Day,41,Female,44,White,WD2.P.LINE,White,TP,Yes,1,Target,100,3.226,No,remember,te way his hair is,O1,No,Yes,remember,the way his hair is,FALSE,FALSE,1.171242979703017,-1.177204652,remember the way his hair is
183,Day,30,Female,27,White,WC1.P.LINE,White,TP,Yes,0,Foil,60,3.065,No,about 50 percent,I remember seeing this guy,R,No,Yes,about 50 percent,I remember seeing this guy,TRUE,FALSE,1.1200475693881746,-1.254280283,about 50 percent I remember seeing this guy
183,Day,30,Female,27,White,WC2.P.LINE,White,TP,Yes,0,Foil,60,2.639,No,ABout 60 percent,He looks familiar to me,F,No,Yes,About 60 percent,He looks familiar to me,TRUE,FALSE,0.970400058,-1.479577361,About 60 percent He looks familiar to me
183,Day,30,Female,27,White,WC3.P.LINE,White,TP,Yes,0,Foil,60,7.485,No,Im pretty certain,I think i remember seeing him,R,No,Yes,I'm pretty certain,I think I remember seeing him,FALSE,FALSE,2.0129010178715916,0.089926987,I'm pretty certain I think I remember seeing him
184,Day,70,Female,30,White,WC3.NP.LINE,White,TA,Yes,0,Foil,100,15.968,No,I'm almost certain I seen him previously,His one eyebrow raised rings a bell to me,O1,No,Yes,I'm almost certain I seen him previously,His one eyebrow raised rings a bell to me,FALSE,FALSE,2.770586719569108,1.2306367302893249,I'm almost certain I seen him previously His one eyebrow raised rings a bell to me
184,Day,70,Female,30,White,WD1.P.LINE,White,TP,Yes,1,Target,60,8.236,No,I am half certain,His face looks familiar,F,No,Yes,I am half certain,His face looks familiar,TRUE,FALSE,2.108514789165543,0.2338752760228091,I am half certain His face looks familiar
184,Day,70,Female,30,White,WD2.P.LINE,White,TP,Yes,1,Target,100,4.462,No,I remember seeing his face a few times,I think I remember him by his hair sticking up,O1,No,Yes,I remember seeing his face a few times,I think I remember him by his hair sticking up,FALSE,FALSE,1.4955970960103406,-0.688883571,I remember seeing his face a few times I think I remember him by his hair sticking up
184,Day,70,Female,30,White,WD3.P.LINE,White,TP,Yes,1,Target,60,13.127,No,He looks familiar,I'm not positive but he looks familiar to me,F,No,Yes,He looks familiar,I'm not positive but he looks familiar to me,FALSE,FALSE,2.5746711778212705,0.9356822829878759,He looks familiar I'm not positive but he looks familiar to me
185,5Minute,70,Female,26,White,WC1.P.LINE,White,TP,Yes,1,Target,40,7.204,No,somewhat,He looks like the guy in the blue & white plaid shirt,U1,No,Yes,somewhat,He looks like the guy in the blue & white plaid shirt,FALSE,FALSE,1.9746364273137096,0.032318943,somewhat He looks like the guy in the blue & white plaid shirt
185,5Minute,70,Female,26,White,WD2.NP.LINE,White,TA,Yes,0,Foil,40,6.011,No,somewhat,something looks familiar,F,No,Yes,somewhat,something looks familiar,FALSE,FALSE,1.793591124057025,-0.240248087,somewhat something looks familiar
186,Day,68,Female,26,White,WC2.P.LINE,White,TP,Yes,1,Target,80,3.084,No,I am very certain,I recognized the hair cut,O1,No,Yes,I am very certain,I recognized the hair cut,FALSE,FALSE,1.1262274557010832,-1.24497635,I am very certain I recognized the hair cut
186,Day,68,Female,26,White,WC3.P.LINE,White,TP,Yes,1,Target,100,2.493,No,I am very certain,I remember his nose and eyes.,Omany,No,Yes,I am very certain,I remember his nose and eyes.,FALSE,FALSE,0.9134868045414208,-1.565261309,I am very certain I remember his nose and eyes.
186,Day,68,Female,26,White,WD2.NP.LINE,White,TA,Yes,0,Foil,40,31.797,No,I am not sure,"He looks familiar, but his facial expression is different as are his clothes",FO,No,Yes,I am not sure,"He looks familiar, but his facial expression is different as are his clothes",FALSE,FALSE,3.4593719457132277,2.267615542048064,"I am not sure He looks familiar, but his facial expression is different as are his clothes"
186,Day,68,Female,26,White,WD3.NP.LINE,White,TA,Yes,0,Foil,40,9.441,No,I am not certain,He looks familiar but I can't quite remember. I based it off of the smile in the other study.,?,No,Yes,I am not certain,He looks familiar but I can't quite remember. I based it off of the smile in the other study.,FALSE,FALSE,2.2450619067503794,0.4394494700787326,I am not certain He looks familiar but I can't quite remember. I based it off of the smile in the other study.
187,5Minute,55,Female,24,White,WC2.P.LINE,White,TP,Yes,0,Foil,40,13.502,No,Not very certain,I feel like I've seen this face before,R,No,Yes,Not very certain,I feel like I've seen this face before,FALSE,FALSE,2.6028378226196787,0.9780876841864381,Not very certain I feel like I've seen this face before
188,5Minute,62,Female,33,White,WC3.P.LINE,White,TP,Yes,1,Target,80,3.127,No,Fairly,Memory,?,No,Yes,Fairly,Memory,FALSE,FALSE,1.1400740784757042,-1.224130005,Fairly Memory
188,5Minute,62,Female,33,White,WD1.NP.LINE,White,TA,Yes,0,Foil,20,1.713,No,Not very,They all look very similar above,?,No,Yes,Not very,They all look very similar above,FALSE,FALSE,0.5382462193419829,-2.130192904,Not very They all look very similar above
188,5Minute,62,Female,33,White,WD2.NP.LINE,White,TA,Yes,0,Foil,40,2.381,No,Kinda,Blue eyes seem familiar,FO,No,Yes,Kinda,Blue eyes seem familiar,FALSE,FALSE,0.8675205675047256,-1.634464323,Kinda Blue eyes seem familiar
188,5Minute,62,Female,33,White,WD3.NP.LINE,White,TA,Yes,0,Foil,20,3.249,No,Not very,Similar looking individuals in the lineup,?,No,Yes,Not very,Similar looking individuals in the lineup,FALSE,FALSE,1.1783472566869633,-1.166509032,Not very Similar looking individuals in the lineup
189,5Minute,62,Female,34,White,WC1.P.LINE,White,TP,Yes,1,Target,20,8.554,No,unsure,facial hair might be familiar,FO,No,Yes,unsure,facial hair might be familiar,FALSE,FALSE,2.1463990098047168,0.2909106661729983,unsure facial hair might be familiar
189,5Minute,62,Female,34,White,WC2.P.LINE,White,TP,Yes,1,Target,80,9.057,No,mostly sure,same face,R,No,Yes,mostly sure,same face,FALSE,FALSE,2.2035379393928114,0.3769343743775511,mostly sure same face
189,5Minute,62,Female,34,White,WC3.P.LINE,White,TP,Yes,1,Target,40,9.27,No,a little sure,eyebrows look familiar,FO,No,Yes,a little sure,eyebrows look familiar,FALSE,FALSE,2.2267833795777636,0.4119308116222096,a little sure eyebrows look familiar
190,5Minute,69,Female,32,White,WC3.NP.LINE,White,TA,Yes,0,Foil,80,8.248,No,80,His face looks familiar,F,No,Yes,80,His face looks familiar,TRUE,FALSE,2.1099707467146587,0.23606724686066372,80 His face looks familiar
190,5Minute,69,Female,32,White,WD1.P.LINE,White,TP,Yes,1,Target,100,3.75,No,I've very certain,I recognize his face and haircut,Omany,No,Yes,I've very certain,I recognize his face and haircut,FALSE,FALSE,1.3217558399823195,-0.950604776,I've very certain I recognize his face and haircut
190,5Minute,69,Female,32,White,WD2.P.LINE,White,TP,Yes,1,Target,100,2.462,No,very certain,"look in his eyes, way he holds his mouth and haircut.",Omany,No,Yes,very certain,"look in his eyes, way he holds his mouth and haircut.",FALSE,FALSE,0.9009740277622619,-1.584099524,"very certain look in his eyes, way he holds his mouth and haircut."
190,5Minute,69,Female,32,White,WD3.P.LINE,White,TP,Yes,1,Target,80,2.845,No,pretty certain,looks like a face I saw during the videos,R,No,Yes,pretty certain,looks like a face I saw during the videos,FALSE,FALSE,1.0455630675782943,-1.366418069,pretty certain looks like a face I saw during the videos
191,5Minute,63,Male,31,White,WC1.NP.LINE,White,TA,Yes,0,Foil,40,10.012,No,50/50 if I recognize him from this study.,"He may have been included in the photos shown, but I can't be certain.",?,No,Yes,50/50 if I recognize him from this study.,"He may have been included in the photos shown, but I can't be certain.",TRUE,FALSE,2.303784373569528,0.5278572226760879,"50/50 if I recognize him from this study. He may have been included in the photos shown, but I can't be certain."
191,5Minute,63,Male,31,White,WD1.P.LINE,White,TP,Yes,1,Target,80,7.026,No,I am almost certain I saw his picture a few times.,"I remember him wearing a blue shirt, maybe like plaid but with blue colors.",?,No,Yes,I am almost certain I saw his picture a few times.,"I remember him wearing a blue shirt, maybe like plaid but with blue colors.",FALSE,FALSE,1.9496175538436353,-0.005347431,"I am almost certain I saw his picture a few times. I remember him wearing a blue shirt, maybe like plaid but with blue colors."
191,5Minute,63,Male,31,White,WD2.P.LINE,White,TP,Yes,1,Target,60,13.445,No,I think he was the first photo I was shown.,I believe I saw him earlier and was only shown his photo once or twice.,R,No,Yes,I think he was the first photo I was shown.,I believe I saw him earlier and was only shown his photo once or twice.,FALSE,FALSE,2.598607289720828,0.9717185391873285,I think he was the first photo I was shown. I believe I saw him earlier and was only shown his photo once or twice.
191,5Minute,63,Male,31,White,WD3.P.LINE,White,TP,Yes,1,Target,80,7.425,No,He looks like someone who was smiling earlier.,The haircut is familiar.,?,No,Yes,He looks like someone who was smiling earlier.,The haircut is familiar.,FALSE,FALSE,2.004852684688763,0.077810073,He looks like someone who was smiling earlier. The haircut is familiar.
192,5Minute,43,Female,25,White,WC1.NP.LINE,White,TA,Yes,0,Foil,20,4.609,No,Not very certain,He looks like one of the men with a bad tooth but I cannot tell because I cannot see his teeth,U1,No,Yes,Not very certain,He looks like one of the men with a bad tooth but I cannot tell because I cannot see his teeth,FALSE,FALSE,1.5280109137383713,-0.640083973,Not very certain He looks like one of the men with a bad tooth but I cannot tell because I cannot see his teeth
192,5Minute,43,Female,25,White,WC3.NP.LINE,White,TA,Yes,0,Foil,20,18.197,No,Not very certain,"The dark, thick eyebrows look familiar",FO,No,Yes,Not very certain,"The dark, thick eyebrows look familiar",FALSE,FALSE,2.901256745331106,1.427362854636841,"Not very certain The dark, thick eyebrows look familiar"
192,5Minute,43,Female,25,White,WD2.P.LINE,White,TP,Yes,0,Foil,40,5.003,No,Uncertain,He looks familiar but he also looks like a friend of mine so I may not recognize him from the initial lineup.,?,No,Yes,Uncertain,He looks familiar but he also looks like a friend of mine so I may not recognize him from the initial lineup.,FALSE,FALSE,1.610037732506068,-0.51659109,Uncertain He looks familiar but he also looks like a friend of mine so I may not recognize him from the initial lineup.
192,5Minute,43,Female,25,White,WD3.P.LINE,White,TP,Yes,0,Foil,20,5.765,No,Not very certain,The eyes look slightly familiar,FO,No,Yes,Not very certain,The eyes look slightly familiar,FALSE,FALSE,1.7518051537210222,-0.303157633,Not very certain The eyes look slightly familiar
193,Day,67,Female,35,White,WC1.NP.LINE,White,TA,Yes,0,Foil,80,8.309,No,Very certain.,This face seems very familiar.,F,No,Yes,Very certain.,This face seems very familiar.,FALSE,FALSE,2.1173392646828444,0.24716068603015218,Very certain. This face seems very familiar.
193,Day,67,Female,35,White,WC3.NP.LINE,White,TA,Yes,0,Foil,60,22.104,No,I am fairly certain.,I believe I did see this face but it's not as memorable as some others.,R,No,Yes,I am fairly certain.,I believe I did see this face but it's not as memorable as some others.,FALSE,FALSE,3.0957585876211153,1.7201889514331998,I am fairly certain. I believe I did see this face but it's not as memorable as some others.
193,Day,67,Female,35,White,WD2.P.LINE,White,TP,Yes,0,Foil,80,13.398,No,I am a good amount certain.,This face seems familiar.,F,No,Yes,I am a good amount certain.,This face seems familiar.,FALSE,FALSE,2.595105442086076,0.966446443,I am a good amount certain. This face seems familiar.
193,Day,67,Female,35,White,WD3.P.LINE,White,TP,Yes,0,Foil,60,11.254,No,Pretty certain I saw this face.,This face seems to ring a bell.,R,No,Yes,Pretty certain I saw this face.,This face seems to ring a bell.,FALSE,FALSE,2.420723621011087,0.703911408,Pretty certain I saw this face. This face seems to ring a bell.
195,Day,54,Male,25,White,WC1.P.LINE,White,TP,Yes,1,Target,40,4.142,No,Not certain,Just a hunch,?,No,Yes,Not certain,Just a hunch,FALSE,FALSE,1.4211787629733925,-0.800921739,Not certain Just a hunch
195,Day,54,Male,25,White,WC2.P.LINE,White,TP,Yes,0,Foil,40,26.252,No,Not sure,The hairstyle is unique in the groups so far.,O1,No,Yes,Not sure,The hairstyle is unique in the groups so far.,FALSE,FALSE,3.2677421766114763,1.9791134042000074,Not sure The hairstyle is unique in the groups so far.
195,Day,54,Male,25,White,WD2.NP.LINE,White,TA,Yes,0,Foil,40,2.978,No,Unsure,The look on his face.,?,No,Yes,Unsure,The look on his face.,FALSE,FALSE,1.0912519342618172,-1.29763264,Unsure The look on his face.
196,Day,64,Female,33,White,WC1.NP.LINE,White,TA,Yes,0,Foil,60,17.422,No,"I would say I'm about 50/50 on this one.  I could be wrong, but he definitely has a unique look and seems familiar.","Shape of the face and the build, eyes and thick eyebrows seem familiar.",FO,No,Yes,"I would say I'm about 50/50 on this one.  I could be wrong, but he definitely has a unique look and seems familiar.","Shape of the face and the build, eyes and thick eyebrows seem familiar.",TRUE,FALSE,2.8577337753967003,1.3618382238321907,"I would say I'm about 50/50 on this one.  I could be wrong, but he definitely has a unique look and seems familiar. Shape of the face and the build, eyes and thick eyebrows seem familiar."
196,Day,64,Female,33,White,WC3.NP.LINE,White,TA,Yes,0,Foil,20,24.605,No,"I'm much less certain about this one, but the face in the middle top is vaguely familiar.",Something about the shape of his eyes makes this face feel familiar but I am not certain at all.,FO,No,Yes,"I'm much less certain about this one, but the face in the middle top is vaguely familiar.",Something about the shape of his eyes makes this face feel familiar but I am not certain at all.,FALSE,FALSE,3.2029496743179418,1.8815671016822375,"I'm much less certain about this one, but the face in the middle top is vaguely familiar. Something about the shape of his eyes makes this face feel familiar but I am not certain at all."
196,Day,64,Female,33,White,WD1.P.LINE,White,TP,Yes,1,Target,100,7.583,No,"I'm almost 100% certain on this one, though the expression on his face is different and he's wearing different clothes, but I definitely remember this face.","It's the eyes, the hair, and he has a fairly similar demeanor in this pic as in the first one.  I remember thinking he looked like a frat boy in the first image (sorry, judgmental, I know).",OU,No,Yes,"I'm almost 100% certain on this one, though the expression on his face is different and he's wearing different clothes, but I definitely remember this face.","It's the eyes, the hair, and he has a fairly similar demeanor in this pic as in the first one.  I remember thinking he looked like a frat boy in the first image (sorry, judgmental, I know).",TRUE,FALSE,2.0259088997187984,0.10951059189290335,"I'm almost 100% certain on this one, though the expression on his face is different and he's wearing different clothes, but I definitely remember this face. It's the eyes, the hair, and he has a fairly similar demeanor in this pic as in the first one.  I remember thinking he looked like a frat boy in the first image (sorry, judgmental, I know)."
196,Day,64,Female,33,White,WD2.P.LINE,White,TP,Yes,1,Target,40,13.956,No,"About 40%, as he looks very familiar, but there is something different enough that I feel I could be wrong.",The particular combination of the shape of his mouth and orientation and shape of the eyes.,FO,No,Yes,"About 40%, as he looks very familiar, but there is something different enough that I feel I could be wrong.",The particular combination of the shape of his mouth and orientation and shape of the eyes.,TRUE,FALSE,2.6359095233245275,1.0278777371638217,"About 40%, as he looks very familiar, but there is something different enough that I feel I could be wrong. The particular combination of the shape of his mouth and orientation and shape of the eyes."
196,Day,64,Female,33,White,WD3.P.LINE,White,TP,Yes,1,Target,100,5.202,No,I made this decision very quickly.  I am almost 100% certain I saw his face yesterday.,"The hair cut is unique, skin tone matches, shape of face and set of the eyes are all familiar.",FO,No,Yes,I made this decision very quickly.  I am almost 100% certain I saw his face yesterday.,"The hair cut is unique, skin tone matches, shape of face and set of the eyes are all familiar.",TRUE,FALSE,1.6490431670264598,-0.457867692,"I made this decision very quickly.  I am almost 100% certain I saw his face yesterday. The hair cut is unique, skin tone matches, shape of face and set of the eyes are all familiar."
197,Day,63,Female,39,White,WC3.P.LINE,White,TP,Yes,0,Foil,20,14.965,No,a little,"he looks familiar, but I am not sure",F,No,Yes,a little,"he looks familiar, but I am not sure",FALSE,FALSE,2.705714141304662,1.1329698719262575,"a little he looks familiar, but I am not sure"
197,Day,63,Female,39,White,WD2.NP.LINE,White,TA,Yes,0,Foil,40,4.592,No,somewhat,I think he looks familiar from yesterday but am not sure,F,No,Yes,somewhat,I think he looks familiar from yesterday but am not sure,FALSE,FALSE,1.5243156590172653,-0.645647247,somewhat I think he looks familiar from yesterday but am not sure
198,Day,65,Female,38,White,WC1.NP.LINE,White,TA,Yes,0,Foil,40,16.819,No,somewhat,pretty sure i remember this person,R,No,Yes,somewhat,pretty sure I remember this person,FALSE,FALSE,2.8225091997452956,1.3088069780719096,somewhat pretty sure I remember this person
198,Day,65,Female,38,White,WC3.NP.LINE,White,TA,Yes,0,Foil,20,8.512,No,a little,i only recognized the hair,O1,No,Yes,a little,I only recognized the hair,FALSE,FALSE,2.141476932599289,0.2835003885158503,a little I only recognized the hair
198,Day,65,Female,38,White,WD1.P.LINE,White,TP,Yes,1,Target,100,5.843,No,completely,i remember this person,R,No,Yes,completely,I remember this person,FALSE,FALSE,1.765244364,-0.282924656,completely I remember this person
199,Day,63,Female,34,White,WC1.NP.LINE,White,TA,Yes,0,Foil,100,13.87,No,Certain,He looks familiar,F,No,Yes,Certain,He looks familiar,FALSE,FALSE,2.6297282343267403,1.0185716930200677,Certain He looks familiar
199,Day,63,Female,34,White,WD1.P.LINE,White,TP,Yes,1,Target,100,3.894,No,Certain,He looks familiar,F,No,Yes,Certain,He looks familiar,FALSE,FALSE,1.359436906950008,-0.893875237,Certain He looks familiar
199,Day,63,Female,34,White,WD2.P.LINE,White,TP,Yes,0,Foil,80,16.914,No,Fairly certain,He looks familiar,F,No,Yes,Fairly certain,He looks familiar,FALSE,FALSE,2.8281416813600306,1.3172867826182384,Fairly certain He looks familiar
200,Day,60,Female,40,White,WD1.P.LINE,White,TP,Yes,1,Target,100,2.127,No,I'm 100% certain I saw this face yesterday,I specifically remember seeing this person's face,R,No,Yes,I'm 100% certain I saw this face yesterday,I specifically remember seeing this person's face,TRUE,FALSE,0.7547125362181001,-1.804298887,I'm 100% certain I saw this face yesterday I specifically remember seeing this person's face
201,5Minute,58,Female,38,White,WC2.P.LINE,White,TP,Yes,0,Foil,20,4.685,No,Pretty unsure,Seems familiar,F,No,Yes,Pretty unsure,Seems familiar,FALSE,FALSE,1.5443659156903855,-0.615461217,Pretty unsure Seems familiar
201,5Minute,58,Female,38,White,WD2.NP.LINE,White,TA,Yes,0,Foil,60,3.283,No,Somewhat certain,Seems vaguely similar,R,No,Yes,Somewhat certain,Seems vaguely similar,FALSE,FALSE,1.1887576385194556,-1.150836011,Somewhat certain Seems vaguely similar
201,5Minute,58,Female,38,White,WD3.NP.LINE,White,TA,Yes,0,Foil,40,4.656,No,Fairly sure,His eyes look familiar,FO,No,Yes,Fairly sure,His eyes look familiar,FALSE,FALSE,1.5381567104291367,-0.62480929,Fairly sure His eyes look familiar
202,Day,64,Female,29,White,WC3.NP.LINE,White,TA,Yes,0,Foil,80,5.747,No,I am fairly certain I recall seeing this face before.,I remember the certain positioning of his head.,O1,No,Yes,I am fairly certain I recall seeing this face before.,I remember the certain positioning of his head.,FALSE,FALSE,1.7486779795256044,-0.307865652,I am fairly certain I recall seeing this face before. I remember the certain positioning of his head.
202,Day,64,Female,29,White,WD1.P.LINE,White,TP,Yes,1,Target,60,5.745,No,I am pretty sure I saw this guy before.,Because I think I remember seeing his eye color prior.,O1,No,Yes,I am pretty sure I saw this guy before.,Because I think I remember seeing his eye color prior.,FALSE,FALSE,1.7483299113007191,-0.308389675,I am pretty sure I saw this guy before. Because I think I remember seeing his eye color prior.
202,Day,64,Female,29,White,WD2.P.LINE,White,TP,Yes,1,Target,80,3.412,No,I am pretty sure I remember this guy.,I remember him because he looks like the actor from Blast from the Past.,U1,No,Yes,I am pretty sure I remember this guy.,I remember him because he looks like the actor from Blast from the Past.,FALSE,FALSE,1.2272986296294326,-1.092811841,I am pretty sure I remember this guy. I remember him because he looks like the actor from Blast from the Past.
204,Day,52,Male,40,White,WC3.P.LINE,White,TP,Yes,0,Foil,20,13.463,No,Not very sure at all,"I think I remember him, but honestly I am not certain",R,No,Yes,Not very sure at all,"I think I remember him, but honestly I am not certain",FALSE,FALSE,2.599945181997098,0.9737327605879151,"Not very sure at all I think I remember him, but honestly I am not certain"
204,Day,52,Male,40,White,WD1.NP.LINE,White,TA,Yes,0,Foil,40,16.158,No,"Rough, but not sure at all","I think he was one of them, but it is difficult to remember for sure.",?,No,Yes,"Rough, but not sure at all","I think he was one of them, but it is difficult to remember for sure.",FALSE,FALSE,2.782415283057517,1.2484448499258172,"Rough, but not sure at all I think he was one of them, but it is difficult to remember for sure."
204,Day,52,Male,40,White,WD2.NP.LINE,White,TA,Yes,0,Foil,20,25.8,No,Not very certain at all,"I think it may be him, but very unsure on it",?,No,Yes,Not very certain at all,"I think it may be him, but very unsure on it",FALSE,FALSE,3.250374491927572,1.9529660358434926,"Not very certain at all I think it may be him, but very unsure on it"
204,Day,52,Male,40,White,WD3.NP.LINE,White,TA,Yes,0,Foil,40,8.028,No,Not very sure,I think I remember him but it is possible I am mistaken,?,No,Yes,Not very sure,I think I remember him but it is possible I am mistaken,FALSE,FALSE,2.082935430934092,0.19536508228231314,Not very sure I think I remember him but it is possible I am mistaken
205,5Minute,55,Female,40,White,WC3.NP.LINE,White,TA,Yes,0,Foil,60,33.506,No,I am not very certain I am correct.,I believe his hair and facial features are the same as one that I had seen.,Omany,No,Yes,I am not very certain I am correct.,I believe his hair and facial features are the same as one that I had seen.,FALSE,FALSE,3.5117245272713404,2.3464333153626082,I am not very certain I am correct. I believe his hair and facial features are the same as one that I had seen.
205,5Minute,55,Female,40,White,WD1.P.LINE,White,TP,Yes,1,Target,100,1.63,No,I am very certain this man was present before.,He looks exactly like one of the men. I noticed him right away.,R,No,Yes,I am very certain this man was present before.,He looks exactly like one of the men. I noticed him right away.,FALSE,FALSE,0.4885800148186709,-2.204966287,I am very certain this man was present before. He looks exactly like one of the men. I noticed him right away.
205,5Minute,55,Female,40,White,WD2.P.LINE,White,TP,Yes,1,Target,60,26.693,No,I am kinds iffy on this one.,This man and the 3rd man look kinda familiar.,F,No,Yes,I am kinds iffy on this one.,This man and the third man look kinda familiar.,FALSE,FALSE,3.2844013587483984,2.004194108956011,I am kinds iffy on this one. This man and the third man look kinda familiar.
205,5Minute,55,Female,40,White,WD3.P.LINE,White,TP,Yes,1,Target,100,2.55,No,I am very certain of this man.,I made a mental note of his hair and eyes.,Omany,No,Yes,I am very certain of this man.,I made a mental note of his hair and eyes.,FALSE,FALSE,0.9360933591703348,-1.531226726,I am very certain of this man. I made a mental note of his hair and eyes.
206,5Minute,62,Female,37,White,WC3.NP.LINE,White,TA,Yes,0,Foil,60,7.715,No,60,His eyebrows look familiar to me.,FO,No,Yes,60,His eyebrows look familiar to me.,TRUE,FALSE,2.043166485815124,0.135492205,60 His eyebrows look familiar to me.
206,5Minute,62,Female,37,White,WD2.P.LINE,White,TP,Yes,1,Target,80,6.638,No,75,I recognize his eyes and haircut/color,Omany,No,Yes,75,I recognize his eyes and haircut/color,TRUE,FALSE,1.892810713297783,-0.090871173,75 I recognize his eyes and haircut/color
206,5Minute,62,Female,37,White,WD3.P.LINE,White,TP,Yes,1,Target,40,6.664,No,40,His haircut looks familiar to me.,FO,No,Yes,40,His haircut looks familiar to me.,TRUE,FALSE,1.8967199048645416,-0.084985813,40 His haircut looks familiar to me.
207,5Minute,65,Male,23,White,WC1.NP.LINE,White,TA,Yes,0,Foil,20,13.525,No,Not certain,Looks are conceiving,?,No,Yes,Not certain,Looks are conceiving,FALSE,FALSE,2.6045398247325453,0.9806500796351494,Not certain Looks are conceiving
207,5Minute,65,Male,23,White,WD1.P.LINE,White,TP,Yes,1,Target,100,9.309,No,Fairly certain,Remember Eyes,O1,No,Yes,Fairly certain,Remember Eyes,FALSE,FALSE,2.2309816741343527,0.418251421,Fairly certain Remember Eyes
207,5Minute,65,Male,23,White,WD2.P.LINE,White,TP,Yes,0,Foil,20,19.283,No,Not terribly certain,Looks like the man from previous slide,R,No,Yes,Not terribly certain,Looks like the man from previous slide,FALSE,FALSE,2.959223878737468,1.5146334389048786,Not terribly certain Looks like the man from previous slide
207,5Minute,65,Male,23,White,WD3.P.LINE,White,TP,Yes,0,Foil,80,15.873,No,Fairly certain,Remember eyes,O1,No,Yes,Fairly certain,Remember eyes,FALSE,FALSE,2.7646195525901045,1.2216530507785242,Fairly certain Remember eyes
208,5Minute,65,Female,34,White,WD1.P.LINE,White,TP,Yes,1,Target,40,4.849,No,pretty certain,The guy had light eyes and great eyebrows,Omany,No,Yes,pretty certain,The guy had light eyes and great eyebrows,FALSE,FALSE,1.5787724981232152,-0.563661475,pretty certain The guy had light eyes and great eyebrows
208,5Minute,65,Female,34,White,WD2.P.LINE,White,TP,Yes,1,Target,20,4.29,No,not very certain,he looks familiar,F,No,Yes,not very certain,he looks familiar,FALSE,FALSE,1.4562867329399256,-0.748066045,not very certain he looks familiar
208,5Minute,65,Female,34,White,WD3.P.LINE,White,TP,Yes,1,Target,100,1.764,No,very certain,He had a distinctive haircut,O1,No,Yes,very certain,He had a distinctive haircut,FALSE,FALSE,0.5675839575845996,-2.0860244,very certain He had a distinctive haircut
209,Day,56,Male,42,White,WC2.NP.LINE,White,TA,Yes,0,Foil,40,14.244,No,about 50 % certain,the face has a distinctive jawline that I think I remember,O1,No,Yes,about 50 % certain,the face has a distinctive jawline that I think I remember,TRUE,FALSE,2.6563357654155313,1.0586298198860393,about 50 % certain the face has a distinctive jawline that I think I remember
209,Day,56,Male,42,White,WD1.P.LINE,White,TP,Yes,1,Target,80,15.484,No,I'm about 80% confident,"the eyes, jawline, and face are recognizable",Omany,No,Yes,I'm about 80% confident,"the eyes, jawline, and face are recognizable",TRUE,FALSE,2.7398072327154015,1.1842976473755138,"I'm about 80% confident the eyes, jawline, and face are recognizable"
209,Day,56,Male,42,White,WD2.P.LINE,White,TP,Yes,1,Target,60,8.166,No,I'm about 75% certain,the person looks a little startled and I think I recall his face because of that,O1,No,Yes,I'm about 75% certain,the person looks a little startled and I think I recall his face because of that,TRUE,FALSE,2.099979192897384,0.22102477903210294,I'm about 75% certain the person looks a little startled and I think I recall his face because of that
210,5Minute,67,Female,28,White,WC1.P.LINE,White,TP,Yes,0,Foil,20,14.631,No,not very certain,im very unsure,?,No,Yes,not very certain,I'm very unsure,FALSE,FALSE,2.6831425653960252,1.098987949729275,not very certain I'm very unsure
210,5Minute,67,Female,28,White,WC2.P.LINE,White,TP,Yes,0,Foil,80,4.386,No,very certain,i remember his hair,O1,No,Yes,very certain,I remember his hair,FALSE,FALSE,1.4784176499956965,-0.714747543,very certain I remember his hair
210,5Minute,67,Female,28,White,WC3.P.LINE,White,TP,Yes,0,Foil,60,6.825,No,i'm about half certain,he looks familiar,F,No,Yes,I'm about half certain,he looks familiar,TRUE,FALSE,1.9205923410710235,-0.049045422,I'm about half certain he looks familiar
210,5Minute,67,Female,28,White,WD2.NP.LINE,White,TA,Yes,0,Foil,20,8.795,No,not very,i think i remember his nose,O1,No,Yes,not very,I think I remember his nose,FALSE,FALSE,2.1741833781895217,0.3327405432080113,not very I think I remember his nose
210,5Minute,67,Female,28,White,WD3.NP.LINE,White,TA,Yes,0,Foil,60,9.924,No,im kind of certain,he looks very familiar,F,No,Yes,I'm kind of certain,he looks very familiar,FALSE,FALSE,2.2949560658295547,0.5145660431871095,I'm kind of certain he looks very familiar
211,Day,70,Female,37,White,WC1.P.LINE,White,TP,Yes,1,Target,80,18.235,No,I am certain I saw this face yesterday.,Eyes and facial hair stand out to me on this face.,Omany,No,Yes,I am certain I saw this face yesterday.,Eyes and facial hair stand out to me on this face.,FALSE,FALSE,2.9033428242606436,1.4305034847889961,I am certain I saw this face yesterday. Eyes and facial hair stand out to me on this face.
211,Day,70,Female,37,White,WC2.P.LINE,White,TP,Yes,1,Target,80,47.464,No,I am fairly certain I saw this man yesterday.,"I remember his thick eyebrows, and his eyes from yesterday.",Omany,No,Yes,I am fairly certain I saw this man yesterday.,"I remember his thick eyebrows, and his eyes from yesterday.",FALSE,FALSE,3.859971528956342,2.8707255741084365,"I am fairly certain I saw this man yesterday. I remember his thick eyebrows, and his eyes from yesterday."
211,Day,70,Female,37,White,WC3.P.LINE,White,TP,Yes,1,Target,20,41.163,No,I am not certain on this one.,He just has a familiarity to him.,F,No,Yes,I am not certain on this one.,He just has a familiarity to him.,FALSE,FALSE,3.7175397946071476,2.6562919814064063,I am not certain on this one. He just has a familiarity to him.
211,Day,70,Female,37,White,WD2.NP.LINE,White,TA,Yes,0,Foil,20,49.784,No,I am not certain on this one. I just feel he looks familiar.,I have a feeling I've seen him before.,F,No,Yes,I am not certain on this one. I just feel he looks familiar.,I have a feeling I've seen him before.,FALSE,FALSE,3.9076936472669166,2.942572099936729,I am not certain on this one. I just feel he looks familiar. I have a feeling I've seen him before.
212,5Minute,56,Male,44,White,WC1.NP.LINE,White,TA,Yes,0,Foil,40,24.3,No,Not Very Sure.,"Feel like I recognize this expression, but I cannot be certain.",O1,No,Yes,Not Very Sure.,"Feel like I recognize this expression, but I cannot be certain.",FALSE,FALSE,3.190476350346503,1.862788283293531,"Not Very Sure. Feel like I recognize this expression, but I cannot be certain."
212,5Minute,56,Male,44,White,WC3.NP.LINE,White,TA,Yes,0,Foil,40,16.037,No,Maybe half certain.,"There is nothing specific, other than I feel like I recognize the face",R,No,Yes,Maybe half certain.,"There is nothing specific, other than I feel like I recognize the face",TRUE,FALSE,2.774898552526672,1.2371282740204053,"Maybe half certain. There is nothing specific, other than I feel like I recognize the face"
212,5Minute,56,Male,44,White,WD1.P.LINE,White,TP,Yes,1,Target,80,5.002,No,Pretty Certain.,The Eyes,O1,No,Yes,Pretty Certain.,The Eyes,FALSE,FALSE,1.6098378324554272,-0.516892044,Pretty Certain. The Eyes
212,5Minute,56,Male,44,White,WD2.P.LINE,White,TP,Yes,0,Foil,20,6.131,No,Not really very certain.,"The face rings a bell, I think.",O1,No,Yes,Not really very certain.,"The face rings a bell, I think.",FALSE,FALSE,1.813357868780551,-0.21048889,"Not really very certain. The face rings a bell, I think."
212,5Minute,56,Male,44,White,WD3.P.LINE,White,TP,Yes,1,Target,100,5.686,No,Definitely 100% Certain.,The hair pattern against the forehead.,O1,No,Yes,Definitely 100% Certain.,The hair pattern against the forehead.,TRUE,FALSE,1.7380070132288081,-0.323930987,Definitely 100% Certain. The hair pattern against the forehead.
213,Day,71,Female,25,White,WC1.P.LINE,White,TP,Yes,1,Target,40,5.617,No,Somewhat certain.,I feel like this guy's face looks familiar.,F,No,Yes,Somewhat certain.,I feel like this guy's face looks familiar.,FALSE,FALSE,1.7257977135502958,-0.342312312,Somewhat certain. I feel like this guy's face looks familiar.
214,Day,62,Female,40,White,WC1.P.LINE,White,TP,Yes,0,Foil,0,15.276,No,not certain,The hair and weird head shape look familiar,FO,No,Yes,not certain,The hair and weird head shape look familiar,FALSE,FALSE,2.726282969,1.163936620442176,not certain The hair and weird head shape look familiar
214,Day,62,Female,40,White,WC2.P.LINE,White,TP,Yes,1,Target,80,6.102,No,I am fairly sure,The person looks like one I saw,R,No,Yes,I am fairly sure,The person looks like one I saw,FALSE,FALSE,1.8086165862944779,-0.217626978,I am fairly sure The person looks like one I saw
214,Day,62,Female,40,White,WC3.P.LINE,White,TP,Yes,0,Foil,0,14.908,No,Not certain,The nose looks familiar,FO,No,Yes,Not certain,The nose looks familiar,FALSE,FALSE,2.701897981617012,1.1272245734091357,Not certain The nose looks familiar
214,Day,62,Female,40,White,WD1.NP.LINE,White,TA,Yes,0,Foil,0,9.171,No,not certain,the weird eyes look familiar,FO,No,Yes,not certain,the weird eyes look familiar,FALSE,FALSE,2.216046331576807,0.39576598860450596,not certain the weird eyes look familiar
214,Day,62,Female,40,White,WD2.NP.LINE,White,TA,Yes,0,Foil,0,16.861,No,not certain,The chin looks familiar,FO,No,Yes,not certain,The chin looks familiar,FALSE,FALSE,2.8250032627958435,1.312561835813396,not certain The chin looks familiar
216,5Minute,48,Male,36,White,WC1.P.LINE,White,TP,Yes,0,Foil,20,6.079,No,It might be a guy I saw,He looks kind of like one in the lineup,R,No,Yes,It might be a guy I saw,He looks kind of like one in the lineup,FALSE,FALSE,1.8048402087665854,-0.223312384,It might be a guy I saw He looks kind of like one in the lineup
216,5Minute,48,Male,36,White,WD3.NP.LINE,White,TA,Yes,0,Foil,20,6.883,No,Not too certain,I thought I saw this guy,R,No,Yes,Not too certain,I thought I saw this guy,FALSE,FALSE,1.9290546034162273,-0.036305331,Not too certain I thought I saw this guy
217,Day,57,Male,21,White,WC1.NP.LINE,White,TA,Yes,0,Foil,60,11.893,No,Maybe like fifty percent certain.,I remember a face with hair and facial hair like this.,Omany,No,Yes,Maybe like fifty percent certain.,I remember a face with hair and facial hair like this.,TRUE,FALSE,2.475949991745108,0.7870557237253342,Maybe like fifty percent certain. I remember a face with hair and facial hair like this.
217,Day,57,Male,21,White,WC2.NP.LINE,White,TA,Yes,0,Foil,20,9.113,No,I'm not very certain.,I'm not for sure but I think I have seen his eyes before.,O1,No,Yes,I'm not very certain.,I'm not for sure but I think I have seen his eyes before.,FALSE,FALSE,2.2097019655139896,0.3862144289434307,I'm not very certain. I'm not for sure but I think I have seen his eyes before.
218,Day,68,Female,31,White,WC1.P.LINE,White,TP,Yes,0,Foil,60,7.196,No,I am confident with my response.,I remember the ears and facial hair.,Omany,No,Yes,I am confident with my response.,I remember the ears and facial hair.,FALSE,FALSE,1.9735253160882866,0.030646144388817766,I am confident with my response. I remember the ears and facial hair.
218,Day,68,Female,31,White,WC2.P.LINE,White,TP,Yes,1,Target,100,7.211,No,I am very confident I saw this individual.,I remembered this persons nose because it reminded me of someone I know nose.,OU,No,Yes,I am very confident I saw this individual.,I remembered this persons nose because it reminded me of someone I know nose.,FALSE,FALSE,1.9756076379346226,0.033781118,I am very confident I saw this individual. I remembered this persons nose because it reminded me of someone I know nose.
218,Day,68,Female,31,White,WD2.NP.LINE,White,TA,Yes,0,Foil,60,7.347,No,I am confident with my response.,I remembered this persons ears and nose.,Omany,No,Yes,I am confident with my response.,I remembered this persons ears and nose.,FALSE,FALSE,1.9942920666381405,0.061910869,I am confident with my response. I remembered this persons ears and nose.
218,Day,68,Female,31,White,WD3.NP.LINE,White,TA,Yes,0,Foil,80,7.585,No,I am fairly confident I have seen this person before.,I remember this persons hair style and eyebrows.,Omany,No,Yes,I am fairly confident I have seen this person before.,I remember this persons hair style and eyebrows.,FALSE,FALSE,2.0261726128004955,0.10990761678211944,I am fairly confident I have seen this person before. I remember this persons hair style and eyebrows.
219,Day,56,Male,32,White,WC3.P.LINE,White,TP,Yes,0,Foil,40,15.002,No,Moderately certain I've seen that face before.,Haircut and facial features look familiar.,FO,No,Yes,Moderately certain I've seen that face before.,Haircut and facial features look familiar.,FALSE,FALSE,2.7081835255474447,1.136687575269274,Moderately certain I've seen that face before. Haircut and facial features look familiar.
219,Day,56,Male,32,White,WD2.NP.LINE,White,TA,Yes,0,Foil,60,40.751,No,Fairly certain,The facial structure looks familiar,FO,No,Yes,Fairly certain,The facial structure looks familiar,FALSE,FALSE,3.7074803792630746,2.641147346802554,Fairly certain The facial structure looks familiar
220,Day,46,Male,27,White,WC1.P.LINE,White,TP,Yes,0,Foil,80,11.46,No,i am very sure,his eyes and hair I clearly remember seeing,Omany,No,Yes,I am very sure,his eyes and hair I clearly remember seeing,FALSE,FALSE,2.4388627112865935,0.7312201416578601,I am very sure his eyes and hair I clearly remember seeing
220,Day,46,Male,27,White,WC3.P.LINE,White,TP,Yes,0,Foil,20,10.755,No,not so much,there was a gentlemen who like similar but not sure if that is him,?,No,Yes,not so much,there was a gentlemen who like similar but not sure if that is him,FALSE,FALSE,2.3753707627196934,0.6356318466682476,not so much there was a gentlemen who like similar but not sure if that is him
220,Day,46,Male,27,White,WD3.NP.LINE,White,TA,Yes,0,Foil,40,14.735,No,Not very sure,his hair looks different but the face seems familiar,FO,No,Yes,Not very sure,his hair looks different but the face seems familiar,FALSE,FALSE,2.690225616189658,1.1096516128231044,Not very sure his hair looks different but the face seems familiar
221,5Minute,47,Male,33,White,WC1.P.LINE,White,TP,Yes,1,Target,100,4.663,No,absolutely sure,"The skin, hair, eyes and mouth i remember",Omany,No,Yes,absolutely sure,"The skin, hair, eyes and mouth I remember",FALSE,FALSE,1.539659017826184,-0.622547538,"absolutely sure The skin, hair, eyes and mouth I remember"
221,5Minute,47,Male,33,White,WC2.P.LINE,White,TP,Yes,0,Foil,80,12.926,No,Fairly sure,I recognize the neck and mouth.,Omany,No,Yes,Fairly sure,I recognize the neck and mouth.,FALSE,FALSE,2.5592407868407037,0.9124515458921111,Fairly sure I recognize the neck and mouth.
221,5Minute,47,Male,33,White,WD3.NP.LINE,White,TA,Yes,0,Foil,60,4.415,No,fairly certain,The hair and eyes and shape of head seem familiar,FO,No,Yes,fairly certain,The hair and eyes and shape of head seem familiar,FALSE,FALSE,1.4850078340559234,-0.704825899,fairly certain The hair and eyes and shape of head seem familiar
222,5Minute,62,Female,36,White,WD1.P.LINE,White,TP,Yes,1,Target,100,2.844,No,Sure,I remember him,R,No,Yes,Sure,I remember him,FALSE,FALSE,1.0452115119409944,-1.366947342,Sure I remember him
222,5Minute,62,Female,36,White,WD2.P.LINE,White,TP,Yes,1,Target,100,1.99,No,Certain,He was in the lineup,R,No,Yes,Certain,He was in the lineup,FALSE,FALSE,0.688134639,-1.904533135,Certain He was in the lineup
222,5Minute,62,Female,36,White,WD3.P.LINE,White,TP,Yes,1,Target,80,4.705,No,Fairly certain,I have seen this guy before,R,No,Yes,Fairly certain,I have seen this guy before,FALSE,FALSE,1.548625773037343,-0.609047924,Fairly certain I have seen this guy before
223,5Minute,68,Female,35,White,WC1.P.LINE,White,TP,Yes,0,Foil,80,6.274,No,I am fairly certain,I remember his eyes,O1,No,Yes,I am fairly certain,I remember his eyes,FALSE,FALSE,1.8364141097684865,-0.175777296,I am fairly certain I remember his eyes
223,5Minute,68,Female,35,White,WC3.P.LINE,White,TP,Yes,1,Target,80,12.306,No,fairly certain,I remember his eyes and nose,Omany,No,Yes,fairly certain,I remember his eyes and nose,FALSE,FALSE,2.5100869483182984,0.8384495389825151,fairly certain I remember his eyes and nose
223,5Minute,68,Female,35,White,WD1.NP.LINE,White,TA,Yes,0,Foil,40,9.988,No,I think I saw him before,His hair looks familiar,FO,No,Yes,I think I saw him before,His hair looks familiar,FALSE,FALSE,2.3013843724175267,0.5242439768508919,I think I saw him before His hair looks familiar
223,5Minute,68,Female,35,White,WD2.NP.LINE,White,TA,Yes,0,Foil,80,5.162,No,Pretty sure,I remember his hair,O1,No,Yes,Pretty sure,I remember his hair,FALSE,FALSE,1.6413241012964221,-0.469488887,Pretty sure I remember his hair
224,5Minute,50,Female,25,White,WC2.P.LINE,White,TP,Yes,1,Target,20,4.621,No,I vaguely remember seeing this face.,"I only chose this face because it looks familiar, but I feel I could be wrong.",F,No,Yes,I vaguely remember seeing this face.,"I only chose this face because it looks familiar, but I feel I could be wrong.",FALSE,FALSE,1.5306111318881295,-0.636169297,"I vaguely remember seeing this face. I only chose this face because it looks familiar, but I feel I could be wrong."
224,5Minute,50,Female,25,White,WC3.P.LINE,White,TP,Yes,0,Foil,60,1.584,No,This face looks familiar to me.,"When I looked over the different faces, I recognized that face, whereas I don't recognize the other faces.",F,No,Yes,This face looks familiar to me.,"When I looked over the different faces, I recognized that face, whereas I don't recognize the other faces.",FALSE,FALSE,0.4599532933922342,-2.248064342,"This face looks familiar to me. When I looked over the different faces, I recognized that face, whereas I don't recognize the other faces."
224,5Minute,50,Female,25,White,WD1.NP.LINE,White,TA,Yes,0,Foil,80,3.198,No,I am positive I remember this face.,I strongly recognize the face I chose. His facial details stand out to me.,R,No,Yes,I am positive I remember this face.,I strongly recognize the face I chose. His facial details stand out to me.,FALSE,FALSE,1.1625256144117624,-1.190328806,I am positive I remember this face. I strongly recognize the face I chose. His facial details stand out to me.
225,Day,43,Female,31,White,WC1.P.LINE,White,TP,Yes,1,Target,60,1.221,No,somewhat certain,recognize face structure,O1,No,Yes,somewhat certain,recognize face structure,FALSE,FALSE,0.1996701951285677,-2.639925328,somewhat certain recognize face structure
225,Day,43,Female,31,White,WC2.P.LINE,White,TP,Yes,0,Foil,60,7.46,No,somewhat,recognize face structure and hair,Omany,No,Yes,somewhat,recognize face structure and hair,FALSE,FALSE,2.0095554142156695,0.084890119,somewhat recognize face structure and hair
225,Day,43,Female,31,White,WD1.NP.LINE,White,TA,Yes,0,Foil,80,1.464,No,i am fairly certain,I recognize the last face,R,No,Yes,I am fairly certain,I recognize the last face,FALSE,FALSE,0.3811724155391198,-2.366670401,I am fairly certain I recognize the last face
225,Day,43,Female,31,White,WD3.NP.LINE,White,TA,Yes,0,Foil,80,11.074,No,mostly certain,i recognize the face structure and eyebrows,Omany,No,Yes,mostly certain,I recognize the face structure and eyebrows,FALSE,FALSE,2.4046000184007754,0.6796370280720933,mostly certain I recognize the face structure and eyebrows
226,Day,67,Male,37,White,WC3.NP.LINE,White,TA,Yes,0,Foil,20,9.202,No,I'm only somewhat certain I saw the face yesterday.,I  believe I saw that face yesterday but I have very low confidence.,R,No,Yes,I'm only somewhat certain I saw the face yesterday.,I  believe I saw that face yesterday but I have very low confidence.,FALSE,FALSE,2.2194208517332767,0.4008463906939954,I'm only somewhat certain I saw the face yesterday. I  believe I saw that face yesterday but I have very low confidence.
226,Day,67,Male,37,White,WD1.P.LINE,White,TP,Yes,1,Target,100,3.112,No,Very certain,I remember the face from yesterday.,R,No,Yes,Very certain,I remember the face from yesterday.,FALSE,FALSE,1.1352656063161453,-1.231369248,Very certain I remember the face from yesterday.
226,Day,67,Male,37,White,WD2.P.LINE,White,TP,Yes,0,Foil,20,8.689,No,not very,I vaguely feel like I remember seeing that face.,R,No,Yes,not very,I vaguely feel like I remember seeing that face.,FALSE,FALSE,2.162057857857069,0.3144853495873623,not very I vaguely feel like I remember seeing that face.
229,5Minute,58,Female,27,White,WD1.P.LINE,White,TP,Yes,1,Target,60,13.277,No,I am only about half certain this man was in the images shown.,"He looks very familiar, but I can't be 100% certain he was in the images provided.",F,No,Yes,I am only about half certain this man was in the images shown.,"He looks very familiar, but I can't be 100% certain he was in the images provided.",TRUE,TRUE,2.586033214913765,0.952788039,"I am only about half certain this man was in the images shown. He looks very familiar, but I can't be 100% certain he was in the images provided."
229,5Minute,58,Female,27,White,WD2.P.LINE,White,TP,Yes,1,Target,100,1.53,No,I am positive this man was present before.,"He was the first face I saw from the images. His eyes, lips, and hair are distinct.",Omany,No,Yes,I am positive this man was present before.,"He was the first face I saw from the images. His eyes, lips, and hair are distinct.",FALSE,FALSE,0.4252677354043441,-2.300284087,"I am positive this man was present before. He was the first face I saw from the images. His eyes, lips, and hair are distinct."
229,5Minute,58,Female,27,White,WD3.P.LINE,White,TP,Yes,0,Foil,40,20.489,No,I am not very certain at all.,"I am not sure if that man was pictured previously, but he appears to seem very familiar. His eyes are what I feel like I am remembering.",FO,No,Yes,I am not very certain at all.,"I am not sure if that man was pictured previously, but he appears to seem very familiar. His eyes are what I feel like I am remembering.",FALSE,FALSE,3.019888156765062,1.6059646239499161,"I am not very certain at all. I am not sure if that man was pictured previously, but he appears to seem very familiar. His eyes are what I feel like I am remembering."
230,5Minute,56,Female,36,White,WC1.NP.LINE,White,TA,Yes,0,Foil,20,2.767,No,not very certain,He looks somewhat familiar,F,No,Yes,not very certain,He looks somewhat familiar,FALSE,FALSE,1.0177637008047888,-1.408270526,not very certain He looks somewhat familiar
231,Day,46,Female,29,White,WC1.P.LINE,White,TP,Yes,1,Target,60,26.946,No,im pretty sure,"i made this choice because im pretty sure i saw him, none of the others look familiar but he does",F,No,Yes,I'm pretty sure,"I made this choice because I'm pretty sure I saw him, none of the others look familiar but he does",FALSE,FALSE,3.293834863333656,2.0183964234137464,"I'm pretty sure I made this choice because I'm pretty sure I saw him, none of the others look familiar but he does"
231,Day,46,Female,29,White,WC2.P.LINE,White,TP,Yes,0,Foil,100,21.519,No,very certain,i can remember his haircut,O1,No,Yes,very certain,I can remember his haircut,FALSE,FALSE,3.068936265812407,1.6798074531924332,very certain I can remember his haircut
231,Day,46,Female,29,White,WD2.NP.LINE,White,TA,Yes,0,Foil,100,27.389,No,i am absolutely sure,something about his eyes and eyesockets,Omany,No,Yes,I am absolutely sure,something about his eyes and eye sockets,FALSE,FALSE,3.3101414729334286,2.042946323737897,I am absolutely sure something about his eyes and eye sockets
231,Day,46,Female,29,White,WD3.NP.LINE,White,TA,Yes,0,Foil,100,28.406,No,very certain,he was cute,O1,No,Yes,very certain,he was cute,FALSE,FALSE,3.3466003904589363,2.0978358938659594,very certain he was cute
232,Day,59,Female,26,White,WC1.P.LINE,White,TP,Yes,0,Foil,20,6.403,No,maybe?,this one's eyes look familiar.,FO,No,Yes,maybe?,this one's eyes look familiar.,FALSE,FALSE,1.856766630536665,-0.145136202,maybe? this one's eyes look familiar.
232,Day,59,Female,26,White,WC2.P.LINE,White,TP,Yes,0,Foil,0,40.632,No,not at all,none of the faces look familiar.,F,No,Yes,not at all,none of the faces look familiar.,FALSE,FALSE,3.704555933498944,2.6367445399791296,not at all none of the faces look familiar.
232,Day,59,Female,26,White,WC3.P.LINE,White,TP,Yes,0,Foil,60,5.097,No,I somewhat remember the face shape,the face looks familiar,FO,No,Yes,I somewhat remember the face shape,the face looks familiar,FALSE,FALSE,1.6286521313579048,-0.488566771,I somewhat remember the face shape the face looks familiar
232,Day,59,Female,26,White,WD1.NP.LINE,White,TA,Yes,0,Foil,20,2.274,No,not at all,I don't remember any of these faces,R,No,Yes,not at all,I don't remember any of these faces,FALSE,FALSE,0.8215403953283443,-1.703688317,not at all I don't remember any of these faces
232,Day,59,Female,26,White,WD3.NP.LINE,White,TA,Yes,0,Foil,0,50.559,No,not,two of them look like twins,?,No,Yes,not,two of them look like twins,FALSE,FALSE,3.9231409711619927,2.965828329846365,not two of them look like twins
233,Day,70,Female,18,White,WD1.P.LINE,White,TP,Yes,1,Target,80,3.03,No,Very,Looks very familiar,F,No,Yes,Very,Looks very familiar,FALSE,FALSE,1.1085626195212777,-1.271571086,Very Looks very familiar
233,Day,70,Female,18,White,WD2.P.LINE,White,TP,Yes,1,Target,80,1.82,No,Very certain,I recognize him,R,No,Yes,Very certain,I recognize him,FALSE,FALSE,0.598836501,-2.038973121,Very certain I recognize him
234,5Minute,69,Female,40,White,WC3.P.LINE,White,TP,Yes,1,Target,40,12.983,No,I'm a little bit sure I saw him before.,"The picture I remember seeing of this guy, he was smiling, so I can't be sure if this is the same guy, but his facial features look similar.",?,No,Yes,I'm a little bit sure I saw him before.,"The picture I remember seeing of this guy, he was smiling, so I can't be sure if this is the same guy, but his facial features look similar.",FALSE,FALSE,2.5636408093781164,0.9190758606558009,"I'm a little bit sure I saw him before. The picture I remember seeing of this guy, he was smiling, so I can't be sure if this is the same guy, but his facial features look similar."
235,5Minute,41,Male,23,White,WC1.P.LINE,White,TP,Yes,1,Target,60,7.85,No,50,i think i might remember him,R,No,Yes,50,I think I might remember him,TRUE,FALSE,2.060513531794317,0.16160850121059123,50 I think I might remember him
235,5Minute,41,Male,23,White,WC2.P.LINE,White,TP,Yes,0,Foil,60,10.344,No,60,i think i remember him,R,No,Yes,60,I think I remember him,TRUE,FALSE,2.3364066414695563,0.5769706463092023,60 I think I remember him
235,5Minute,41,Male,23,White,WD3.NP.LINE,White,TA,Yes,0,Foil,80,3.659,No,80,im pretty sure he was in there,R,No,Yes,80,I'm pretty sure he was in there,TRUE,FALSE,1.2971898860370696,-0.987589271,80 I'm pretty sure he was in there
237,5Minute,33,Female,28,White,WC1.NP.LINE,White,TA,Yes,0,Foil,40,3.47,No,Almost certain,I recognize the face and facial hair,Omany,No,Yes,Almost certain,I recognize the face and facial hair,FALSE,FALSE,1.244154593958768,-1.067434877,Almost certain I recognize the face and facial hair
237,5Minute,33,Female,28,White,WC2.NP.LINE,White,TA,Yes,0,Foil,40,2.901,No,Somewhat certain,I am not exactly sure what face I saw,?,No,Yes,Somewhat certain,I am not exactly sure what face I saw,FALSE,FALSE,1.065055505139267,-1.337071846,Somewhat certain I am not exactly sure what face I saw
237,5Minute,33,Female,28,White,WD1.P.LINE,White,TP,Yes,1,Target,80,6.693,No,Almost certain,I recognize the face,R,No,Yes,Almost certain,I recognize the face,FALSE,FALSE,1.901062204118505,-0.078448402,Almost certain I recognize the face
237,5Minute,33,Female,28,White,WD3.P.LINE,White,TP,Yes,0,Foil,60,2.653,No,Mostly sure,The face shape and features look familiar,FO,No,Yes,Mostly sure,The face shape and features look familiar,FALSE,FALSE,0.9756910751556026,-1.471611637,Mostly sure The face shape and features look familiar
238,Day,61,Female,29,White,WC1.NP.LINE,White,TA,Yes,0,Foil,20,3.294,No,kinda,too many faces,?,No,Yes,kinda,too many faces,FALSE,FALSE,1.1921026317554486,-1.145800063,kinda too many faces
238,Day,61,Female,29,White,WC3.NP.LINE,White,TA,Yes,0,Foil,40,2.661,No,moderate,sorta familiar,F,No,Yes,moderate,sorta familiar,FALSE,FALSE,0.9787019919955522,-1.467078646,moderate sorta familiar
238,Day,61,Female,29,White,WD1.P.LINE,White,TP,Yes,1,Target,20,8.45,No,kinda,too similar,?,No,Yes,kinda,too similar,FALSE,FALSE,2.134166441369082,0.2724943096664091,kinda too similar
238,Day,61,Female,29,White,WD2.P.LINE,White,TP,Yes,1,Target,60,1.906,No,moderate,somewhat familiar,F,No,Yes,moderate,somewhat familiar,FALSE,FALSE,0.6450068052320104,-1.96946288,moderate somewhat familiar
238,Day,61,Female,29,White,WD3.P.LINE,White,TP,Yes,0,Foil,20,7.431,No,slight,they look different,?,No,Yes,slight,they look different,FALSE,FALSE,2.0056604391753323,0.079026163,slight they look different
239,5Minute,57,Female,26,White,WC3.NP.LINE,White,TA,Yes,0,Foil,40,1.52,No,seemed right,thought so,?,No,Yes,seemed right,thought so,FALSE,FALSE,0.41871033485818504,-2.310156374,seemed right thought so
239,5Minute,57,Female,26,White,WD1.P.LINE,White,TP,Yes,1,Target,60,35.686,No,seems familair,seems right,F,No,Yes,seems familiar,seems right,FALSE,FALSE,3.574758455009237,2.441332051579772,seems familiar seems right
240,Day,44,Male,26,White,WC1.NP.LINE,White,TA,Yes,0,Foil,60,18.981,No,looks familar,they look like one of the people,F,No,Yes,looks familiar,they look like one of the people,FALSE,FALSE,2.943438478832857,1.490868229352032,looks familiar they look like one of the people
240,Day,44,Male,26,White,WC2.NP.LINE,White,TA,Yes,0,Foil,60,7.459,No,50/50 certain kinda seems like that was it,seems famaliar,F,No,Yes,50/50 certain kinda seems like that was it,seems familiar,TRUE,FALSE,2.009421356973026,0.084688293,50/50 certain kinda seems like that was it seems familiar
240,Day,44,Male,26,White,WC3.NP.LINE,White,TA,Yes,0,Foil,80,22.526,No,looks famailar,looks like someone I saw,F,No,Yes,looks familiar,looks like someone I saw,FALSE,FALSE,3.1146701976255047,1.7486607277234378,looks familiar looks like someone I saw
240,Day,44,Male,26,White,WD1.P.LINE,White,TP,Yes,0,Foil,80,6.652,No,seems familar,I think ive seen them before,F,No,Yes,seems familiar,I think I've seen them before,FALSE,FALSE,1.8949175613306812,-0.087699275,seems familiar I think I've seen them before
240,Day,44,Male,26,White,WD2.P.LINE,White,TP,Yes,0,Foil,60,3.853,No,Pretty certain,its how certain I am,?,No,Yes,Pretty certain,its how certain I am,FALSE,FALSE,1.3488520656440206,-0.90981091,Pretty certain its how certain I am
242,Day,62,Male,33,White,WC2.P.LINE,White,TP,Yes,1,Target,100,6.508,No,I am 100 percent certain in my selection,I remember this person from the pictures yesterday.,R,No,Yes,I am 100 percent certain in my selection,I remember this person from the pictures yesterday.,TRUE,FALSE,1.8730321893567914,-0.120648104,I am 100 percent certain in my selection I remember this person from the pictures yesterday.
242,Day,62,Male,33,White,WC3.P.LINE,White,TP,Yes,0,Foil,80,7.612,No,I am confident i saw this person yesterday,"I am examining the photo and looking at eye structure, hair, jaw line to try and recall what i saw yesterday.",Omany,No,Yes,I am confident I saw this person yesterday,"I am examining the photo and looking at eye structure, hair, jaw line to try and recall what I saw yesterday.",FALSE,FALSE,2.029725949433903,0.11525723036270853,"I am confident I saw this person yesterday I am examining the photo and looking at eye structure, hair, jaw line to try and recall what I saw yesterday."
242,Day,62,Male,33,White,WD1.NP.LINE,White,TA,Yes,0,Foil,60,14.1,No,I am fairly certain,I remember his eyes from yesterday,O1,No,Yes,I am fairly certain,I remember his eyes from yesterday,FALSE,FALSE,2.6461747973841225,1.0433322958457603,I am fairly certain I remember his eyes from yesterday
242,Day,62,Male,33,White,WD2.NP.LINE,White,TA,Yes,0,Foil,40,6.237,No,I am pretty sure,"I am examining the photo and looking at eye structure, hair, jaw line to try and recall what i saw yesterday.",Omany,No,Yes,I am pretty sure,"I am examining the photo and looking at eye structure, hair, jaw line to try and recall what I saw yesterday.",FALSE,FALSE,1.8304992975439855,-0.184682154,"I am pretty sure I am examining the photo and looking at eye structure, hair, jaw line to try and recall what I saw yesterday."
242,Day,62,Male,33,White,WD3.NP.LINE,White,TA,Yes,0,Foil,40,19.97,No,I am 50% sure,"I am looking at facial structure, eyes, hair, jaw lines.",Omany,No,Yes,I am 50% sure,"I am looking at facial structure, eyes, hair, jaw lines.",TRUE,FALSE,2.994231147427724,1.5673375250429644,"I am 50% sure I am looking at facial structure, eyes, hair, jaw lines."
243,5Minute,67,Female,32,White,WC3.NP.LINE,White,TA,Yes,0,Foil,40,11.59,No,I am slight certain,I picked him because his ears and mouth shape seemed familiar,FO,No,Yes,I am slight certain,I picked him because his ears and mouth shape seemed familiar,FALSE,FALSE,2.4501426573516603,0.7482023076847605,I am slight certain I picked him because his ears and mouth shape seemed familiar
243,5Minute,67,Female,32,White,WD1.P.LINE,White,TP,Yes,1,Target,40,15.696,No,I am slightly certain,He is good looking and I feel like his hair is familiar,FO,No,Yes,I am slightly certain,He is good looking and I feel like his hair is familiar,FALSE,FALSE,2.7534059028230073,1.2047706950461583,I am slightly certain He is good looking and I feel like his hair is familiar
243,5Minute,67,Female,32,White,WD2.P.LINE,White,TP,Yes,1,Target,80,4.456,No,I am fairly certain,His blue eyes and hair was memorable to me,Omany,No,Yes,I am fairly certain,His blue eyes and hair was memorable to me,FALSE,FALSE,1.494251502624983,-0.690909387,I am fairly certain His blue eyes and hair was memorable to me
243,5Minute,67,Female,32,White,WD3.P.LINE,White,TP,Yes,1,Target,80,3.563,No,I am confident,He has a goofy face and a Lloyd Christmas haircut,OU,No,Yes,I am confident,He has a goofy face and a Lloyd Christmas haircut,FALSE,FALSE,1.2706028866236991,-1.027616487,I am confident He has a goofy face and a Lloyd Christmas haircut
244,Day,58,Female,40,White,WC1.NP.LINE,White,TA,Yes,0,Foil,40,17.883,No,a little bit,big eyes,O1,No,Yes,a little bit,big eyes,FALSE,FALSE,2.883850540905899,1.4011574941021423,a little bit big eyes
244,Day,58,Female,40,White,WC2.NP.LINE,White,TA,Yes,0,Foil,60,12.109,No,somewhat,crooked face,O1,No,Yes,somewhat,crooked face,FALSE,FALSE,2.493948977772229,0.8141535278518132,somewhat crooked face
244,Day,58,Female,40,White,WC3.NP.LINE,White,TA,Yes,0,Foil,20,8.146,No,a little,"his nose, I think I remember it",O1,No,Yes,a little,"his nose, I think I remember it",FALSE,FALSE,2.097527009226221,0.21733297146565436,"a little his nose, I think I remember it"
244,Day,58,Female,40,White,WD1.P.LINE,White,TP,Yes,1,Target,80,6.225,No,very,I swear I saw this kid twice yesterday,R,No,Yes,very,I swear I saw this kid twice yesterday,FALSE,FALSE,1.8285734423507713,-0.187581564,very I swear I saw this kid twice yesterday
244,Day,58,Female,40,White,WD2.P.LINE,White,TP,Yes,1,Target,100,2.426,No,extremely,I remember the hair and eye brows,Omany,No,Yes,extremely,I remember the hair and eye brows,FALSE,FALSE,0.8862438105218584,-1.606276137,extremely I remember the hair and eye brows
244,Day,58,Female,40,White,WD3.P.LINE,White,TP,Yes,1,Target,100,3.4,No,extremely,I remember the haircut,O1,No,Yes,extremely,I remember the haircut,FALSE,FALSE,1.2237754316221157,-1.09811608,extremely I remember the haircut
245,Day,60,Male,32,White,WC3.P.LINE,White,TP,Yes,1,Target,80,6.614,No,Fairly,He looked familiar,F,No,Yes,Fairly,He looked familiar,FALSE,FALSE,1.889188614559601,-0.096324309,Fairly He looked familiar
246,5Minute,39,Male,30,White,WC1.P.LINE,White,TP,Yes,1,Target,60,20.964,No,I'm fairly certain.,I remember the eyes and chin trim.,Omany,No,Yes,I'm fairly certain.,I remember the eyes and chin trim.,FALSE,FALSE,3.0428066809399197,1.6404688831355434,I'm fairly certain. I remember the eyes and chin trim.
246,5Minute,39,Male,30,White,WC3.P.LINE,White,TP,Yes,0,Foil,40,8.317,No,I think I'm certain.,The hair and nose look familiar.,FO,No,Yes,I think I'm certain.,The hair and nose look familiar.,FALSE,FALSE,2.1183016128865506,0.24860951893030592,I think I'm certain. The hair and nose look familiar.
247,5Minute,50,Female,36,White,WC1.NP.LINE,White,TA,Yes,0,Foil,60,10.812,No,not very certain,I think I remember this face,R,No,Yes,not very certain,I think I remember this face,FALSE,FALSE,2.3806566284142012,0.6435898145789299,not very certain I think I remember this face
247,5Minute,50,Female,36,White,WC2.NP.LINE,White,TA,Yes,0,Foil,60,18.037,No,I am no completely sure but I believe I saw this young man.,I remember his eyes in the other pictures were very prominent.,O1,No,Yes,I am no completely sure but I believe I saw this young man.,I remember his eyes in the other pictures were very prominent.,FALSE,FALSE,2.892425203688062,1.414066806,I am no completely sure but I believe I saw this young man. I remember his eyes in the other pictures were very prominent.
247,5Minute,50,Female,36,White,WD1.P.LINE,White,TP,Yes,1,Target,80,7.299,No,very certain,this is the guy with the eyes I remembered,O1,No,Yes,very certain,this is the guy with the eyes I remembered,FALSE,FALSE,1.9877373524694952,0.052042626,very certain this is the guy with the eyes I remembered
247,5Minute,50,Female,36,White,WD2.P.LINE,White,TP,Yes,1,Target,40,11.407,No,"not very certain ""maybe""",This face stood out but I'm not sure why,R,No,Yes,"not very certain ""maybe""",This face stood out but I'm not sure why,FALSE,FALSE,2.434227202045761,0.7242412973360026,"not very certain ""maybe"" This face stood out but I'm not sure why"
247,5Minute,50,Female,36,White,WD3.P.LINE,White,TP,Yes,1,Target,80,6.148,No,very certain,I remembered him because he looks like someone I know.,U1,No,Yes,very certain,I remembered him because he looks like someone I know.,FALSE,FALSE,1.8161268256763494,-0.206320175,very certain I remembered him because he looks like someone I know.
248,5Minute,63,Female,24,White,WC1.NP.LINE,White,TA,Yes,0,Foil,60,6.872,No,I think I saw the man I selected in the earlier photos.,He looks similar to a photo I saw earlier.,R,No,Yes,I think I saw the man I selected in the earlier photos.,He looks similar to a photo I saw earlier.,FALSE,FALSE,1.9274551846819543,-0.038713285,I think I saw the man I selected in the earlier photos. He looks similar to a photo I saw earlier.
248,5Minute,63,Female,24,White,WC3.NP.LINE,White,TA,Yes,0,Foil,20,7.583,No,I kind of think I saw this person.,His facial structure reminds me of some of the people I saw earlier.,R,No,Yes,I kind of think I saw this person.,His facial structure reminds me of some of the people I saw earlier.,FALSE,FALSE,2.0259088997187984,0.10951059189290335,I kind of think I saw this person. His facial structure reminds me of some of the people I saw earlier.
249,Day,65,Male,29,White,WC1.NP.LINE,White,TA,Yes,0,Foil,40,3.206,No,Fairly,This face seems to catch my attention but uncertain if he was in the lineup,?,No,Yes,Fairly,This face seems to catch my attention but uncertain if he was in the lineup,FALSE,TRUE,1.165024054187361,-1.186567359,Fairly This face seems to catch my attention but uncertain if he was in the lineup
249,Day,65,Male,29,White,WC2.NP.LINE,White,TA,Yes,0,Foil,0,13.848,No,Not Very Certain,None of these faces are standing out,R,No,Yes,Not Very Certain,None of these faces are standing out,FALSE,FALSE,2.6281408178739083,1.0161818083876124,Not Very Certain None of these faces are standing out
249,Day,65,Male,29,White,WC3.NP.LINE,White,TA,Yes,0,Foil,0,4.931,No,Uncertaini,Not sure on this,?,No,Yes,Uncertain,Not sure on this,FALSE,FALSE,1.5955418072419891,-0.538414972,Uncertain Not sure on this
249,Day,65,Male,29,White,WD1.P.LINE,White,TP,Yes,0,Foil,80,4.971,No,fairly Certain,Pretty sure I saw this guy,R,No,Yes,fairly Certain,Pretty sure I saw this guy,FALSE,FALSE,1.6036210271125355,-0.526251558,fairly Certain Pretty sure I saw this guy
249,Day,65,Male,29,White,WD2.P.LINE,White,TP,Yes,0,Foil,40,3.776,No,Somewhat certain,Don't recall seeing this face but its possible,R,No,Yes,Somewhat certain,Don't recall seeing this face but its possible,FALSE,FALSE,1.3286652482832542,-0.940202535,Somewhat certain Don't recall seeing this face but its possible
249,Day,65,Male,29,White,WD3.P.LINE,White,TP,Yes,0,Foil,20,8.447,No,Not at all certain,Unsure of this guy,?,No,Yes,Not at all certain,Unsure of this guy,FALSE,FALSE,2.1338113487453594,0.27195971119792317,Not at all certain Unsure of this guy
250,5Minute,65,Female,44,White,WC1.P.LINE,White,TP,Yes,0,Foil,80,5.961,No,I recall seeing this face,this face felt very familiar and goofy,FO,No,Yes,I recall seeing this face,this face felt very familiar and goofy,FALSE,FALSE,1.7852382522377896,-0.252823489,I recall seeing this face this face felt very familiar and goofy
250,5Minute,65,Female,44,White,WC3.P.LINE,White,TP,Yes,0,Foil,60,5.001,No,I feel secure in knowing that I saw this face before,I feel I remember the eytes from before,O1,No,Yes,I feel secure in knowing that I saw this face before,I feel I remember the eyes from before,FALSE,FALSE,1.6096378924367667,-0.517193057,I feel secure in knowing that I saw this face before I feel I remember the eyes from before
250,5Minute,65,Female,44,White,WD3.NP.LINE,White,TA,Yes,0,Foil,40,6.582,No,I feel I have seen this face before,The face I selected felt familiar to me,F,No,Yes,I feel I have seen this face before,The face I selected felt familiar to me,FALSE,FALSE,1.8843386505211481,-0.103626019,I feel I have seen this face before The face I selected felt familiar to me
251,Day,54,Female,25,White,WC1.NP.LINE,White,TA,Yes,0,Foil,20,5.798,No,not very,maybe familiar,F,No,Yes,not very,maybe familiar,FALSE,FALSE,1.7575130304994637,-0.29456432,not very maybe familiar
252,Day,65,Male,28,White,WC1.P.LINE,White,TP,Yes,1,Target,60,9.059,No,Moderately,Think I remember his face from yesterday,R,No,Yes,Moderately,Think I remember his face from yesterday,FALSE,FALSE,2.2037587386871507,0.3772667917715229,Moderately Think I remember his face from yesterday
252,Day,65,Male,28,White,WC2.P.LINE,White,TP,Yes,1,Target,100,2.803,No,Absolutely positive,I clearly remember seeing that man yesterday,R,No,Yes,Absolutely positive,I clearly remember seeing that man yesterday,FALSE,FALSE,1.0306902721826512,-1.388809335,Absolutely positive I clearly remember seeing that man yesterday
253,Day,47,Male,30,White,WC1.P.LINE,White,TP,Yes,0,Foil,60,4.801,No,I'm about 60% certain.,I remember the hair style from yesterday.,O1,No,Yes,I'm about 60% certain.,I remember the hair style from yesterday.,TRUE,FALSE,1.5688242295488033,-0.578638776,I'm about 60% certain. I remember the hair style from yesterday.
253,Day,47,Male,30,White,WC2.P.LINE,White,TP,Yes,1,Target,40,8.15,No,I am 40% certain.,I think i remember seeing the face.,R,No,Yes,I am 40% certain.,I think I remember seeing the face.,TRUE,FALSE,2.0980179272527715,0.21807205757337048,I am 40% certain. I think I remember seeing the face.
253,Day,47,Male,30,White,WD1.NP.LINE,White,TA,Yes,0,Foil,40,5.686,No,I'm about 40% sure.,I think i remember the face.,R,No,Yes,I'm about 40% sure.,I think I remember the face.,TRUE,FALSE,1.7380070132288081,-0.323930987,I'm about 40% sure. I think I remember the face.
253,Day,47,Male,30,White,WD2.NP.LINE,White,TA,Yes,0,Foil,60,3.682,No,I am 60% certain i saw this individual yesterday,The sunken eyes stick out.,O1,No,Yes,I am 60% certain I saw this individual yesterday,The sunken eyes stick out.,TRUE,FALSE,1.303456082810886,-0.978155396,I am 60% certain I saw this individual yesterday The sunken eyes stick out.
254,Day,66,Female,26,White,WC1.P.LINE,White,TP,Yes,0,Foil,20,11.122,No,Not certain,his ears look familiar,FO,No,Yes,Not certain,his ears look familiar,FALSE,FALSE,2.408925128765372,0.6861485611833833,Not certain his ears look familiar
254,Day,66,Female,26,White,WC2.P.LINE,White,TP,Yes,0,Foil,20,16.714,No,Not certain,None of the faces look particularly familiar,F,No,Yes,Not certain,None of the faces look particularly familiar,FALSE,FALSE,2.816246691579244,1.2993786569782417,Not certain None of the faces look particularly familiar
254,Day,66,Female,26,White,WC3.P.LINE,White,TP,Yes,1,Target,40,7.657,No,Looks somewhat familiar,His head shape looks familiar,FO,No,Yes,Looks somewhat familiar,His head shape looks familiar,FALSE,FALSE,2.0356202621309865,0.12413122641365909,Looks somewhat familiar His head shape looks familiar
254,Day,66,Female,26,White,WD3.NP.LINE,White,TA,Yes,0,Foil,60,4.949,No,quite certain,The man looks familiar to who I saw yesterday. His hair looks familiar,FO,No,Yes,quite certain,The man looks familiar to who I saw yesterday. His hair looks familiar,FALSE,FALSE,1.5991855359697489,-0.532929272,quite certain The man looks familiar to who I saw yesterday. His hair looks familiar
255,Day,51,Female,33,White,WD3.NP.LINE,White,TA,Yes,0,Foil,40,12.814,No,a little bit,his weird face,O1,No,Yes,a little bit,his weird face,FALSE,FALSE,2.5505383232168297,0.8993498270318255,a little bit his weird face
256,5Minute,47,Female,29,White,WD1.P.LINE,White,TP,Yes,1,Target,60,5.371,No,fairly sure,looks familiar,F,No,Yes,fairly sure,looks familiar,FALSE,FALSE,1.6810141109233223,-0.409734849,fairly sure looks familiar
256,5Minute,47,Female,29,White,WD2.P.LINE,White,TP,Yes,1,Target,40,9.624,No,somewhat,face looks familiar,F,No,Yes,somewhat,face looks familiar,FALSE,FALSE,2.264259978672378,0.4683525200485751,somewhat face looks familiar
256,5Minute,47,Female,29,White,WD3.P.LINE,White,TP,Yes,1,Target,20,5.171,No,somewhat,not very sure,?,No,Yes,somewhat,not very sure,FALSE,FALSE,1.6430660934140844,-0.466866286,somewhat not very sure
257,Day,33,Female,31,White,WC1.NP.LINE,White,TA,Yes,0,Foil,80,6.123,No,im fairly certain,i remember the smug look,O1,No,Yes,I'm fairly certain,I remember the smug look,FALSE,FALSE,1.8120521724958174,-0.21245464,I'm fairly certain I remember the smug look
257,Day,33,Female,31,White,WC2.NP.LINE,White,TA,Yes,0,Foil,60,9.1,No,65 percent sure,i remember the shirt and hair color and i feel like that was the most recurrent photo,?,No,Yes,65 percent sure,I remember the shirt and hair color and I feel like that was the most recurrent photo,TRUE,FALSE,2.2082744135228043,0.38406522319488384,65 percent sure I remember the shirt and hair color and I feel like that was the most recurrent photo
257,Day,33,Female,31,White,WC3.NP.LINE,White,TA,Yes,0,Foil,60,1.653,No,im pretty sure,i recall the hair cut,O1,No,Yes,I'm pretty sure,I recall the hair cut,FALSE,FALSE,0.50259181883888715,-2.183871259,I'm pretty sure I recall the hair cut
257,Day,33,Female,31,White,WD1.P.LINE,White,TP,Yes,1,Target,40,4.602,No,fairly sure,i remember the frat boy like face,O1,No,Yes,fairly sure,I remember the frat boy like face,FALSE,FALSE,1.5264909916131741,-0.642372244,fairly sure I remember the frat boy like face
257,Day,33,Female,31,White,WD3.P.LINE,White,TP,Yes,0,Foil,40,5.999,No,im almost sure,i feel like i recall seeing the face before,R,No,Yes,I'm almost sure,I feel like I recall seeing the face before,FALSE,FALSE,1.791592788670956,-0.243256618,I'm almost sure I feel like I recall seeing the face before
258,5Minute,62,Male,24,White,WC1.P.LINE,White,TP,Yes,1,Target,100,2.544,No,I am positive about this one,This guy looks like someone I know and I thought that in the lineup as well,U1,No,Yes,I am positive about this one,This guy looks like someone I know and I thought that in the lineup as well,FALSE,FALSE,0.9337376454778757,-1.534773296,I am positive about this one This guy looks like someone I know and I thought that in the lineup as well
258,5Minute,62,Male,24,White,WC3.P.LINE,White,TP,Yes,1,Target,40,5.425,No,"I think I remember this guy, but I'm only somewhat certain","I think I remember this person's chin from the lineup, but that is obviously a small detail for it to hinge on",O1,No,Yes,"I think I remember this guy, but I'm only somewhat certain","I think I remember this person's chin from the lineup, but that is obviously a small detail for it to hinge on",FALSE,FALSE,1.6910178994265233,-0.394673961,"I think I remember this guy, but I'm only somewhat certain I think I remember this person's chin from the lineup, but that is obviously a small detail for it to hinge on"
260,Day,54,Female,21,White,WC1.NP.LINE,White,TA,Yes,0,Foil,40,11.722,No,not certain at all,I seem to recall someone that maybe looked like him from yesterday,R,No,Yes,not certain at all,I seem to recall someone that maybe looked like him from yesterday,FALSE,FALSE,2.4614674180542373,0.7652519429717305,not certain at all I seem to recall someone that maybe looked like him from yesterday
260,Day,54,Female,21,White,WD1.P.LINE,White,TP,Yes,1,Target,100,2.589,No,completely certain,I remember him because he looks like someone i know,U1,No,Yes,completely certain,I remember him because he looks like someone I know,FALSE,FALSE,0.9512717007694006,-1.508375453,completely certain I remember him because he looks like someone I know
260,Day,54,Female,21,White,WD2.P.LINE,White,TP,Yes,1,Target,100,4.754,No,pretty certain,I seem to recall him,R,No,Yes,pretty certain,I seem to recall him,FALSE,FALSE,1.5589863689380021,-0.593449856,pretty certain I seem to recall him
260,Day,54,Female,21,White,WD3.P.LINE,White,TP,Yes,1,Target,100,7.487,No,very certain,he looks like someone I know,U1,No,Yes,very certain,he looks like someone I know,FALSE,FALSE,2.013168183248548,0.090329209,very certain he looks like someone I know
261,Day,67,Female,32,White,WD1.P.LINE,White,TP,Yes,1,Target,40,19.382,No,I am not sure,Not sure if I remember him of is because I found him attractive,?,No,Yes,I am not sure,Not sure if I remember him of is because I found him attractive,FALSE,FALSE,2.9643448003123583,1.5223430804132585,I am not sure Not sure if I remember him of is because I found him attractive
261,Day,67,Female,32,White,WD2.P.LINE,White,TP,Yes,0,Foil,60,9.087,No,Looks familiar,I think he was on the other pictures,F,No,Yes,Looks familiar,I think he was on the other pictures,FALSE,FALSE,2.206844821,0.381912945,Looks familiar I think he was on the other pictures
261,Day,67,Female,32,White,WD3.P.LINE,White,TP,Yes,1,Target,20,25.302,No,Not really,"Not really sure, but I think I remember this face",R,No,Yes,Not really,"Not really sure, but I think I remember this face",FALSE,FALSE,3.230883443992478,1.923621905103619,"Not really Not really sure, but I think I remember this face"
262,Day,48,Female,35,White,WC2.NP.LINE,White,TA,Yes,0,Foil,20,13.839,No,a little bit,I think maybe I remember that face,R,No,Yes,a little bit,I think maybe I remember that face,FALSE,FALSE,2.6274906932437934,1.0152030338134164,a little bit I think maybe I remember that face
263,5Minute,67,Female,43,White,WC1.NP.LINE,White,TA,Yes,0,Foil,60,5.796,No,I am almost sure I saw him.,"He is smiling a bit in his mugshot, that helps.",O1,No,Yes,I am almost sure I saw him.,"He is smiling a bit in his mugshot, that helps.",FALSE,FALSE,1.757168024458436,-0.295083733,"I am almost sure I saw him. He is smiling a bit in his mugshot, that helps."
263,5Minute,67,Female,43,White,WC2.NP.LINE,White,TA,Yes,0,Foil,80,8.979,No,I know I saw this guy.,He looks like someone I know.,U1,No,Yes,I know I saw this guy.,He looks like someone I know.,FALSE,FALSE,2.1948885175386716,0.36391251087604043,I know I saw this guy. He looks like someone I know.
263,5Minute,67,Female,43,White,WC3.NP.LINE,White,TA,Yes,0,Foil,40,4.762,No,"I think I saw him, but not sure.",I am not at all sure I saw him.,?,No,Yes,"I think I saw him, but not sure.",I am not at all sure I saw him.,FALSE,FALSE,1.560667748064671,-0.590918509,"I think I saw him, but not sure. I am not at all sure I saw him."
263,5Minute,67,Female,43,White,WD1.P.LINE,White,TP,Yes,0,Foil,40,4.081,No,"For some reason, he looks familiar.","I may have seen him, but still not sure.",F,No,Yes,"For some reason, he looks familiar.","I may have seen him, but still not sure.",FALSE,FALSE,1.4063420564236688,-0.823258673,"For some reason, he looks familiar. I may have seen him, but still not sure."
263,5Minute,67,Female,43,White,WD2.P.LINE,White,TP,Yes,1,Target,100,5.433,No,I am again certain I saw this guy.,He looks like someone I know.,U1,No,Yes,I am again certain I saw this guy.,He looks like someone I know.,FALSE,FALSE,1.692491467569386,-0.392455477,I am again certain I saw this guy. He looks like someone I know.
263,5Minute,67,Female,43,White,WD3.P.LINE,White,TP,Yes,0,Foil,60,6.811,No,I think I saw him.  He looks a little like one I saw.,I think this may be the one I saw earlier.,R,No,Yes,I think I saw him.  He looks a little like one I saw.,I think this may be the one I saw earlier.,FALSE,FALSE,1.9185389522591814,-0.052136837,I think I saw him.  He looks a little like one I saw. I think this may be the one I saw earlier.
266,Day,62,Female,26,White,WC3.NP.LINE,White,TA,Yes,0,Foil,60,21.706,No,not really certain,He looks familiar to one of the photos in the original lineup,F,No,Yes,not really certain,He looks familiar to one of the photos in the original lineup,FALSE,FALSE,3.0775887200238232,1.6928338819635316,not really certain He looks familiar to one of the photos in the original lineup
266,Day,62,Female,26,White,WD3.P.LINE,White,TP,Yes,1,Target,20,13.512,No,Not very certain,He looks kind of familiar,F,No,Yes,Not very certain,He looks kind of familiar,FALSE,FALSE,2.603578179505499,0.9792023050792719,Not very certain He looks kind of familiar
267,5Minute,52,Female,22,White,WC1.NP.LINE,White,TA,Yes,0,Foil,60,10.472,No,pretty certain,looks familiar and other faces too distinct to not remember,F,No,Yes,pretty certain,looks familiar and other faces too distinct to not remember,FALSE,FALSE,2.3487050286075988,0.5954860940814338,pretty certain looks familiar and other faces too distinct to not remember
267,5Minute,52,Female,22,White,WC2.NP.LINE,White,TA,Yes,0,Foil,20,23.857,No,this face maybe looks familiar,this face kinda looks familiar but Im very unsure,F,No,Yes,this face maybe looks familiar,this face kinda looks familiar but I'm very unsure,FALSE,FALSE,3.1720776753195614,1.8350887400350626,this face maybe looks familiar this face kinda looks familiar but I'm very unsure
267,5Minute,52,Female,22,White,WC3.NP.LINE,White,TA,Yes,0,Foil,40,11.179,No,kinda certain,I kinda remember the face,R,No,Yes,kinda certain,I kinda remember the face,FALSE,FALSE,2.4140370182881887,0.6938446047714367,kinda certain I kinda remember the face
267,5Minute,52,Female,22,White,WD1.P.LINE,White,TP,Yes,1,Target,80,30.875,No,pretty certain,attractive face remember,O1,No,Yes,pretty certain,attractive face remember,FALSE,FALSE,3.4299467949481413,2.2233154369964256,pretty certain attractive face remember
267,5Minute,52,Female,22,White,WD2.P.LINE,White,TP,Yes,0,Foil,20,8.126,No,this one looks vaguely familiar but im unsure,pretty unsure about this one,F,No,Yes,this one looks vaguely familiar but I'm unsure,pretty unsure about this one,FALSE,FALSE,2.095068797565535,0.21363208865023747,this one looks vaguely familiar but I'm unsure pretty unsure about this one
268,Day,68,Male,35,White,WC2.P.LINE,White,TP,Yes,1,Target,100,5.657,No,really sure about this one,i remember him from his eyes,O1,No,Yes,really sure about this one,I remember him from his eyes,FALSE,FALSE,1.7328937163610187,-0.33162915,really sure about this one I remember him from his eyes
268,Day,68,Male,35,White,WC3.P.LINE,White,TP,Yes,1,Target,20,6.313,No,i think he was in the lineup,i think i remember his hair style,O1,No,Yes,I think he was in the lineup,I think I remember his hair style,FALSE,FALSE,1.8426109993854884,-0.166447764,I think he was in the lineup I think I remember his hair style
269,5Minute,49,Female,40,White,WC1.P.LINE,White,TP,Yes,1,Target,80,7.27,No,somewhat,"The blue eyes, goatee, and structure are standing out.",Omany,No,Yes,somewhat,"The blue eyes, goatee, and structure are standing out.",FALSE,FALSE,1.9837562915454279,0.046049066,"somewhat The blue eyes, goatee, and structure are standing out."
269,5Minute,49,Female,40,White,WC2.P.LINE,White,TP,Yes,0,Foil,80,11.179,No,somewhat,"this looks like one of the guys at the end of the pictures, only showed one time",R,No,Yes,somewhat,"this looks like one of the guys at the end of the pictures, only showed one time",FALSE,FALSE,2.4140370182881887,0.6938446047714367,"somewhat this looks like one of the guys at the end of the pictures, only showed one time"
269,5Minute,49,Female,40,White,WC3.P.LINE,White,TP,Yes,1,Target,60,17.112,No,somewhat certain,this face looks familiar,F,No,Yes,somewhat certain,this face looks familiar,FALSE,FALSE,2.8397799717801044,1.3348084426548112,somewhat certain this face looks familiar
269,5Minute,49,Female,40,White,WD3.NP.LINE,White,TA,Yes,0,Foil,40,9.025,No,somewhat,"this one took me a little longer, and this one seems familiar",F,No,Yes,somewhat,"this one took me a little longer, and this one seems familiar",FALSE,FALSE,2.1999985042189447,0.37160569,"somewhat this one took me a little longer, and this one seems familiar"
270,5Minute,53,Male,19,White,WD1.P.LINE,White,TP,Yes,1,Target,40,6.005,No,Somewhat certain,I remember this man looking a bit concerned,R,No,Yes,Somewhat certain,I remember this man looking a bit concerned,FALSE,FALSE,1.7925924555319468,-0.241751601,Somewhat certain I remember this man looking a bit concerned
272,5Minute,66,Male,28,White,WC1.P.LINE,White,TP,Yes,0,Foil,60,8.221,No,somewhat certain,"I'm really not sure if i'm right or not, but leaning towards right",?,No,Yes,somewhat certain,"I'm really not sure if I'm right or not, but leaning towards right",FALSE,FALSE,2.1066918561699963,0.2311308169085795,"somewhat certain I'm really not sure if I'm right or not, but leaning towards right"
272,5Minute,66,Male,28,White,WC3.P.LINE,White,TP,Yes,0,Foil,40,7.344,No,kind of certain,i think i remember that face,R,No,Yes,kind of certain,I think I remember that face,FALSE,FALSE,1.9938836533181894,0.061295995,kind of certain I think I remember that face
272,5Minute,66,Male,28,White,WD1.NP.LINE,White,TA,Yes,0,Foil,40,34.312,No,not too certain,two of the faces looked farmiliar,F,No,Yes,not too certain,two of the faces looked familiar,FALSE,FALSE,3.5354951472145792,2.38222042,not too certain two of the faces looked familiar
272,5Minute,66,Male,28,White,WD2.NP.LINE,White,TA,Yes,0,Foil,60,3.731,No,about fifty-fifty,"I think I'm right, but not sure",?,No,Yes,about fifty-fifty,"I think I'm right, but not sure",TRUE,FALSE,1.3166762942390207,-0.958252125,"about fifty-fifty I think I'm right, but not sure"
272,5Minute,66,Male,28,White,WD3.NP.LINE,White,TA,Yes,0,Foil,60,5.972,No,not that ceratin,"i think I'm right, but not too positive",?,No,Yes,not that certain,"I think I'm right, but not too positive",FALSE,FALSE,1.787081879676944,-0.250047874,"not that certain I think I'm right, but not too positive"
275,Day,41,Male,31,White,WC1.P.LINE,White,TP,Yes,0,Foil,40,34.623,No,kinda sure,"he looks a bit familiar, but i'm not certain",F,No,Yes,kinda sure,"he looks a bit familiar, but I'm not certain",FALSE,FALSE,3.5445182011063774,2.3958047937798077,"kinda sure he looks a bit familiar, but I'm not certain"
275,Day,41,Male,31,White,WC2.P.LINE,White,TP,Yes,0,Foil,40,12.303,No,not real certain,none of them really stand out,R,No,Yes,not real certain,none of them really stand out,FALSE,FALSE,2.509843135078032,0.8380824736701564,not real certain none of them really stand out
275,Day,41,Male,31,White,WD1.NP.LINE,White,TA,Yes,0,Foil,40,6.655,No,pretty certain,i think the smile is the same as yesterday,?,No,Yes,pretty certain,I think the smile is the same as yesterday,FALSE,FALSE,1.895368451847075,-0.087020451,pretty certain I think the smile is the same as yesterday
275,Day,41,Male,31,White,WD2.NP.LINE,White,TA,Yes,0,Foil,0,21.773,No,not certain,they all looks alike.,?,No,Yes,not certain,they all looks alike.,FALSE,FALSE,3.080670670070182,1.697473814,not certain they all looks alike.
276,5Minute,71,Female,26,White,WD1.P.LINE,White,TP,Yes,1,Target,100,7.05,No,I have seen him before,I have seen his photo,R,No,Yes,I have seen him before,I have seen his photo,FALSE,FALSE,1.9530276168241774,-2.14E-04,I have seen him before I have seen his photo
276,5Minute,71,Female,26,White,WD2.P.LINE,White,TP,Yes,1,Target,100,10.194,No,I have seen his picture before,I have seen him before,R,No,Yes,I have seen his picture before,I have seen him before,FALSE,FALSE,2.321799312,0.5549790433151984,I have seen his picture before I have seen him before
277,Day,56,Female,31,White,WC2.P.LINE,White,TP,Yes,1,Target,100,7.702,No,very certain,remember it from yesterday,R,No,Yes,very certain,remember it from yesterday,FALSE,FALSE,2.041480035392717,0.1329532227101559,very certain remember it from yesterday
277,Day,56,Female,31,White,WC3.P.LINE,White,TP,Yes,0,Foil,20,6.357,No,looks familiar,not entirely sure,F,No,Yes,looks familiar,not entirely sure,FALSE,FALSE,1.8495565679542718,-0.155991083,looks familiar not entirely sure
278,5Minute,57,Female,25,White,WC1.NP.LINE,White,TA,Yes,0,Foil,40,16.984,No,A little,I think i saw him but am not sure,R,No,Yes,A little,I think I saw him but am not sure,FALSE,FALSE,2.832271724400955,1.3235046382901228,A little I think I saw him but am not sure
278,5Minute,57,Female,25,White,WD1.P.LINE,White,TP,Yes,1,Target,40,3.697,No,Relatively,He seems familiar,F,No,Yes,Relatively,He seems familiar,FALSE,FALSE,1.3075216799544949,-0.972034565,Relatively He seems familiar
278,5Minute,57,Female,25,White,WD2.P.LINE,White,TP,Yes,1,Target,0,5.645,No,not very,His hair looks familiar but I'm not sure about the face,FO,No,Yes,not very,His hair looks familiar but I'm not sure about the face,FALSE,FALSE,1.7307701976016252,-0.334826146,not very His hair looks familiar but I'm not sure about the face
279,Day,63,Female,29,White,WC1.NP.LINE,White,TA,Yes,0,Foil,20,16.69,No,I'm only a tiny bit sure I saw this guy,I think the shape of his face looks familiar and so does his ears. But I am only a little bit certain about it,FO,No,Yes,I'm only a tiny bit sure I saw this guy,I think the shape of his face looks familiar and so does his ears. But I am only a little bit certain about it,FALSE,FALSE,2.8148097376737438,1.2972152964749692,I'm only a tiny bit sure I saw this guy I think the shape of his face looks familiar and so does his ears. But I am only a little bit certain about it
279,Day,63,Female,29,White,WC3.NP.LINE,White,TA,Yes,0,Foil,20,14.215,No,Only a little bit certain,"The shape of his face, his ears and his hairline look familiar",FO,No,Yes,Only a little bit certain,"The shape of his face, his ears and his hairline look familiar",FALSE,FALSE,2.654297745102963,1.0555615428646257,"Only a little bit certain The shape of his face, his ears and his hairline look familiar"
279,Day,63,Female,29,White,WD2.P.LINE,White,TP,Yes,0,Foil,40,11.265,No,I feel that I might have seen him but I am not completely sure,If I did see him before I believe he was happier and smiling. Now he looks unhappy.,?,No,Yes,I feel that I might have seen him but I am not completely sure,If I did see him before I believe he was happier and smiling. Now he looks unhappy.,FALSE,FALSE,2.4217005738842077,0.705382229,I feel that I might have seen him but I am not completely sure If I did see him before I believe he was happier and smiling. Now he looks unhappy.
279,Day,63,Female,29,White,WD3.P.LINE,White,TP,Yes,0,Foil,80,5.911,No,I'm pretty sure I recognize this guy,I think I remember the unique shape of his nostrils and his nose,Omany,No,Yes,I'm pretty sure I recognize this guy,I think I remember the unique shape of his nostrils and his nose,FALSE,FALSE,1.7768150218422323,-0.265504817,I'm pretty sure I recognize this guy I think I remember the unique shape of his nostrils and his nose
280,Day,44,Male,36,White,WC1.P.LINE,White,TP,Yes,0,Foil,40,5.536,No,unsure,At this point it's hard for me to place who might've shown up.,?,No,Yes,unsure,At this point it's hard for me to place who might've shown up.,FALSE,FALSE,1.7112722183153684,-0.364180712,unsure At this point it's hard for me to place who might've shown up.
281,Day,67,Female,30,White,WC1.P.LINE,White,TP,Yes,0,Foil,20,9.833,No,"I vaguely remember this guy at the very end, but now I don't know.",The longer I do this test the harder this becomes and my memory of the people yesterday is muddied.,?,No,Yes,"I vaguely remember this guy at the very end, but now I don't know.",The longer I do this test the harder this becomes and my memory of the people yesterday is muddied.,FALSE,FALSE,2.285744075798019,0.5006972229594872,"I vaguely remember this guy at the very end, but now I don't know. The longer I do this test the harder this becomes and my memory of the people yesterday is muddied."
281,Day,67,Female,30,White,WC2.P.LINE,White,TP,Yes,1,Target,100,6.434,No,I remember this guy because he looks like a friend of mine. Very certain.,I remember him very clearly because of his nose and hair.,OU,No,Yes,I remember this guy because he looks like a friend of mine. Very certain.,I remember him very clearly because of his nose and hair.,FALSE,FALSE,1.8615964288168347,-0.137864852,I remember this guy because he looks like a friend of mine. Very certain. I remember him very clearly because of his nose and hair.
281,Day,67,Female,30,White,WD1.NP.LINE,White,TA,Yes,0,Foil,20,3.499,No,"I'm pretty sure about this one, I remember the wideset eyes and the ugliness of one guy.",I vaguely remember a guy who I thought looked like a serial killer.,OU,No,Yes,"I'm pretty sure about this one, I remember the wideset eyes and the ugliness of one guy.",I vaguely remember a guy who I thought looked like a serial killer.,FALSE,FALSE,1.252477213385551,-1.054905021,"I'm pretty sure about this one, I remember the wideset eyes and the ugliness of one guy. I vaguely remember a guy who I thought looked like a serial killer."
282,5Minute,67,Female,42,White,WC2.NP.LINE,White,TA,Yes,0,Foil,60,8.211,No,almost positive,I remember his face,R,No,Yes,almost positive,I remember his face,FALSE,FALSE,2.1054747187266516,0.2292983941273705,almost positive I remember his face
282,5Minute,67,Female,42,White,WD1.P.LINE,White,TP,Yes,1,Target,60,12.854,No,almost positive,he reminded me of a football player that i used to know.,U1,No,Yes,almost positive,he reminded me of a football player that I used to know.,FALSE,FALSE,2.5536550469490944,0.904042112,almost positive he reminded me of a football player that I used to know.
282,5Minute,67,Female,42,White,WD3.P.LINE,White,TP,Yes,1,Target,100,6.799,No,positive,I remember his face. He looks like a man I know.,U1,No,Yes,positive,I remember his face. He looks like a man I know.,FALSE,FALSE,1.9167755425443227,-0.054791682,positive I remember his face. He looks like a man I know.
283,5Minute,52,Male,32,White,WC1.NP.LINE,White,TA,Yes,0,Foil,20,8.801,No,Not very,Looks familiar to one of the faces,F,No,Yes,Not very,Looks familiar to one of the faces,FALSE,FALSE,2.174865351391675,0.3337672663925068,Not very Looks familiar to one of the faces
283,5Minute,52,Male,32,White,WC2.NP.LINE,White,TA,Yes,0,Foil,80,11.009,No,Moderately,Thick neck and muscular features,Omany,No,Yes,Moderately,Thick neck and muscular features,FALSE,FALSE,2.3987131200882663,0.6707741945133303,Moderately Thick neck and muscular features
283,5Minute,52,Male,32,White,WC3.NP.LINE,White,TA,Yes,0,Foil,40,15.17,No,Fairly,face shape and hair,Omany,No,Yes,Fairly,face shape and hair,FALSE,FALSE,2.719319793360441,1.153453431048143,Fairly face shape and hair
283,5Minute,52,Male,32,White,WD1.P.LINE,White,TP,Yes,1,Target,40,9.427,No,Fairly,Eyes and skin tone,Omany,No,Yes,Fairly,Eyes and skin tone,FALSE,FALSE,2.2435779124140134,0.43721528934260345,Fairly Eyes and skin tone
283,5Minute,52,Male,32,White,WD2.P.LINE,White,TP,Yes,0,Foil,60,6.146,No,Moderately,Hair and eye browes,Omany,No,Yes,Moderately,Hair and eye brows,FALSE,FALSE,1.8158014637082929,-0.206810013,Moderately Hair and eye brows
284,5Minute,45,Female,36,White,WC1.P.LINE,White,TP,Yes,0,Foil,60,2.825,No,somewhat,looks famillilar,F,No,Yes,somewhat,looks familiar,FALSE,FALSE,1.0385083645984043,-1.377039053,somewhat looks familiar
284,5Minute,45,Female,36,White,WC3.P.LINE,White,TP,Yes,0,Foil,40,5.408,No,looks somewhat familiar,looks familiar,F,No,Yes,looks somewhat familiar,looks familiar,FALSE,FALSE,1.687879338740663,-0.399399122,looks somewhat familiar looks familiar
285,Day,65,Female,32,White,WC2.NP.LINE,White,TA,Yes,0,Foil,20,30.296,No,Not entirely certain.,His eyes seem to look familiar.,FO,No,Yes,Not entirely certain.,His eyes seem to look familiar.,FALSE,FALSE,3.4110156905994935,2.1948143116127725,Not entirely certain. His eyes seem to look familiar.
285,Day,65,Female,32,White,WC3.NP.LINE,White,TA,Yes,0,Foil,40,35.809,No,Not very certain,"His facial symmetry, his eyes.",Omany,No,Yes,Not very certain,"His facial symmetry, his eyes.",FALSE,FALSE,3.578199258459857,2.446512244386307,"Not very certain His facial symmetry, his eyes."
285,Day,65,Female,32,White,WD1.P.LINE,White,TP,Yes,1,Target,100,3.946,No,Certain,"His hair, his eyebrows and eyes, his facial structure.",Omany,No,Yes,Certain,"His hair, his eyebrows and eyes, his facial structure.",FALSE,FALSE,1.3727024076004237,-0.873903782,"Certain His hair, his eyebrows and eyes, his facial structure."
285,Day,65,Female,32,White,WD2.P.LINE,White,TP,Yes,1,Target,80,24.365,No,certain,I recognize his hair and his eyes.,Omany,No,Yes,certain,I recognize his hair and his eyes.,FALSE,FALSE,3.1931476762954696,1.8668100135851158,certain I recognize his hair and his eyes.
285,Day,65,Female,32,White,WD3.P.LINE,White,TP,Yes,1,Target,100,14.732,No,Certain,I recognize his hair and his facial expression.,Omany,No,Yes,Certain,I recognize his hair and his facial expression.,FALSE,FALSE,2.690021998582819,1.109345062775312,Certain I recognize his hair and his facial expression.
286,Day,62,Male,31,White,WC1.NP.LINE,White,TA,Yes,0,Foil,40,3.286,No,somewhat,I believe I saw him in the lineup yesterday,R,No,Yes,somewhat,I believe I saw him in the lineup yesterday,FALSE,FALSE,1.1896710196150764,-1.149460899,somewhat I believe I saw him in the lineup yesterday
286,Day,62,Male,31,White,WD1.P.LINE,White,TP,Yes,1,Target,60,3.44,No,somewhat,his face seems familiar,F,No,Yes,somewhat,his face seems familiar,FALSE,FALSE,1.235471471385307,-1.080507478,somewhat his face seems familiar
287,Day,49,Female,30,White,WD2.P.LINE,White,TP,Yes,0,Foil,40,3.974,No,sort of,looks familiar,F,No,Yes,sort of,looks familiar,FALSE,FALSE,1.3797731441296253,-0.863258658,sort of looks familiar
287,Day,49,Female,30,White,WD3.P.LINE,White,TP,Yes,1,Target,100,3.385,No,completely,his hair,O1,No,Yes,completely,his hair,FALSE,FALSE,1.2193539063642382,-1.104772768,completely his hair
288,Day,67,Female,34,White,WC1.P.LINE,White,TP,Yes,0,Foil,80,6.006,No,slighlty certain,I think I saw this man yesterday.,R,No,Yes,slightly certain,I think I saw this man yesterday.,FALSE,FALSE,1.7927589695611386,-0.241500911,slightly certain I think I saw this man yesterday.
288,Day,67,Female,34,White,WC2.P.LINE,White,TP,Yes,0,Foil,60,12.876,No,fairly certain,"This face looks familiar, but I cannot say with 100% certainty.",F,No,Yes,fairly certain,"This face looks familiar, but I cannot say with 100% certainty.",FALSE,TRUE,2.5553651134365616,0.9066166483814736,"fairly certain This face looks familiar, but I cannot say with 100% certainty."
288,Day,67,Female,34,White,WD1.NP.LINE,White,TA,Yes,0,Foil,40,10.343,No,slightly certain,I may have seen this man,R,No,Yes,slightly certain,I may have seen this man,FALSE,FALSE,2.3363099623956667,0.5768250941873525,slightly certain I may have seen this man
288,Day,67,Female,34,White,WD3.NP.LINE,White,TA,Yes,0,Foil,100,6.676,No,certain,I did see this man yesterday,R,No,Yes,certain,I did see this man yesterday,FALSE,FALSE,1.8985190057995887,-0.082277234,certain I did see this man yesterday
289,Day,62,Female,21,White,WC1.NP.LINE,White,TA,Yes,0,Foil,40,4.234,No,fairly certain,slightly recognizable,R,No,Yes,fairly certain,slightly recognizable,FALSE,FALSE,1.4431471727126735,-0.767847894,fairly certain slightly recognizable
290,5Minute,67,Female,25,White,WC1.P.LINE,White,TP,Yes,1,Target,60,4.663,No,pretty certain,"He reminds me of someone I know, and I remember his facial hair and eyes",OU,No,Yes,pretty certain,"He reminds me of someone I know, and I remember his facial hair and eyes",FALSE,FALSE,1.539659017826184,-0.622547538,"pretty certain He reminds me of someone I know, and I remember his facial hair and eyes"
290,5Minute,67,Female,25,White,WC3.P.LINE,White,TP,Yes,1,Target,80,6.153,No,very,"The facial features look similar, as well as the asymmetry of his head",Omany,No,Yes,very,"The facial features look similar, as well as the asymmetry of his head",FALSE,FALSE,1.8169397677583532,-0.205096275,"very The facial features look similar, as well as the asymmetry of his head"
290,5Minute,67,Female,25,White,WD1.NP.LINE,White,TA,Yes,0,Foil,40,9.367,No,somewhat,"The guy reminded me of my friend, but I'm not sure",U1,No,Yes,somewhat,"The guy reminded me of my friend, but I'm not sure",FALSE,FALSE,2.2371928742269938,0.4276024970513466,"somewhat The guy reminded me of my friend, but I'm not sure"
290,5Minute,67,Female,25,White,WD2.NP.LINE,White,TA,Yes,0,Foil,40,9.961,No,somewhat,His face looks familiar but the lighting and no smile made it hard,FO,No,Yes,somewhat,His face looks familiar but the lighting and no smile made it hard,FALSE,FALSE,2.298677468163029,0.5201686827667146,somewhat His face looks familiar but the lighting and no smile made it hard
291,Day,62,Female,30,White,WC1.P.LINE,White,TP,Yes,0,Foil,20,2.448,No,I'm slightly certain,I think I may have seen him before,?,No,Yes,I'm slightly certain,I think I may have seen him before,FALSE,FALSE,0.8952713646500796,-1.592684988,I'm slightly certain I think I may have seen him before
291,Day,62,Female,30,White,WC2.P.LINE,White,TP,Yes,0,Foil,20,2.363,No,I'm not certain,I don't think I can be sure that he is one that I've seen before,?,No,Yes,I'm not certain,I don't think I can be sure that he is one that I've seen before,FALSE,FALSE,0.8599319982047707,-1.645889054,I'm not certain I don't think I can be sure that he is one that I've seen before
291,Day,62,Female,30,White,WD1.NP.LINE,White,TA,Yes,0,Foil,20,2,No,I'm slightly certain,He looks like one of the guys I viewed recently,R,No,Yes,I'm slightly certain,He looks like one of the guys I viewed recently,FALSE,FALSE,0.6931471805599453,-1.896986661,I'm slightly certain He looks like one of the guys I viewed recently
291,Day,62,Female,30,White,WD2.NP.LINE,White,TA,Yes,0,Foil,20,4.063,No,not certain,I think I have seen him before,R,No,Yes,not certain,I think I have seen him before,FALSE,FALSE,1.4019216170055897,-0.829913726,not certain I think I have seen him before
292,Day,58,Female,31,White,WC1.P.LINE,White,TP,Yes,1,Target,20,5.737,No,not very,he looks the most familiar,F,No,Yes,not very,he looks the most familiar,FALSE,FALSE,1.746936425619734,-0.310487593,not very he looks the most familiar
292,Day,58,Female,31,White,WD1.NP.LINE,White,TA,Yes,0,Foil,20,3.958,No,not very certain,he look vaguely familiar but is hard to distinguish from the others,F,No,Yes,not very certain,he look vaguely familiar but is hard to distinguish from the others,FALSE,FALSE,1.375738847180374,-0.869332367,not very certain he look vaguely familiar but is hard to distinguish from the others
294,Day,65,Female,26,White,WC1.NP.LINE,White,TA,Yes,0,Foil,60,6.835,No,not really at all,the smirk seemed to stand out to me to I picked that guy,O1,No,Yes,not really at all,the smirk seemed to stand out to me to I picked that guy,FALSE,FALSE,1.9220564701759129,-0.046841149,not really at all the smirk seemed to stand out to me to I picked that guy
294,Day,65,Female,26,White,WC3.NP.LINE,White,TA,Yes,0,Foil,40,4.456,No,I am iffy on this one,it looks the most familiar out of all of the other pictures,F,No,Yes,I am iffy on this one,it looks the most familiar out of all of the other pictures,FALSE,FALSE,1.494251502624983,-0.690909387,I am iffy on this one it looks the most familiar out of all of the other pictures
294,Day,65,Female,26,White,WD1.P.LINE,White,TP,Yes,1,Target,100,4.56,No,100%,I remember his face but he was wearing a different shirt,?,No,Yes,100%,I remember his face but he was wearing a different shirt,TRUE,FALSE,1.5173226235262947,-0.65617539,1 I remember his face but he was wearing a different shirt
294,Day,65,Female,26,White,WD2.P.LINE,White,TP,Yes,1,Target,100,5.641,No,very certain I saw him yesterday,I remember his facial expression,O1,No,Yes,very certain I saw him yesterday,I remember his facial expression,FALSE,FALSE,1.730061354757839,-0.335893322,very certain I saw him yesterday I remember his facial expression
295,Day,69,Female,39,White,WC1.NP.LINE,White,TA,Yes,0,Foil,60,4.551,No,somewhat,pretty sure I remember him,R,No,Yes,somewhat,pretty sure I remember him,FALSE,FALSE,1.5153469890345048,-0.659149744,somewhat pretty sure I remember him
295,Day,69,Female,39,White,WC2.NP.LINE,White,TA,Yes,0,Foil,20,33.839,No,slightly,possibly someone I saw yesterday,R,No,Yes,slightly,possibly someone I saw yesterday,FALSE,FALSE,3.521613983473965,2.3613220733566593,slightly possibly someone I saw yesterday
296,Day,70,Male,23,White,WC1.P.LINE,White,TP,Yes,1,Target,100,5.481,No,certain,I remember this one for sure,R,No,Yes,certain,I remember this one for sure,FALSE,FALSE,1.7012875660639792,-0.37921279,certain I remember this one for sure
296,Day,70,Male,23,White,WC2.P.LINE,White,TP,Yes,1,Target,80,6.906,No,pretty certain,remember this one =,R,No,Yes,pretty certain,remember this one =,FALSE,FALSE,1.9323905989678005,-0.031282928,pretty certain remember this one =
297,Day,67,Female,29,White,WC1.NP.LINE,White,TA,Yes,0,Foil,20,50.407,No,Uncertain.,"I didn't initially recognize any of the photos, but this one stood out after a minute. I think his eyes and the shape of his head (narrow) seem to strike a bell, but I'm afraid it's because I just stared at him too long right now.",Omany,No,Yes,Uncertain.,"I didn't initially recognize any of the photos, but this one stood out after a minute. I think his eyes and the shape of his head (narrow) seem to strike a bell, but I'm afraid it's because I just stared at him too long right now.",FALSE,FALSE,3.920130054322043,2.9612953392297197,"Uncertain. I didn't initially recognize any of the photos, but this one stood out after a minute. I think his eyes and the shape of his head (narrow) seem to strike a bell, but I'm afraid it's because I just stared at him too long right now."
297,Day,67,Female,29,White,WD1.P.LINE,White,TP,Yes,1,Target,60,14.929,No,Kind of sure.,"I think I remember seeing that haircut (especially the sideburns) and eyebrows. He looks like a frat guy, and I remember thinking that about someone yesterday.",Omany,No,Yes,Kind of sure.,"I think I remember seeing that haircut (especially the sideburns) and eyebrows. He looks like a frat guy, and I remember thinking that about someone yesterday.",FALSE,FALSE,2.703305630071453,1.129343814017463,"Kind of sure. I think I remember seeing that haircut (especially the sideburns) and eyebrows. He looks like a frat guy, and I remember thinking that about someone yesterday."
297,Day,67,Female,29,White,WD2.P.LINE,White,TP,Yes,0,Foil,40,14.443,No,Not very sure.,"I think I've seen him before, but I really don't feel confident about it. His eyes look familiar, I think.",FO,No,Yes,Not very sure.,"I think I've seen him before, but I really don't feel confident about it. His eyes look familiar, I think.",FALSE,FALSE,2.670209868,1.0795175363898226,"Not very sure. I think I've seen him before, but I really don't feel confident about it. His eyes look familiar, I think."
297,Day,67,Female,29,White,WD3.P.LINE,White,TP,Yes,1,Target,40,17.189,No,Not very sure.,I think his haircut looks familiar but wouldn't be very confident about the ID.,FO,No,Yes,Not very sure.,I think his haircut looks familiar but wouldn't be very confident about the ID.,FALSE,FALSE,2.844269644,1.3415677271833888,Not very sure. I think his haircut looks familiar but wouldn't be very confident about the ID.
298,5Minute,69,Male,28,White,WC1.NP.LINE,White,TA,Yes,0,Foil,20,9.43,No,I am not sure on this one,He looks familiar but I am not too sure,F,No,Yes,I am not sure on this one,He looks familiar but I am not too sure,FALSE,FALSE,2.2438960966453663,0.43769432154832566,I am not sure on this one He looks familiar but I am not too sure
298,5Minute,69,Male,28,White,WD1.P.LINE,White,TP,Yes,1,Target,100,10.97,No,Absolutely positive,I clearly and firmly remember this gentleman's face,O1,No,Yes,Absolutely positive,I clearly and firmly remember this gentleman's face,FALSE,FALSE,2.395164274287139,0.665431342,Absolutely positive I clearly and firmly remember this gentleman's face
298,5Minute,69,Male,28,White,WD3.P.LINE,White,TP,Yes,1,Target,100,3.389,No,Very positive on this one,I remember this fellow's haircut,O1,No,Yes,Very positive on this one,I remember this fellow's haircut,FALSE,FALSE,1.2205348926249142,-1.102994771,Very positive on this one I remember this fellow's haircut
299,5Minute,72,Female,34,White,WC1.NP.LINE,White,TA,Yes,0,Foil,80,6.117,No,moderately certain,"facial hair, hair, and brows seem familiar",FO,No,Yes,moderately certain,"facial hair, hair, and brows seem familiar",FALSE,FALSE,1.811071780260428,-0.213930638,"moderately certain facial hair, hair, and brows seem familiar"
299,5Minute,72,Female,34,White,WC3.NP.LINE,White,TA,Yes,0,Foil,40,3.433,No,Not certain,The eyes and brows look familiar to someone seen in the pictures,FO,No,Yes,Not certain,The eyes and brows look familiar to someone seen in the pictures,FALSE,FALSE,1.233434514475555,-1.083574154,Not certain The eyes and brows look familiar to someone seen in the pictures
299,5Minute,72,Female,34,White,WD1.P.LINE,White,TP,Yes,1,Target,100,2.446,No,Certain,Close set eyes and thicker eyebrows reminded of someone I knew in school,OU,No,Yes,Certain,Close set eyes and thicker eyebrows reminded of someone I knew in school,FALSE,FALSE,0.8944540372649807,-1.59391549,Certain Close set eyes and thicker eyebrows reminded of someone I knew in school
299,5Minute,72,Female,34,White,WD2.P.LINE,White,TP,Yes,1,Target,60,3.517,No,Somewhat certain,shape of face and lips look similar to someone in the pictures.,Omany,No,Yes,Somewhat certain,shape of face and lips look similar to someone in the pictures.,FALSE,FALSE,1.2576083534918454,-1.047179995,Somewhat certain shape of face and lips look similar to someone in the pictures.
299,5Minute,72,Female,34,White,WD3.P.LINE,White,TP,Yes,1,Target,80,3.57,No,Very Certain,I remember his eyebrows and somewhat close set eyes.,Omany,No,Yes,Very Certain,I remember his eyebrows and somewhat close set eyes.,FALSE,FALSE,1.2725655957915476,-1.024661592,Very Certain I remember his eyebrows and somewhat close set eyes.
300,Day,65,Male,24,White,WC1.NP.LINE,White,TA,Yes,0,Foil,40,10.224,No,Not sure,This individuals facial features look familiar,F,No,Yes,Not sure,This individuals facial features look familiar,FALSE,FALSE,2.324737897635179,0.559403138,Not sure This individuals facial features look familiar
300,Day,65,Male,24,White,WC2.NP.LINE,White,TA,Yes,0,Foil,80,3.186,No,Pretty sure,Looks like an individual I saw yesterday,R,No,Yes,Pretty sure,Looks like an individual I saw yesterday,FALSE,FALSE,1.1587662114878567,-1.195988656,Pretty sure Looks like an individual I saw yesterday
300,Day,65,Male,24,White,WD1.P.LINE,White,TP,Yes,1,Target,40,4.058,No,Not sure,Individuals face look familiar,F,No,Yes,Not sure,Individuals face look familiar,FALSE,FALSE,1.4006902414036229,-0.831767584,Not sure Individuals face look familiar
300,Day,65,Male,24,White,WD2.P.LINE,White,TP,Yes,0,Foil,80,3.908,No,Im pretty sure I saw this individual,His face and hair look very familiar,?,No,Yes,I'm pretty sure I saw this individual,His face and hair look very familiar,FALSE,FALSE,1.3630257341805363,-0.888472192,I'm pretty sure I saw this individual His face and hair look very familiar
301,Day,38,Female,26,White,WD1.P.LINE,White,TP,Yes,0,Foil,60,4.285,No,mostly,i'm less certain now actually,?,No,Yes,mostly,I'm less certain now actually,FALSE,FALSE,1.4551205520497432,-0.749821752,mostly I'm less certain now actually
303,5Minute,54,Male,25,White,WC1.P.LINE,White,TP,Yes,0,Foil,20,4.41,No,somewhat,remember a goofy looking face,O1,No,Yes,somewhat,remember a goofy looking face,FALSE,FALSE,1.4838746894587547,-0.706531869,somewhat remember a goofy looking face
303,5Minute,54,Male,25,White,WC2.P.LINE,White,TP,Yes,0,Foil,40,3.605,No,50/50,looks somewhat fimilar but not entirely sure,F,No,Yes,50/50,looks somewhat familiar but not entirely sure,TRUE,FALSE,1.2823217707369123,-1.009973491,50/50 looks somewhat familiar but not entirely sure
303,5Minute,54,Male,25,White,WD2.NP.LINE,White,TA,Yes,0,Foil,40,3.555,No,somewhat,looks like a similar photo in original,R,No,Yes,somewhat,looks like a similar photo in original,FALSE,FALSE,1.2683550632552043,-1.031000626,somewhat looks like a similar photo in original
304,5Minute,62,Male,36,White,WC2.P.LINE,White,TP,Yes,1,Target,40,9.418,No,I'm not sure...,I think I recognize his haircut...,O1,No,Yes,I'm not sure...,I think I recognize his haircut...,FALSE,FALSE,2.242622751821363,0.43577727752293893,I'm not sure... I think I recognize his haircut...
304,5Minute,62,Male,36,White,WD2.NP.LINE,White,TA,Yes,0,Foil,40,7,No,Looks familiar,something about his face looks familiar.,F,No,Yes,Looks familiar,something about his face looks familiar.,FALSE,FALSE,1.9459101490553132,-0.010928997,Looks familiar something about his face looks familiar.
305,5Minute,65,Female,33,White,WC1.P.LINE,White,TP,Yes,1,Target,100,2.038,No,Totally,I recall seeing him,R,No,Yes,Totally,I recall seeing him,FALSE,FALSE,0.711968935,-1.868650164,Totally I recall seeing him
305,5Minute,65,Female,33,White,WC2.P.LINE,White,TP,Yes,1,Target,100,3.783,No,Totally,I saw him,R,No,Yes,Totally,I saw him,FALSE,FALSE,1.330517345650892,-0.937414168,Totally I saw him
305,5Minute,65,Female,33,White,WC3.P.LINE,White,TP,Yes,1,Target,100,2.295,No,Totally,I saw him,R,No,Yes,Totally,I saw him,FALSE,FALSE,0.8307328435125084,-1.689848918,Totally I saw him
306,5Minute,64,Female,37,White,WC1.P.LINE,White,TP,Yes,0,Foil,60,33.606,No,I may have seen this person before.,"I think I remember his ""soul patch"" but I can't be certain.",O1,No,Yes,I may have seen this person before.,"I think I remember his ""soul patch"" but I can't be certain.",FALSE,FALSE,3.514704622,2.3509199034106083,"I may have seen this person before. I think I remember his ""soul patch"" but I can't be certain."
306,5Minute,64,Female,37,White,WC2.P.LINE,White,TP,Yes,0,Foil,80,7.2,No,I remember this guy from before.,I think I remember him because I thought he looked like my niece's father.,U1,No,Yes,I remember this guy from before.,I think I remember him because I thought he looked like my niece's father.,FALSE,FALSE,1.9740810260220096,0.031482775903086097,I remember this guy from before. I think I remember him because I thought he looked like my niece's father.
306,5Minute,64,Female,37,White,WC3.P.LINE,White,TP,Yes,0,Foil,40,8.115,No,"I think this guy had on a plaid shirt before, but I can't be certain.",I'm not certain that I saw the person in the picture.,U1,No,Yes,"I think this guy had on a plaid shirt before, but I can't be certain.",I'm not certain that I saw the person in the picture.,FALSE,FALSE,2.0937142009665544,0.2115927185849316,"I think this guy had on a plaid shirt before, but I can't be certain. I'm not certain that I saw the person in the picture."
306,5Minute,64,Female,37,White,WD1.NP.LINE,White,TA,Yes,0,Foil,80,17.285,No,I know that I definitely saw the guy pictured above.,I remember the guy by his eyebrows.,O1,No,Yes,I know that I definitely saw the guy pictured above.,I remember the guy by his eyebrows.,FALSE,FALSE,2.849839073373588,1.349952604901387,I know that I definitely saw the guy pictured above. I remember the guy by his eyebrows.
306,5Minute,64,Female,37,White,WD3.NP.LINE,White,TA,Yes,0,Foil,40,17.044,No,I'm not sure if he was in the previous photos.,"I do not know if I saw this photo before, but I may have.",R,No,Yes,I'm not sure if he was in the previous photos.,"I do not know if I saw this photo before, but I may have.",FALSE,FALSE,2.8357982356376654,1.3288138657431698,"I'm not sure if he was in the previous photos. I do not know if I saw this photo before, but I may have."
307,5Minute,52,Female,35,White,WC2.NP.LINE,White,TA,Yes,0,Foil,0,14.781,No,Not at all,These pictures all kind of look alike,R,No,Yes,Not at all,These pictures all kind of look alike,FALSE,FALSE,2.693342572229936,1.1143442474039096,Not at all These pictures all kind of look alike
307,5Minute,52,Female,35,White,WD1.P.LINE,White,TP,Yes,0,Foil,40,9.55,No,This looks a little familiar,I sort of remember it,F,No,Yes,This looks a little familiar,I sort of remember it,FALSE,FALSE,2.256541154492639,0.45673168844205425,This looks a little familiar I sort of remember it
307,5Minute,52,Female,35,White,WD2.P.LINE,White,TP,Yes,1,Target,0,5.995,No,I'm just guessing on this one,This is hard with them all wearing the same shirt now.,?,No,Yes,I'm just guessing on this one,This is hard with them all wearing the same shirt now.,FALSE,FALSE,1.7909257884794776,-0.244260799,I'm just guessing on this one This is hard with them all wearing the same shirt now.
308,Day,71,Female,27,White,WD1.P.LINE,White,TP,Yes,1,Target,80,7.079,No,I'm 80 percent certain.,This one looks very familiar like I've seen him in the first task.,F,No,Yes,I'm 80 percent certain.,This one looks very familiar like I've seen him in the first task.,TRUE,FALSE,1.9571326547920522,0.005966692,I'm 80 percent certain. This one looks very familiar like I've seen him in the first task.
308,Day,71,Female,27,White,WD2.P.LINE,White,TP,Yes,1,Target,40,9.392,No,I'm 40 percent certain.,This one looks familiar but I'm not sure.,F,No,Yes,I'm 40 percent certain.,This one looks familiar but I'm not sure.,TRUE,FALSE,2.2398582630857407,0.431615289,I'm 40 percent certain. This one looks familiar but I'm not sure.
308,Day,71,Female,27,White,WD3.P.LINE,White,TP,Yes,1,Target,80,17.218,No,I'm 80 percent certain.,He looks very familiar like he most likely was in the first task.,F,No,Yes,I'm 80 percent certain.,He looks very familiar like he most likely was in the first task.,TRUE,FALSE,2.845955348235763,1.344105585,I'm 80 percent certain. He looks very familiar like he most likely was in the first task.
309,5Minute,61,Female,38,White,WC3.NP.LINE,White,TA,Yes,0,Foil,40,13.626,No,halfway certain,"He seems familiar in hair style and color, also face and chin shape",FO,No,Yes,halfway certain,"He seems familiar in hair style and color, also face and chin shape",TRUE,FALSE,2.611979732351476,0.991850997,"halfway certain He seems familiar in hair style and color, also face and chin shape"
309,5Minute,61,Female,38,White,WD1.P.LINE,White,TP,Yes,1,Target,60,5.505,No,a little,I remember the shape of the head with the hair color and lip size,Omany,No,Yes,a little,I remember the shape of the head with the hair color and lip size,FALSE,FALSE,1.7056567701746432,-0.372634873,a little I remember the shape of the head with the hair color and lip size
309,5Minute,61,Female,38,White,WD2.P.LINE,White,TP,Yes,0,Foil,20,18.001,No,a little certain,The hair color and facial shape are similar to someone I remember,Omany,No,Yes,a little certain,The hair color and facial shape are similar to someone I remember,FALSE,FALSE,2.8904273119085677,1.4110589436697174,a little certain The hair color and facial shape are similar to someone I remember
309,5Minute,61,Female,38,White,WD3.P.LINE,White,TP,Yes,1,Target,60,14.832,No,Half certain.,"If he's not the same guy, then his hair, mouth and facial shape are.",Omany,No,Yes,Half certain.,"If he's not the same guy, then his hair, mouth and facial shape are.",TRUE,FALSE,2.6967870088234993,1.1195299099738911,"Half certain. If he's not the same guy, then his hair, mouth and facial shape are."
310,Day,68,Female,34,White,WC1.P.LINE,White,TP,Yes,1,Target,20,9.888,No,I'm not very certain.,"He looks kind of familiar, but I don't know for sure.",F,No,Yes,I'm not very certain.,"He looks kind of familiar, but I don't know for sure.",FALSE,FALSE,2.291321900715335,0.5090947408437432,"I'm not very certain. He looks kind of familiar, but I don't know for sure."
310,Day,68,Female,34,White,WC2.P.LINE,White,TP,Yes,0,Foil,60,8.649,No,I feel more certain with him.,I remember seeing a guy yesterday that looked like a family friend.  And this guy looks the same.,U1,No,Yes,I feel more certain with him.,I remember seeing a guy yesterday that looked like a family friend.  And this guy looks the same.,FALSE,FALSE,2.157443707324375,0.30753866119299217,I feel more certain with him. I remember seeing a guy yesterday that looked like a family friend.  And this guy looks the same.
311,Day,38,Male,23,White,WC1.P.LINE,White,TP,Yes,0,Foil,40,10.708,No,Unsure.,I feel like I remember some details about this man's face.,?,No,Yes,Unsure.,I feel like I remember some details about this man's face.,FALSE,FALSE,2.370991125658106,0.6290382226129184,Unsure. I feel like I remember some details about this man's face.
311,Day,38,Male,23,White,WC2.P.LINE,White,TP,Yes,0,Foil,80,5.601,No,I'm pretty certain.,It just feel correct to me from my memory.,R,No,Yes,I'm pretty certain.,It just feel correct to me from my memory.,FALSE,FALSE,1.7229451532276951,-0.346606894,I'm pretty certain. It just feel correct to me from my memory.
311,Day,38,Male,23,White,WC3.P.LINE,White,TP,Yes,0,Foil,60,7.98,No,Somewhat certain.,I don't specifically remember the one I chose. But I feel confident he is the one.,?,No,Yes,Somewhat certain.,I don't specifically remember the one I chose. But I feel confident he is the one.,FALSE,FALSE,2.0769384114617173,0.18633645929431678,Somewhat certain. I don't specifically remember the one I chose. But I feel confident he is the one.
311,Day,38,Male,23,White,WD2.NP.LINE,White,TA,Yes,0,Foil,20,12.605,No,Very uncertain..,I slightly remember the man I chose. However it might be none of them.,?,No,Yes,Very uncertain..,I slightly remember the man I chose. However it might be none of them.,FALSE,FALSE,2.5340935606398833,0.874591935,Very uncertain.. I slightly remember the man I chose. However it might be none of them.
312,5Minute,39,Male,42,White,WC1.NP.LINE,White,TA,Yes,0,Foil,60,7.519,No,I can recall him somewhat,He stands out a little,R,No,Yes,I can recall him somewhat,He stands out a little,FALSE,FALSE,2.01743315,0.096750196,I can recall him somewhat He stands out a little
312,5Minute,39,Male,42,White,WC2.NP.LINE,White,TA,Yes,0,Foil,80,4.998,No,90 percent,Memory,?,No,Yes,90 percent,Memory,TRUE,FALSE,1.6090378324127608,-0.518096458,90 percent Memory
312,5Minute,39,Male,42,White,WD1.P.LINE,White,TP,Yes,1,Target,100,2.209,No,I can recall him exactly,His facial features helped me ID him,R,No,Yes,I can recall him exactly,His facial features helped me ID him,FALSE,FALSE,0.7925399244379802,-1.747349059,I can recall him exactly His facial features helped me ID him
312,5Minute,39,Male,42,White,WD2.P.LINE,White,TP,Yes,1,Target,100,2.99,No,100%,irecall him,R,No,Yes,100%,I recall him,TRUE,FALSE,1.095273387402595,-1.291578269,1 I recall him
312,5Minute,39,Male,42,White,WD3.P.LINE,White,TP,Yes,1,Target,80,5.946,No,90%,I recall his expression,O1,No,Yes,90%,I recall his expression,TRUE,FALSE,1.782718724575906,-0.256616684,0.9 I recall his expression
313,5Minute,58,Male,42,White,WC1.P.LINE,White,TP,Yes,1,Target,60,9.688,No,I am fairly certain.,He seems familiar.,F,No,Yes,I am fairly certain.,He seems familiar.,FALSE,FALSE,2.2708880062507912,0.4783311373325776,I am fairly certain. He seems familiar.
313,5Minute,58,Male,42,White,WC2.P.LINE,White,TP,Yes,1,Target,80,14.554,No,I am somewhat certain.,He looks quite similar to someone I saw.,R,No,Yes,I am somewhat certain.,He looks quite similar to someone I saw.,FALSE,FALSE,2.6778658699248945,1.0910437877583548,I am somewhat certain. He looks quite similar to someone I saw.
313,5Minute,58,Male,42,White,WD2.NP.LINE,White,TA,Yes,0,Foil,60,16.902,No,I am slightly certain.,I think I saw him.,R,No,Yes,I am slightly certain.,I think I saw him.,FALSE,FALSE,2.8274319581222906,1.316218281245366,I am slightly certain. I think I saw him.
313,5Minute,58,Male,42,White,WD3.NP.LINE,White,TA,Yes,0,Foil,60,12.76,No,I am somewhat certain.,He looks similar to someone I saw.,R,No,Yes,I am somewhat certain.,He looks similar to someone I saw.,FALSE,FALSE,2.546315277916644,0.8929919547500617,I am somewhat certain. He looks similar to someone I saw.
314,5Minute,45,Male,29,White,WC2.P.LINE,White,TP,Yes,0,Foil,40,3.246,No,certain,the face is similar,R,No,Yes,certain,the face is similar,FALSE,FALSE,1.1774234690923995,-1.167899812,certain the face is similar
314,5Minute,45,Male,29,White,WC3.P.LINE,White,TP,Yes,1,Target,80,3.094,No,pretty certain,the head shape and face are familiar,FO,No,Yes,pretty certain,the head shape and face are familiar,FALSE,FALSE,1.1294647521508743,-1.240102541,pretty certain the head shape and face are familiar
315,Day,68,Male,24,White,WC1.P.LINE,White,TP,Yes,1,Target,40,3.356,No,He looks familiar. Though I'm not sure if I just saw him in an earlier lineup,He looks the most familiar out of all of the faces.,F,No,Yes,He looks familiar. Though I'm not sure if I just saw him in an earlier lineup,He looks the most familiar out of all of the faces.,FALSE,FALSE,1.2107497886049596,-1.117726425,He looks familiar. Though I'm not sure if I just saw him in an earlier lineup He looks the most familiar out of all of the faces.
315,Day,68,Male,24,White,WC3.P.LINE,White,TP,Yes,1,Target,20,13.178,No,Uncertain,I remember a smirk similar to his yesterday.,O1,No,Yes,Uncertain,I remember a smirk similar to his yesterday.,FALSE,FALSE,2.578548772491628,0.9415200730000967,Uncertain I remember a smirk similar to his yesterday.
315,Day,68,Male,24,White,WD2.NP.LINE,White,TA,Yes,0,Foil,20,3.598,No,Mildly familiar / mildly certain,His face looks mildly familiar.,F,No,Yes,Mildly familiar / mildly certain,His face looks mildly familiar.,FALSE,FALSE,1.2803781355283412,-1.01289967,Mildly familiar / mildly certain His face looks mildly familiar.
317,Day,45,Male,27,White,WC1.NP.LINE,White,TA,Yes,0,Foil,80,10.518,No,His face is plain,I remember a face that looked kind of plain,O1,No,Yes,His face is plain,I remember a face that looked kind of plain,FALSE,FALSE,2.3530880751671526,0.6020848511985882,His face is plain I remember a face that looked kind of plain
317,Day,45,Male,27,White,WC2.NP.LINE,White,TA,Yes,0,Foil,80,6.34,No,Mostly sure,The curvature of his neck,O1,No,Yes,Mostly sure,The curvature of his neck,FALSE,FALSE,1.8468787684491346,-0.16002256,Mostly sure The curvature of his neck
317,Day,45,Male,27,White,WC3.NP.LINE,White,TA,Yes,0,Foil,60,9.173,No,Almost certain but not quite,His hairline looks familiar,FO,No,Yes,Almost certain but not quite,His hairline looks familiar,FALSE,FALSE,2.2162643865275187,0.3960942743387298,Almost certain but not quite His hairline looks familiar
317,Day,45,Male,27,White,WD1.P.LINE,White,TP,Yes,1,Target,100,2.548,No,I could never forget that face,That face stood out above the others,O1,No,Yes,I could never forget that face,That face stood out above the others,FALSE,FALSE,0.935308738,-1.532407988,I could never forget that face That face stood out above the others
317,Day,45,Male,27,White,WD2.P.LINE,White,TP,Yes,1,Target,20,9.047,No,Taking a wild guess,Not sure whether I saw him or not,?,No,Yes,Taking a wild guess,Not sure whether I saw him or not,FALSE,FALSE,2.2024332110436045,0.3752711855526545,Taking a wild guess Not sure whether I saw him or not
317,Day,45,Male,27,White,WD3.P.LINE,White,TP,Yes,0,Foil,60,14.687,No,I'm using my gut instinct,I think I may have seen him but not sure,R,No,Yes,I'm using my gut instinct,I think I may have seen him but not sure,FALSE,FALSE,2.6869627487717254,1.1047393059826758,I'm using my gut instinct I think I may have seen him but not sure
318,5Minute,33,Female,29,White,WC1.P.LINE,White,TP,Yes,0,Foil,0,1.417,No,Not certain,Don't remember this face,R,No,Yes,Not certain,Don't remember this face,FALSE,FALSE,0.34854196070854343,-2.41579615,Not certain Don't remember this face
318,5Minute,33,Female,29,White,WD1.NP.LINE,White,TA,Yes,0,Foil,40,2.981,No,not certain,I saw a lot of faces,R,No,Yes,not certain,I saw a lot of faces,FALSE,FALSE,1.0922588146959344,-1.296116763,not certain I saw a lot of faces
318,5Minute,33,Female,29,White,WD2.NP.LINE,White,TA,Yes,0,Foil,20,1.563,No,Not certain,Guess,?,No,Yes,Not certain,Guess,FALSE,FALSE,0.44660705143933954,-2.268157354,Not certain Guess
318,5Minute,33,Female,29,White,WD3.NP.LINE,White,TA,Yes,0,Foil,60,6.321,No,semi certain,The face seems familiar,F,No,Yes,semi certain,The face seems familiar,FALSE,FALSE,1.8438774234901616,-0.16454114,semi certain The face seems familiar
319,5Minute,67,Male,30,White,WD1.P.LINE,White,TP,Yes,1,Target,100,1.943,No,very,i just remember the face,R,No,Yes,very,I just remember the face,FALSE,FALSE,0.66423317,-1.940517234,very I just remember the face
319,5Minute,67,Male,30,White,WD2.P.LINE,White,TP,Yes,1,Target,20,7.464,No,not very,they look familar,F,No,Yes,not very,they look familiar,FALSE,FALSE,2.010091463545043,0.085697151,not very they look familiar
319,5Minute,67,Male,30,White,WD3.P.LINE,White,TP,Yes,1,Target,100,1.913,No,very,i remember the haircut,O1,No,Yes,very,I remember the haircut,FALSE,FALSE,0.6486726904581158,-1.963943823,very I remember the haircut
320,Day,60,Female,31,White,WC1.P.LINE,White,TP,Yes,0,Foil,40,4.921,No,somewhat,"He looks familiar, and like someone I have seen based on his facial expression",FO,No,Yes,somewhat,"He looks familiar, and like someone I have seen based on his facial expression",FALSE,FALSE,1.5935117618838412,-0.541471243,"somewhat He looks familiar, and like someone I have seen based on his facial expression"
320,Day,60,Female,31,White,WC2.P.LINE,White,TP,Yes,0,Foil,40,3.669,No,somewhat,He looks familiar,F,No,Yes,somewhat,He looks familiar,FALSE,FALSE,1.299919145373145,-0.983480321,somewhat He looks familiar
320,Day,60,Female,31,White,WC3.P.LINE,White,TP,Yes,0,Foil,20,13.744,No,somewhat,He looks like someone I have been based off of the facial expression,O1,No,Yes,somewhat,He looks like someone I have been based off of the facial expression,FALSE,FALSE,2.6206023652418997,1.004832529459838,somewhat He looks like someone I have been based off of the facial expression
320,Day,60,Female,31,White,WD1.NP.LINE,White,TA,Yes,0,Foil,60,4.637,No,Certain,He looks like someone familiar based on his hair and facial expression,FO,No,Yes,Certain,He looks like someone familiar based on his hair and facial expression,FALSE,FALSE,1.5340676054093236,-0.630965512,Certain He looks like someone familiar based on his hair and facial expression
320,Day,60,Female,31,White,WD2.NP.LINE,White,TA,Yes,0,Foil,20,6.284,No,somewhat,"he looks like someone ive seen, his longer neck stood out.",O1,No,Yes,somewhat,"he looks like someone I've seen, his longer neck stood out.",FALSE,FALSE,1.8380067203933748,-0.173379591,"somewhat he looks like someone I've seen, his longer neck stood out."
320,Day,60,Female,31,White,WD3.NP.LINE,White,TA,Yes,0,Foil,40,4.118,No,somewhat,I remember the eyes,O1,No,Yes,somewhat,I remember the eyes,FALSE,FALSE,1.4153676086055977,-0.809670538,somewhat I remember the eyes
321,5Minute,56,Female,31,White,WC1.NP.LINE,White,TA,Yes,0,Foil,40,7.93,No,a little certain,I think I remember seeing his coloring and eyebrows,Omany,No,Yes,a little certain,I think I remember seeing his coloring and eyebrows,FALSE,FALSE,2.0706530356467567,0.17687371053511042,a little certain I think I remember seeing his coloring and eyebrows
321,5Minute,56,Female,31,White,WD1.P.LINE,White,TP,Yes,1,Target,60,2.115,No,Pretty certain,I feel like I remember his coloring and eyes,Omany,No,Yes,Pretty certain,I feel like I remember his coloring and eyes,FALSE,FALSE,0.7490548124982414,-1.812816694,Pretty certain I feel like I remember his coloring and eyes
321,5Minute,56,Female,31,White,WD3.P.LINE,White,TP,Yes,1,Target,40,3.113,No,pretty certain,i'm pretty sure I remember seeing his face and expression,O1,No,Yes,pretty certain,I'm pretty sure I remember seeing his face and expression,FALSE,FALSE,1.1355868914594711,-1.230885548,pretty certain I'm pretty sure I remember seeing his face and expression
322,5Minute,72,Female,27,White,WC1.P.LINE,White,TP,Yes,1,Target,80,2.788,No,very certain,I remember his eyes,O1,No,Yes,very certain,I remember his eyes,FALSE,FALSE,1.0253244928982774,-1.396887614,very certain I remember his eyes
322,5Minute,72,Female,27,White,WC3.P.LINE,White,TP,Yes,1,Target,60,5.302,No,certain,his face looks similar to one that was smiling,U1,No,Yes,certain,his face looks similar to one that was smiling,FALSE,FALSE,1.6680841078668338,-0.429201206,certain his face looks similar to one that was smiling
323,5Minute,69,Female,25,White,WC1.NP.LINE,White,TA,Yes,0,Foil,60,5.246,No,almost certain,i think hair was the same,O1,No,Yes,almost certain,I think hair was the same,FALSE,FALSE,1.657465881444682,-0.445187141,almost certain I think hair was the same
323,5Minute,69,Female,25,White,WC2.NP.LINE,White,TA,Yes,0,Foil,80,11.174,No,looks the same just different facial hair,im pretty certain,O1,No,Yes,looks the same just different facial hair,I'm pretty certain,FALSE,FALSE,2.4135896510369568,0.6931710851560418,looks the same just different facial hair I'm pretty certain
323,5Minute,69,Female,25,White,WD1.P.LINE,White,TP,Yes,1,Target,60,9.215,No,kind of certain,unsure,?,No,Yes,kind of certain,unsure,FALSE,FALSE,2.2208325911217868,0.40297179027871854,kind of certain unsure
323,5Minute,69,Female,25,White,WD3.P.LINE,White,TP,Yes,0,Foil,80,8.511,No,almost certain,same nose,O1,No,Yes,almost certain,same nose,FALSE,FALSE,2.141359444494824,0.2833235080161832,almost certain same nose
324,Day,55,Male,36,White,WC1.P.LINE,White,TP,Yes,1,Target,80,6.152,No,very,I remember because of his hair and the weird part,Omany,No,Yes,very,I remember because of his hair and the weird part,FALSE,FALSE,1.8167772322033429,-0.205340976,very I remember because of his hair and the weird part
324,Day,55,Male,36,White,WC3.P.LINE,White,TP,Yes,0,Foil,20,13.612,No,very small,I remember thinking he looked like a goober,?,No,Yes,very small,I remember thinking he looked like a goober,FALSE,FALSE,2.6109517566386593,0.9903033609145723,very small I remember thinking he looked like a goober
325,Day,53,Female,35,White,WC1.P.LINE,White,TP,Yes,0,Foil,100,7.313,No,Pretty sure I saw this guy yesterday.,I remember his expression.,O1,No,Yes,Pretty sure I saw this guy yesterday.,I remember his expression.,FALSE,FALSE,1.989653586288814,0.054927551,Pretty sure I saw this guy yesterday. I remember his expression.
325,Day,53,Female,35,White,WD3.NP.LINE,White,TA,Yes,0,Foil,80,19.448,No,"Pretty sure this photo was from yesterday. Not positive, but leaning towards yes.",I recall this person from yesterday. I remember him because he looks young and I felt bad for him.,U1,No,Yes,"Pretty sure this photo was from yesterday. Not positive, but leaning towards yes.",I recall this person from yesterday. I remember him because he looks young and I felt bad for him.,FALSE,FALSE,2.967744237013822,1.5274609948189828,"Pretty sure this photo was from yesterday. Not positive, but leaning towards yes. I recall this person from yesterday. I remember him because he looks young and I felt bad for him."
326,Day,54,Male,28,White,WC3.NP.LINE,White,TA,Yes,0,Foil,40,24.194,No,I am not very certain.,"The haircut seems very familiar, but they all have it. The faces don't seem very familiar.",FO,No,Yes,I am not very certain.,"The haircut seems very familiar, but they all have it. The faces don't seem very familiar.",FALSE,FALSE,3.1861046685376566,1.8562066360173508,"I am not very certain. The haircut seems very familiar, but they all have it. The faces don't seem very familiar."
326,Day,54,Male,28,White,WD1.P.LINE,White,TP,Yes,1,Target,60,6.642,No,I'm so so. not very certain,"The eyes seem familiar to me, they are distinct.",FO,No,Yes,I'm so so. not very certain,"The eyes seem familiar to me, they are distinct.",FALSE,FALSE,1.8934131229545548,-0.089964234,"I'm so so. not very certain The eyes seem familiar to me, they are distinct."
326,Day,54,Male,28,White,WD2.P.LINE,White,TP,Yes,1,Target,40,10.385,No,I am not very certain.,The hair and the large eyes seem recognizable.,Omany,No,Yes,I am not very certain.,The hair and the large eyes seem recognizable.,FALSE,FALSE,2.3403624573280757,0.5829261997572163,I am not very certain. The hair and the large eyes seem recognizable.
326,Day,54,Male,28,White,WD3.P.LINE,White,TP,Yes,1,Target,80,3.252,No,I'm pretty certain.,He seems recognizable because he looks like my brother and I believe I remember that from yesterday.,U1,No,Yes,I'm pretty certain.,He seems recognizable because he looks like my brother and I believe I remember that from yesterday.,FALSE,FALSE,1.1792701916855641,-1.165119537,I'm pretty certain. He seems recognizable because he looks like my brother and I believe I remember that from yesterday.
327,5Minute,65,Male,42,White,WC3.NP.LINE,White,TA,Yes,0,Foil,60,10.556,No,Looks prety familiar to a face in the slide show.  I'd say I'm 50% sure.  Maybe 60.,His eyes and mouth look a lot like one of the guys in the initial slide show.,FO,No,Yes,Looks pretty familiar to a face in the slide show.  I'd say I'm 50% sure.  Maybe 60.,His eyes and mouth look a lot like one of the guys in the initial slide show.,TRUE,FALSE,2.3566944186410774,0.6075142675513746,Looks pretty familiar to a face in the slide show.  I'd say I'm 50% sure.  Maybe 60. His eyes and mouth look a lot like one of the guys in the initial slide show.
327,5Minute,65,Male,42,White,WD1.P.LINE,White,TP,Yes,1,Target,80,7.596,No,80% certain,"This guy's eyes and chiseled face and long nose really, really looks like a guy from the initial slide show.",Omany,No,Yes,80% certain,"This guy's eyes and chiseled face and long nose really, really looks like a guy from the initial slide show.",TRUE,FALSE,2.0276217929500393,0.11208938412040988,"80% certain This guy's eyes and chiseled face and long nose really, really looks like a guy from the initial slide show."
327,5Minute,65,Male,42,White,WD2.P.LINE,White,TP,Yes,1,Target,100,4.482,No,I am almost 100% sure that I saw this man in the initial slide show.,There's no mistaking this guys eyes and head shape.  I have seen him before. The nose and ears are dead giveaways.,Omany,No,Yes,I am almost 100% sure that I saw this man in the initial slide show.,There's no mistaking this guys eyes and head shape.  I have seen him before. The nose and ears are dead giveaways.,TRUE,FALSE,1.5000693753787353,-0.682150472,I am almost 100% sure that I saw this man in the initial slide show. There's no mistaking this guys eyes and head shape.  I have seen him before. The nose and ears are dead giveaways.
327,5Minute,65,Male,42,White,WD3.P.LINE,White,TP,Yes,1,Target,100,6.302,No,I'm 90% certain that I saw this guy in the collection of pictures.,"They eyes, skin tone, and head shape match with one of the men I saw in the initial slide show.",Omany,No,Yes,I'm 90% certain that I saw this guy in the collection of pictures.,"They eyes, skin tone, and head shape match with one of the men I saw in the initial slide show.",TRUE,FALSE,1.8408670433350829,-0.169073322,"I'm 90% certain that I saw this guy in the collection of pictures. They eyes, skin tone, and head shape match with one of the men I saw in the initial slide show."
328,Day,64,Female,34,White,WD1.P.LINE,White,TP,Yes,1,Target,100,1.898,No,I am fairly certain I have seen this face.,I recognize the eyes of this person.,O1,No,Yes,I am fairly certain I have seen this face.,I recognize the eyes of this person.,FALSE,FALSE,0.6408007,-1.975795249,I am fairly certain I have seen this face. I recognize the eyes of this person.
328,Day,64,Female,34,White,WD3.P.LINE,White,TP,Yes,1,Target,20,14.599,No,I am not too certain if I have seen this face.,I feel this face is vaguely familiar.,F,No,Yes,I am not too certain if I have seen this face.,I feel this face is vaguely familiar.,FALSE,FALSE,2.680953033217843,1.0956915688107272,I am not too certain if I have seen this face. I feel this face is vaguely familiar.
329,5Minute,41,Female,30,White,WC1.P.LINE,White,TP,Yes,1,Target,60,7.015,No,fairly,I think I remember his photo because it kinda stood out to me at the time because of his expression,O1,No,Yes,fairly,I think I remember his photo because it kinda stood out to me at the time because of his expression,FALSE,FALSE,1.9480507135544243,-0.007706338,fairly I think I remember his photo because it kinda stood out to me at the time because of his expression
329,5Minute,41,Female,30,White,WC2.P.LINE,White,TP,Yes,1,Target,40,8.44,No,not very,he looks vaguely similar to one of the faces I think I saw earlier,R,No,Yes,not very,he looks vaguely similar to one of the faces I think I saw earlier,FALSE,FALSE,2.1329823086078656,0.2707115760404791,not very he looks vaguely similar to one of the faces I think I saw earlier
329,5Minute,41,Female,30,White,WD1.NP.LINE,White,TA,Yes,0,Foil,20,7.319,No,not very,I felt like I maybe saw him before,R,No,Yes,not very,I felt like I maybe saw him before,FALSE,FALSE,1.990473707,0.056162258,not very I felt like I maybe saw him before
329,5Minute,41,Female,30,White,WD3.NP.LINE,White,TA,Yes,0,Foil,40,13.605,No,kinda,he looks familiar to me. not sure if I know someone similar or if I remember him from the slideshow though,F,No,Yes,kinda,he looks familiar to me. not sure if I know someone similar or if I remember him from the slideshow though,FALSE,FALSE,2.6104373722352094,0.9895289457453289,kinda he looks familiar to me. not sure if I know someone similar or if I remember him from the slideshow though
330,5Minute,66,Female,30,White,WC1.P.LINE,White,TP,Yes,1,Target,80,3.385,No,I'm kind of sure but I have my doubts.,"He looks familiar, I think I saw him but I'm not positive.",F,No,Yes,I'm kind of sure but I have my doubts.,"He looks familiar, I think I saw him but I'm not positive.",FALSE,FALSE,1.2193539063642382,-1.104772768,"I'm kind of sure but I have my doubts. He looks familiar, I think I saw him but I'm not positive."
330,5Minute,66,Female,30,White,WC2.P.LINE,White,TP,Yes,1,Target,100,5.036,No,I'm almost positive.,I remember his haircut and his cheekbones.,Omany,No,Yes,I'm almost positive.,I remember his haircut and his cheekbones.,FALSE,FALSE,1.6166121161821005,-0.506693235,I'm almost positive. I remember his haircut and his cheekbones.
330,5Minute,66,Female,30,White,WC3.P.LINE,White,TP,Yes,1,Target,100,4.341,No,I'm pretty certain.,"I remember his face. His hairline, his small chin. He was handsome.",Omany,No,Yes,I'm pretty certain.,"I remember his face. His hairline, his small chin. He was handsome.",FALSE,FALSE,1.4681047363174566,-0.730273824,"I'm pretty certain. I remember his face. His hairline, his small chin. He was handsome."
330,5Minute,66,Female,30,White,WD1.NP.LINE,White,TA,Yes,0,Foil,20,5.803,No,I'm really not very sure.,He looked kind of familiar but I think it might be a false alarm.,F,No,Yes,I'm really not very sure.,He looked kind of familiar but I think it might be a false alarm.,FALSE,FALSE,1.758375025208471,-0.293266571,I'm really not very sure. He looked kind of familiar but I think it might be a false alarm.
331,5Minute,67,Female,29,White,WC1.P.LINE,White,TP,Yes,1,Target,60,6.656,No,kind of certain,looks somewhat familiar,F,No,Yes,kind of certain,looks somewhat familiar,FALSE,FALSE,1.8955187035189074,-0.086794244,kind of certain looks somewhat familiar
331,5Minute,67,Female,29,White,WC2.P.LINE,White,TP,Yes,1,Target,100,2.312,No,Very Certain,His nose,O1,No,Yes,Very Certain,His nose,FALSE,FALSE,0.8381129508101309,-1.67873803,Very Certain His nose
331,5Minute,67,Female,29,White,WC3.P.LINE,White,TP,Yes,1,Target,80,4.073,No,pretty sure,his face,?,No,Yes,pretty sure,his face,FALSE,FALSE,1.4043798286662756,-0.826212843,pretty sure his face
331,5Minute,67,Female,29,White,WD1.NP.LINE,White,TA,Yes,0,Foil,60,4.279,No,kinda,his face looks familiar,F,No,Yes,kinda,his face looks familiar,FALSE,FALSE,1.4537193374346797,-0.751931306,kinda his face looks familiar
332,Day,60,Female,36,White,WC1.P.LINE,White,TP,Yes,1,Target,80,37.857,No,certain,remember the weird gotee,O1,No,Yes,certain,remember the weird goatee,FALSE,FALSE,3.633815903338883,2.5302441249951872,certain remember the weird goatee
332,Day,60,Female,36,White,WC3.P.LINE,White,TP,Yes,1,Target,60,3.097,No,kinda certain,face looks familiar to me,F,No,Yes,kinda certain,face looks familiar to me,FALSE,FALSE,1.1304339009910658,-1.23864347,kinda certain face looks familiar to me
333,Day,58,Female,33,White,WC1.P.LINE,White,TP,Yes,0,Foil,20,5.478,No,somewhat certain,i remember someone with facial hair that looked like this,O1,No,Yes,somewhat certain,I remember someone with facial hair that looked like this,FALSE,FALSE,1.7007400708408864,-0.380037054,somewhat certain I remember someone with facial hair that looked like this
333,Day,58,Female,33,White,WC3.P.LINE,White,TP,Yes,0,Foil,60,3.786,No,i'm fairly certain,i remember the facial structure of this person,O1,No,Yes,I'm fairly certain,I remember the facial structure of this person,FALSE,FALSE,1.331310052787131,-0.936220733,I'm fairly certain I remember the facial structure of this person
333,Day,58,Female,33,White,WD2.NP.LINE,White,TA,Yes,0,Foil,20,8.423,No,not certain,i don't remember,R,No,Yes,not certain,I don't remember,FALSE,FALSE,2.1309660593332267,0.2676760757166277,not certain I don't remember
333,Day,58,Female,33,White,WD3.NP.LINE,White,TA,Yes,0,Foil,20,2.61,No,not certain at all,im taking a guess but I don't remember this person,R,No,Yes,not certain at all,I'm taking a guess but I don't remember this person,FALSE,FALSE,0.959350221,-1.496213092,not certain at all I'm taking a guess but I don't remember this person
334,5Minute,57,Male,34,White,WC1.P.LINE,White,TP,Yes,0,Foil,40,9.594,No,not sure,hair,O1,No,Yes,not sure,hair,FALSE,FALSE,2.261137903079872,0.46365217788783847,not sure hair
334,5Minute,57,Male,34,White,WC2.P.LINE,White,TP,Yes,1,Target,80,4.328,No,sure,haircut,O1,No,Yes,sure,haircut,FALSE,FALSE,1.4651055415441805,-0.734789166,sure haircut
334,5Minute,57,Male,34,White,WC3.P.LINE,White,TP,Yes,0,Foil,80,8.694,No,sure,eyebrows,O1,No,Yes,sure,eyebrows,FALSE,FALSE,2.1626331325666004,0.31535143623103845,sure eyebrows
334,5Minute,57,Male,34,White,WD2.NP.LINE,White,TA,Yes,0,Foil,60,9.175,No,little,dont know,?,No,Yes,little,don't know,FALSE,FALSE,2.216482393940634,0.39642248850422873,little don't know
334,5Minute,57,Male,34,White,WD3.NP.LINE,White,TA,Yes,0,Foil,60,7.124,No,somewhat,face,?,No,Yes,somewhat,face,FALSE,FALSE,1.9634693654274151,0.015506725929175668,somewhat face
335,5Minute,67,Female,32,White,WD1.P.LINE,White,TP,Yes,1,Target,80,2.573,No,I remember his sideburns,I remember his long sideburns,O1,No,Yes,I remember his sideburns,I remember his long sideburns,FALSE,FALSE,0.945072533,-1.517708414,I remember his sideburns I remember his long sideburns
335,5Minute,67,Female,32,White,WD2.P.LINE,White,TP,Yes,1,Target,100,3.402,No,I recognized his hair,His hair and eyes,Omany,No,Yes,I recognized his hair,His hair and eyes,FALSE,FALSE,1.224363494,-1.097230742,I recognized his hair His hair and eyes
335,5Minute,67,Female,32,White,WD3.P.LINE,White,TP,Yes,1,Target,80,10.352,No,His facial features look familiar,I think he was smiling before but his nose and eyes look familiar,FO,No,Yes,His facial features look familiar,I think he was smiling before but his nose and eyes look familiar,FALSE,FALSE,2.337179737758545,0.5781345569749671,His facial features look familiar I think he was smiling before but his nose and eyes look familiar
336,Day,56,Female,39,White,WC3.NP.LINE,White,TA,Yes,0,Foil,40,4.756,No,some,He looks familiar,F,No,Yes,some,He looks familiar,FALSE,FALSE,1.5594069788285354,-0.59281662,some He looks familiar
336,Day,56,Female,39,White,WD1.P.LINE,White,TP,Yes,1,Target,20,17.64,No,some,seem familiar,F,No,Yes,some,seem familiar,FALSE,FALSE,2.8701690505786455,1.380559759069313,some seem familiar
336,Day,56,Female,39,White,WD3.P.LINE,White,TP,Yes,0,Foil,40,36.718,No,good,looks familiar,F,No,Yes,good,looks familiar,FALSE,FALSE,3.603267098038014,2.484252337397066,good looks familiar
337,5Minute,57,Male,29,White,WC1.P.LINE,White,TP,Yes,1,Target,0,8.159,No,not certain,i dont remember,R,No,Yes,not certain,I don't remember,FALSE,FALSE,2.0991216124466634,0.21973367590877635,not certain I don't remember
337,5Minute,57,Male,29,White,WC3.P.LINE,White,TP,Yes,1,Target,20,11.366,No,not very certain,he looks a little familar,F,No,Yes,not very certain,he looks a little familiar,FALSE,FALSE,2.430626443,0.7188202882541141,not very certain he looks a little familiar
337,5Minute,57,Male,29,White,WD2.NP.LINE,White,TA,Yes,0,Foil,40,5.765,No,He seems familiar,He kinda seems familiar,F,No,Yes,He seems familiar,He kinda seems familiar,FALSE,FALSE,1.7518051537210222,-0.303157633,He seems familiar He kinda seems familiar
338,5Minute,53,Female,36,White,WC1.NP.LINE,White,TA,Yes,0,Foil,20,6.056,No,Their faces are starting to all look alike.,They look the same.,?,No,Yes,Their faces are starting to all look alike.,They look the same.,FALSE,FALSE,1.8010495161351476,-0.229019341,Their faces are starting to all look alike. They look the same.
338,5Minute,53,Female,36,White,WC2.NP.LINE,White,TA,Yes,0,Foil,20,2.3,No,I feel like I remember someone with this haircut.,I can't be sure this was the guy.,O1,No,Yes,I feel like I remember someone with this haircut.,I can't be sure this was the guy.,FALSE,FALSE,0.8329091229351039,-1.686572489,I feel like I remember someone with this haircut. I can't be sure this was the guy.
338,5Minute,53,Female,36,White,WC3.NP.LINE,White,TA,Yes,0,Foil,40,4.436,No,I'm kind of certain,I think I remember his face,R,No,Yes,I'm kind of certain,I think I remember his face,FALSE,FALSE,1.4897530694881207,-0.69768186,I'm kind of certain I think I remember his face
338,5Minute,53,Female,36,White,WD1.P.LINE,White,TP,Yes,1,Target,0,4.769,No,I think that guy was present,I'm almost positive he wasn't though,?,No,Yes,I think that guy was present,I'm almost positive he wasn't though,FALSE,FALSE,1.5621366393160874,-0.588707066,I think that guy was present I'm almost positive he wasn't though
340,5Minute,60,Female,43,White,WC2.P.LINE,White,TP,Yes,0,Foil,20,3.76,No,possibly sure,not confident,?,No,Yes,possibly sure,not confident,FALSE,FALSE,1.324418957401803,-0.946595403,possibly sure not confident
340,5Minute,60,Female,43,White,WC3.P.LINE,White,TP,Yes,1,Target,40,5.486,No,fairly certain,somewhat unsure,?,No,Yes,fairly certain,somewhat unsure,FALSE,FALSE,1.7021993925154115,-0.377840018,fairly certain somewhat unsure
340,5Minute,60,Female,43,White,WD2.NP.LINE,White,TA,Yes,0,Foil,60,5.251,No,fairly certain,recognize face,R,No,Yes,fairly certain,recognize face,FALSE,FALSE,1.6584185346557223,-0.443752904,fairly certain recognize face
341,5Minute,23,Male,27,White,WC1.NP.LINE,White,TA,Yes,0,Foil,60,1.101,No,Somewhat,His head shape,O1,No,Yes,Somewhat,His head shape,FALSE,FALSE,0.096218858,-2.795673217,Somewhat His head shape
341,5Minute,23,Male,27,White,WC2.NP.LINE,White,TA,Yes,0,Foil,60,1.92,No,Somewhat,Recognizable facial features,R,No,Yes,Somewhat,Recognizable facial features,FALSE,FALSE,0.6523251860396901,-1.958444923,Somewhat Recognizable facial features
342,5Minute,64,Female,26,White,WC1.P.LINE,White,TP,Yes,0,Foil,40,6.778,No,I am not sure its a guess,the hair and the blue eyes look similar to someone before,Omany,No,Yes,I am not sure its a guess,the hair and the blue eyes look similar to someone before,FALSE,FALSE,1.9136820731848596,-0.059448957,I am not sure its a guess the hair and the blue eyes look similar to someone before
342,5Minute,64,Female,26,White,WC2.P.LINE,White,TP,Yes,1,Target,60,8.174,No,kind of certain,the short hair and smile,Omany,No,Yes,kind of certain,the short hair and smile,FALSE,FALSE,2.1009583851420857,0.2224989709454201,kind of certain the short hair and smile
342,5Minute,64,Female,26,White,WC3.P.LINE,White,TP,Yes,1,Target,80,3.313,No,kind of certain,"He was wearing a blue polo before, I think it was him",?,No,Yes,kind of certain,"He was wearing a blue polo before, I think it was him",FALSE,FALSE,1.1978541233177589,-1.137141086,"kind of certain He was wearing a blue polo before, I think it was him"
343,Day,38,Female,24,White,WC1.NP.LINE,White,TA,Yes,0,Foil,60,10.341,No,mainly certain,familiar facial hair,FO,No,Yes,mainly certain,familiar facial hair,FALSE,FALSE,2.336116576202838,0.5765339477213159,mainly certain familiar facial hair
343,Day,38,Female,24,White,WD1.P.LINE,White,TP,Yes,1,Target,20,6.133,No,somewhat certain,eyes look similiar,O1,No,Yes,somewhat certain,eyes look similar,FALSE,FALSE,1.8136840266438468,-0.209997853,somewhat certain eyes look similar
343,Day,38,Female,24,White,WD2.P.LINE,White,TP,Yes,1,Target,60,7.384,No,somewhat certain,hair looks familiar,FO,No,Yes,somewhat certain,hair looks familiar,FALSE,FALSE,1.9993154972005511,0.069473736,somewhat certain hair looks familiar
343,Day,38,Female,24,White,WD3.P.LINE,White,TP,Yes,0,Foil,20,12.053,No,not really certain,eyes look familiar,FO,No,Yes,not really certain,eyes look familiar,FALSE,FALSE,2.489313591606207,0.8071748688213437,not really certain eyes look familiar
344,5Minute,68,Female,39,White,WD1.P.LINE,White,TP,Yes,1,Target,60,2.054,No,quite certain,i recognize the eyes,O1,No,Yes,quite certain,I recognize the eyes,FALSE,FALSE,0.7197891115063664,-1.856876744,quite certain I recognize the eyes
344,5Minute,68,Female,39,White,WD2.P.LINE,White,TP,Yes,1,Target,60,5.258,No,a bit certain,his hair and eyes are familiar,FO,No,Yes,a bit certain,his hair and eyes are familiar,FALSE,FALSE,1.6597507263076894,-0.441747265,a bit certain his hair and eyes are familiar
346,Day,64,Female,42,White,WC1.P.LINE,White,TP,Yes,1,Target,20,17.367,No,not so sure,He jumps out at me a little bit- THIS IS HARD!,?,No,Yes,not so sure,He jumps out at me a little bit- THIS IS HARD!,FALSE,FALSE,2.8545718537649774,1.3570778927273939,not so sure He jumps out at me a little bit- THIS IS HARD!
346,Day,64,Female,42,White,WC2.P.LINE,White,TP,Yes,1,Target,100,15.779,No,pretty sure,I remember his nostrils!,O1,No,Yes,pretty sure,I remember his nostrils!,FALSE,FALSE,2.758679942053532,1.212710857998048,pretty sure I remember his nostrils!
346,Day,64,Female,42,White,WC3.P.LINE,White,TP,Yes,1,Target,80,7.315,No,pretty sure,I just recognize him,R,No,Yes,pretty sure,I just recognize him,FALSE,FALSE,1.9899270344720876,0.055339232734584166,pretty sure I just recognize him
347,Day,49,Female,24,White,WC1.NP.LINE,White,TA,Yes,0,Foil,60,4.638,No,Somewhat,He looks familiar,F,No,Yes,Somewhat,He looks familiar,FALSE,FALSE,1.5342832388333398,-0.630640872,Somewhat He looks familiar
347,Day,49,Female,24,White,WC2.NP.LINE,White,TA,Yes,0,Foil,40,2.486,No,somewhat,he looks sorta familiar,F,No,Yes,somewhat,he looks sorta familiar,FALSE,FALSE,0.9106749930885194,-1.569494543,somewhat he looks sorta familiar
347,Day,49,Female,24,White,WC3.NP.LINE,White,TA,Yes,0,Foil,40,10.425,No,uncertain,The faces that flashed yesterday were very brief and I am not really sure what I remember,?,No,Yes,uncertain,The faces that flashed yesterday were very brief and I am not really sure what I remember,FALSE,FALSE,2.3442067676848652,0.5887138796238883,uncertain The faces that flashed yesterday were very brief and I am not really sure what I remember
347,Day,49,Female,24,White,WD1.P.LINE,White,TP,Yes,1,Target,60,2.566,No,somewhat,I think I remember seeing this guys face,R,No,Yes,somewhat,I think I remember seeing this guys face,FALSE,FALSE,0.9423482661934446,-1.521809848,somewhat I think I remember seeing this guys face
347,Day,49,Female,24,White,WD2.P.LINE,White,TP,Yes,0,Foil,60,2.35,No,somewhat,i think i remember seeing him,R,No,Yes,somewhat,I think I remember seeing him,FALSE,FALSE,0.8544153281560676,-1.654194502,somewhat I think I remember seeing him
347,Day,49,Female,24,White,WD3.P.LINE,White,TP,Yes,1,Target,40,6.844,No,Somewhat,This guy looks a tad familiar,F,No,Yes,Somewhat,This guy looks a tad familiar,FALSE,FALSE,1.9233723560299472,-0.044860058,Somewhat This guy looks a tad familiar
349,5Minute,62,Male,25,White,WD1.P.LINE,White,TP,Yes,1,Target,20,5.256,No,Not very,His nose seems familiar,FO,No,Yes,Not very,His nose seems familiar,FALSE,FALSE,1.6593702811823094,-0.442320032,Not very His nose seems familiar
349,5Minute,62,Male,25,White,WD2.P.LINE,White,TP,Yes,1,Target,80,3.954,No,Pretty sure,I remember the hair.,O1,No,Yes,Pretty sure,I remember the hair.,FALSE,FALSE,1.3747277247484253,-0.87085463,Pretty sure I remember the hair.
349,5Minute,62,Male,25,White,WD3.P.LINE,White,TP,Yes,1,Target,60,5.689,No,Pretty sure,"He looks a bit different from his earlier photo, but I think it's him.",R,No,Yes,Pretty sure,"He looks a bit different from his earlier photo, but I think it's him.",FALSE,FALSE,1.7385344857685103,-0.323136868,"Pretty sure He looks a bit different from his earlier photo, but I think it's him."
350,5Minute,30,Female,24,White,WC1.NP.LINE,White,TA,Yes,0,Foil,60,8.112,No,not very,his face looks familiar-ish,F,No,Yes,not very,his face looks familiar-ish,FALSE,FALSE,2.0933444468488274,0.2110360469678734,not very his face looks familiar-ish
350,5Minute,30,Female,24,White,WC2.NP.LINE,White,TA,Yes,0,Foil,40,7.34,No,very,he had a little bit of a second chin going on,O1,No,Yes,very,he had a little bit of a second chin going on,FALSE,FALSE,1.9933388426264242,0.060475773,very he had a little bit of a second chin going on
350,5Minute,30,Female,24,White,WD1.P.LINE,White,TP,Yes,1,Target,100,2.73,No,very,i remember his face,R,No,Yes,very,I remember his face,FALSE,FALSE,1.0043016091968684,-1.428537952,very I remember his face
350,5Minute,30,Female,24,White,WD2.P.LINE,White,TP,Yes,0,Foil,40,14.892,No,not very,i remember a white guy having abnormally large earlobes,Omany,No,Yes,not very,I remember a white guy having abnormally large earlobes,FALSE,FALSE,2.700824156,1.1256079092310416,not very I remember a white guy having abnormally large earlobes
351,5Minute,69,Female,29,White,WC3.P.LINE,White,TP,Yes,0,Foil,80,8.878,No,I am fairly certain I saw this person,I think I remember his bangs,O1,No,Yes,I am fairly certain I saw this person,I think I remember his bangs,FALSE,FALSE,2.1835763064118434,0.3468817692059108,I am fairly certain I saw this person I think I remember his bangs
351,5Minute,69,Female,29,White,WD1.NP.LINE,White,TA,Yes,0,Foil,40,28.136,No,I am about half certain on this one.,I think I remember his hair and square chin.,Omany,No,Yes,I am about half certain on this one.,I think I remember his hair and square chin.,TRUE,FALSE,3.337049895171681,2.0834574477571093,I am about half certain on this one. I think I remember his hair and square chin.
351,5Minute,69,Female,29,White,WD2.NP.LINE,White,TA,Yes,0,Foil,20,4.731,No,I am a little less than 50% sure about this lineup,I think I remember this guy's chin,O1,No,Yes,I am a little less than 50% sure about this lineup,I think I remember this guy's chin,TRUE,FALSE,1.554136596649011,-0.600751277,I am a little less than 50% sure about this lineup I think I remember this guy's chin
352,5Minute,71,Female,26,White,WD1.P.LINE,White,TP,Yes,1,Target,100,3.787,No,very,i remember him,R,No,Yes,very,I remember him,FALSE,FALSE,1.3315741489196578,-0.935823131,very I remember him
352,5Minute,71,Female,26,White,WD2.P.LINE,White,TP,Yes,1,Target,60,5.934,No,somewhat,his face and hair,Omany,No,Yes,somewhat,his face and hair,FALSE,FALSE,1.780698522,-0.259658137,somewhat his face and hair
352,5Minute,71,Female,26,White,WD3.P.LINE,White,TP,Yes,1,Target,60,8.389,No,somewhat,his hair,O1,No,Yes,somewhat,his hair,FALSE,FALSE,2.1269213238641576,0.26158665216137256,somewhat his hair
353,5Minute,67,Female,34,White,WD1.P.LINE,White,TP,Yes,1,Target,100,1.317,No,I am completely sure.,I know I saw his face.,R,No,Yes,I am completely sure.,I know I saw his face.,FALSE,FALSE,0.27535642276114397,-2.525978322,I am completely sure. I know I saw his face.
353,5Minute,67,Female,34,White,WD2.P.LINE,White,TP,Yes,1,Target,100,5.107,No,I am completely sure.,I know I saw that kid in the scenes before.,R,No,Yes,I am completely sure.,I know I saw that kid in the scenes before.,FALSE,FALSE,1.6306121476655069,-0.48561593,I am completely sure. I know I saw that kid in the scenes before.
353,5Minute,67,Female,34,White,WD3.P.LINE,White,TP,Yes,1,Target,80,6.163,No,I am pretty sure I saw this kid smiling before.,"I think I remember this face, but with a different expression.",U1,No,Yes,I am pretty sure I saw this kid smiling before.,"I think I remember this face, but with a different expression.",FALSE,FALSE,1.8185636719801062,-0.202651458,"I am pretty sure I saw this kid smiling before. I think I remember this face, but with a different expression."
354,Day,63,Female,24,White,WC3.NP.LINE,White,TA,Yes,0,Foil,20,11.576,No,"I believe I saw this person before, but I am not certain",The haircut and the eyes look familiar,FO,No,Yes,"I believe I saw this person before, but I am not certain",The haircut and the eyes look familiar,FALSE,FALSE,2.448933989329183,0.7463826357722605,"I believe I saw this person before, but I am not certain The haircut and the eyes look familiar"
354,Day,63,Female,24,White,WD1.P.LINE,White,TP,Yes,1,Target,60,6.084,No,I believe I remember this person,"The facial features are pretty distinct, and the haircut",O1,No,Yes,I believe I remember this person,"The facial features are pretty distinct, and the haircut",FALSE,FALSE,1.8056623743970464,-0.222074598,"I believe I remember this person The facial features are pretty distinct, and the haircut"
355,Day,48,Male,29,White,WC2.P.LINE,White,TP,Yes,1,Target,40,8.693,No,somewhat certain,I kinda remember that face,R,No,Yes,somewhat certain,I kinda remember that face,FALSE,FALSE,2.162518104096927,0.3151782587567362,somewhat certain I kinda remember that face
356,5Minute,56,Female,18,White,WC3.NP.LINE,White,TA,Yes,0,Foil,40,6.645,No,Kind of certain,His face looks very familiar,F,No,Yes,Kind of certain,His face looks very familiar,FALSE,FALSE,1.8938646921652087,-0.089284388,Kind of certain His face looks very familiar
356,5Minute,56,Female,18,White,WD1.P.LINE,White,TP,Yes,1,Target,80,6.517,No,Mostly certain,"This guy stood out to me as good looking, but in different lighting he wore a deer in the headlights type of expression",?,No,Yes,Mostly certain,"This guy stood out to me as good looking, but in different lighting he wore a deer in the headlights type of expression",FALSE,FALSE,1.8744141473502434,-0.118567541,"Mostly certain This guy stood out to me as good looking, but in different lighting he wore a deer in the headlights type of expression"
356,5Minute,56,Female,18,White,WD2.P.LINE,White,TP,Yes,1,Target,80,3.475,No,pretty certain,"In the lineup he looked scared out of his mind, it makes sense that he has the same deer in the headlights look",U1,No,Yes,pretty certain,"In the lineup he looked scared out of his mind, it makes sense that he has the same deer in the headlights look",FALSE,FALSE,1.2455944790167555,-1.065267104,"pretty certain In the lineup he looked scared out of his mind, it makes sense that he has the same deer in the headlights look"
357,5Minute,60,Female,27,White,WC1.NP.LINE,White,TA,Yes,0,Foil,100,7.837,No,very certain,very certain i have seen him before,R,No,Yes,very certain,very certain I have seen him before,FALSE,FALSE,2.0588561080707275,0.15911321934589454,very certain very certain I have seen him before
357,5Minute,60,Female,27,White,WC2.NP.LINE,White,TA,Yes,0,Foil,60,8.297,No,certain,I saw this guy earlier in the presentation of the faces,R,No,Yes,certain,I saw this guy earlier in the presentation of the faces,FALSE,FALSE,2.1158940036821483,0.2449848190424513,certain I saw this guy earlier in the presentation of the faces
357,5Minute,60,Female,27,White,WC3.NP.LINE,White,TA,Yes,0,Foil,80,6.873,No,certain,i think i have seen him before with a different shirt on,U1,No,Yes,certain,I think I have seen him before with a different shirt on,FALSE,FALSE,1.9276006921394682,-0.038494221,certain I think I have seen him before with a different shirt on
357,5Minute,60,Female,27,White,WD1.P.LINE,White,TP,Yes,1,Target,100,5.249,No,very certain,I think i have seen him before and i thought he was attractive,?,No,Yes,very certain,I think I have seen him before and I thought he was attractive,FALSE,FALSE,1.6580375822701627,-0.444326435,very certain I think I have seen him before and I thought he was attractive
357,5Minute,60,Female,27,White,WD2.P.LINE,White,TP,Yes,1,Target,100,4.864,No,certain,Have seen him with another shirt on,U1,No,Yes,certain,Have seen him with another shirt on,FALSE,FALSE,1.581861144663866,-0.559011461,certain Have seen him with another shirt on
358,Day,47,Female,38,White,WC1.NP.LINE,White,TA,Yes,0,Foil,60,16.367,No,kinda sure,looks familiar,F,No,Yes,kinda sure,looks familiar,FALSE,FALSE,2.7952671125237467,1.2677935152905246,kinda sure looks familiar
358,Day,47,Female,38,White,WD1.P.LINE,White,TP,Yes,1,Target,100,5.969,No,almost certain,looks very familiar,F,No,Yes,almost certain,looks very familiar,FALSE,FALSE,1.7865794091865128,-0.250804353,almost certain looks very familiar
358,Day,47,Female,38,White,WD2.P.LINE,White,TP,Yes,1,Target,40,10.383,No,kinda sure,looks a little bit familiar,F,No,Yes,kinda sure,looks a little bit familiar,FALSE,FALSE,2.3401698533213167,0.5826362308866774,kinda sure looks a little bit familiar
359,Day,68,Male,34,White,WC2.P.LINE,White,TP,Yes,1,Target,80,4.719,No,prettyconfident,looks like one of the previous photos,R,No,Yes,pretty confident,looks like one of the previous photos,FALSE,FALSE,1.5515969127442506,-0.604574818,pretty confident looks like one of the previous photos
359,Day,68,Male,34,White,WC3.P.LINE,White,TP,Yes,0,Foil,40,5.03,No,I am quite uncertain,The face looks familiar but I am unsure,F,No,Yes,I am quite uncertain,The face looks familiar but I am unsure,FALSE,FALSE,1.6154199841116479,-0.508488012,I am quite uncertain The face looks familiar but I am unsure
359,Day,68,Male,34,White,WD1.NP.LINE,White,TA,Yes,0,Foil,20,4.684,No,I am quite uncertain,The face seems very mildly familiar,F,No,Yes,I am quite uncertain,The face seems very mildly familiar,FALSE,FALSE,1.544152445735471,-0.6157826,I am quite uncertain The face seems very mildly familiar
361,5Minute,59,Female,44,White,WD1.P.LINE,White,TP,Yes,1,Target,100,5.485,No,certain,i believe i saw this face previously,R,No,Yes,certain,I believe I saw this face previously,FALSE,FALSE,1.7020170937271937,-0.378114472,certain I believe I saw this face previously
361,5Minute,59,Female,44,White,WD2.P.LINE,White,TP,Yes,1,Target,80,12.454,No,pretty certain,I seem to remember this face earlier except the man was wearing a black and white shirt,U1,No,Yes,pretty certain,I seem to remember this face earlier except the man was wearing a black and white shirt,FALSE,FALSE,2.5220418564502602,0.856447873,pretty certain I seem to remember this face earlier except the man was wearing a black and white shirt
362,Day,56,Male,22,White,WC1.NP.LINE,White,TA,Yes,0,Foil,20,11.735,No,Not very certain.,None of them really stand out too me again.,R,No,Yes,Not very certain.,None of them really stand out too me again.,FALSE,FALSE,2.462575829302987,0.7669206764695479,Not very certain. None of them really stand out too me again.
362,Day,56,Male,22,White,WC3.NP.LINE,White,TA,Yes,0,Foil,20,40.613,No,Not very certain.,None of them stand out to me.,R,No,Yes,Not very certain.,None of them stand out to me.,FALSE,FALSE,3.7040882123998884,2.6360403772719123,Not very certain. None of them stand out to me.
362,Day,56,Male,22,White,WD1.P.LINE,White,TP,Yes,1,Target,100,1.691,No,Very certain.,His face is very familiar.,F,No,Yes,Very certain.,His face is very familiar.,FALSE,FALSE,0.5253200699164433,-2.149653459,Very certain. His face is very familiar.
363,5Minute,53,Male,31,White,WD2.NP.LINE,White,TA,Yes,0,Foil,40,3.324,No,pretty certain,remember him,R,No,Yes,pretty certain,remember him,FALSE,FALSE,1.2011688769932016,-1.132150664,pretty certain remember him
363,5Minute,53,Male,31,White,WD3.NP.LINE,White,TA,Yes,0,Foil,80,2.102,No,pretty certain,remember the face,R,No,Yes,pretty certain,remember the face,FALSE,FALSE,0.7428892724547593,-1.822099028,pretty certain remember the face
365,Day,51,Female,42,White,WC1.NP.LINE,White,TA,Yes,0,Foil,0,6.143,No,uncertain,He might look slightly familiar,F,No,Yes,uncertain,He might look slightly familiar,FALSE,FALSE,1.8153132221817903,-0.20754507,uncertain He might look slightly familiar
365,Day,51,Female,42,White,WC2.NP.LINE,White,TA,Yes,0,Foil,0,7.453,No,I'm not,I don't know,?,No,Yes,I'm not,I don't know,FALSE,FALSE,2.008616635899557,0.083476771,I'm not I don't know
365,Day,51,Female,42,White,WD1.P.LINE,White,TP,Yes,1,Target,20,6.06,No,uncertain,I'm not sure,?,No,Yes,uncertain,I'm not sure,FALSE,FALSE,1.801709800081223,-0.228025271,uncertain I'm not sure
365,Day,51,Female,42,White,WD2.P.LINE,White,TP,Yes,0,Foil,20,6.733,No,uncertain,the eyes look slightly familiar,FO,No,Yes,uncertain,the eyes look slightly familiar,FALSE,FALSE,1.9070208095631438,-0.069477612,uncertain the eyes look slightly familiar
365,Day,51,Female,42,White,WD3.P.LINE,White,TP,Yes,1,Target,40,6.445,No,uncertain,I seem to recall someone with crooked features.,O1,No,Yes,uncertain,I seem to recall someone with crooked features.,FALSE,FALSE,1.8633046363911507,-0.135293114,uncertain I seem to recall someone with crooked features.
366,5Minute,30,Male,25,White,WC1.P.LINE,White,TP,Yes,1,Target,40,3.001,No,I am somewhat certain.,I may have seen this person.,R,No,Yes,I am somewhat certain.,I may have seen this person.,FALSE,FALSE,1.098945566,-1.286049736,I am somewhat certain. I may have seen this person.
366,5Minute,30,Male,25,White,WC2.P.LINE,White,TP,Yes,0,Foil,40,3.058,No,I am somewhat certain.,I think I saw this person.,R,No,Yes,I am somewhat certain.,I think I saw this person.,FALSE,FALSE,1.1177611075068705,-1.257722593,I am somewhat certain. I think I saw this person.
366,5Minute,30,Male,25,White,WD1.NP.LINE,White,TA,Yes,0,Foil,40,2.942,No,I am somewhat certain.,I think I remember this person.,R,No,Yes,I am somewhat certain.,I think I remember this person.,FALSE,FALSE,1.0790896221792459,-1.315943225,I am somewhat certain. I think I remember this person.
366,5Minute,30,Male,25,White,WD2.NP.LINE,White,TA,Yes,0,Foil,60,18.456,No,I am somewhat certain.,I do not know if I saw this person in the lineup.,?,No,Yes,I am somewhat certain.,I do not know if I saw this person in the lineup.,FALSE,FALSE,2.9153895208714524,1.448640007848625,I am somewhat certain. I do not know if I saw this person in the lineup.
366,5Minute,30,Male,25,White,WD3.NP.LINE,White,TA,Yes,0,Foil,80,10.806,No,I am certain.,I saw this person.,R,No,Yes,I am certain.,I saw this person.,FALSE,FALSE,2.3801015354218737,0.6427541118812665,I am certain. I saw this person.
367,Day,49,Male,28,White,WC1.P.LINE,White,TP,Yes,0,Foil,40,5.213,No,Mildly certain. Face seems slightly familiar.,This face seems slightly familiar. I can tell the facial expressions are throwing me off.,?,No,Yes,Mildly certain. Face seems slightly familiar.,This face seems slightly familiar. I can tell the facial expressions are throwing me off.,FALSE,FALSE,1.6511555057859688,-0.454687527,Mildly certain. Face seems slightly familiar. This face seems slightly familiar. I can tell the facial expressions are throwing me off.
367,Day,49,Male,28,White,WC2.P.LINE,White,TP,Yes,1,Target,80,8.22,No,"Several (perhaps 4) of the faces seem somewhat familiar, but this one seems very familiar.",This face seems strongly familiar.,F,No,Yes,"Several (perhaps 4) of the faces seem somewhat familiar, but this one seems very familiar.",This face seems strongly familiar.,TRUE,FALSE,2.1065702090680887,0.23094767496185648,"Several (perhaps 4) of the faces seem somewhat familiar, but this one seems very familiar. This face seems strongly familiar."
367,Day,49,Male,28,White,WC3.P.LINE,White,TP,Yes,0,Foil,20,8.813,No,"Not certain, but this face has a familiarity.",Just a feeling of familiarity.,F,No,Yes,"Not certain, but this face has a familiarity.",Just a feeling of familiarity.,FALSE,FALSE,2.1762279041175234,0.33581861455297585,"Not certain, but this face has a familiarity. Just a feeling of familiarity."
368,Day,72,Female,44,White,WC1.NP.LINE,White,TA,Yes,0,Foil,80,7.438,No,I am almost certain that he was one of the people that I saw.,I recognize the eyes and hairstyle of this person.,Omany,No,Yes,I am almost certain that he was one of the people that I saw.,I recognize the eyes and hairstyle of this person.,FALSE,FALSE,2.006601995502878,0.080443693,I am almost certain that he was one of the people that I saw. I recognize the eyes and hairstyle of this person.
368,Day,72,Female,44,White,WC2.NP.LINE,White,TA,Yes,0,Foil,60,12.23,No,I am almost certain that I saw him the previous day.,I recognize his eyes.,O1,No,Yes,I am almost certain that I saw him the previous day.,I recognize his eyes.,FALSE,FALSE,2.503891949699081,0.829122855,I am almost certain that I saw him the previous day. I recognize his eyes.
368,Day,72,Female,44,White,WD2.P.LINE,White,TP,Yes,1,Target,100,3.027,No,I know for sure that he was one of the pictures from yesterday.,I remember his eyes and his hair.,Omany,No,Yes,I know for sure that he was one of the pictures from yesterday.,I remember his eyes and his hair.,FALSE,FALSE,1.1075720300395817,-1.273062436,I know for sure that he was one of the pictures from yesterday. I remember his eyes and his hair.
368,Day,72,Female,44,White,WD3.P.LINE,White,TP,Yes,1,Target,40,6.807,No,I am almost certain that I remember him.,His hair is familiar and his eyebrows.,FO,No,Yes,I am almost certain that I remember him.,His hair is familiar and his eyebrows.,FALSE,FALSE,1.9179514944658145,-0.053021265,I am almost certain that I remember him. His hair is familiar and his eyebrows.
369,Day,67,Female,38,White,WD1.P.LINE,White,TP,Yes,1,Target,100,1.904,No,Pretty sure this frat guy,One of the best looking guys yesterday. Named him hot frat guy cause thats what i thought he looked like,U1,No,Yes,Pretty sure this frat guy,One of the best looking guys yesterday. Named him hot frat guy cause that's what I thought he looked like,FALSE,FALSE,0.6439569363691735,-1.971043477,Pretty sure this frat guy One of the best looking guys yesterday. Named him hot frat guy cause that's what I thought he looked like
369,Day,67,Female,38,White,WD2.P.LINE,White,TP,Yes,1,Target,100,5.993,No,Pretty certain this is boy band,I named this guy boy band cause he looks like he is in a boyband.,U1,No,Yes,Pretty certain this is boy band,I named this guy boy band cause he looks like he is in a boyband.,FALSE,FALSE,1.7905921214760483,-0.244763141,Pretty certain this is boy band I named this guy boy band cause he looks like he is in a boyband.
369,Day,67,Female,38,White,WD3.P.LINE,White,TP,Yes,1,Target,80,5.707,No,Certain .,This is one that I named Sean Astin,U1,No,Yes,Certain .,This is one that I named Sean Astin,FALSE,FALSE,1.741693491554571,-0.318380926,Certain . This is one that I named Sean Astin
370,5Minute,64,Female,30,White,WD1.P.LINE,White,TP,Yes,1,Target,80,6.658,No,I'm pretty sure.,This man looks familiar and I remember his mouth in particular.,FO,No,Yes,I'm pretty sure.,This man looks familiar and I remember his mouth in particular.,FALSE,FALSE,1.8958191391528332,-0.086341933,I'm pretty sure. This man looks familiar and I remember his mouth in particular.
370,5Minute,64,Female,30,White,WD2.P.LINE,White,TP,Yes,1,Target,20,16.936,No,Not very much.,He looks like maybe I saw him and the other men look like I definitely did NOT see them.,R,No,Yes,Not very much.,He looks like maybe I saw him and the other men look like I definitely did NOT see them.,FALSE,FALSE,2.829441533832564,1.3192437343954637,Not very much. He looks like maybe I saw him and the other men look like I definitely did NOT see them.
370,5Minute,64,Female,30,White,WD3.P.LINE,White,TP,Yes,1,Target,60,6.411,No,Somewhat certain.,His hair and face shape look familiar.,FO,No,Yes,Somewhat certain.,His hair and face shape look familiar.,FALSE,FALSE,1.8580152650051203,-0.14325636,Somewhat certain. His hair and face shape look familiar.
371,5Minute,51,Female,33,White,WC2.P.LINE,White,TP,Yes,0,Foil,80,13.479,No,Fairly Certain.,"He looks familiar, but I was also memorizing their clothes! You guys tricked me! :-)",FO,No,Yes,Fairly Certain.,"He looks familiar, but I was also memorizing their clothes! You guys tricked me! :-)",FALSE,FALSE,2.6011329187561327,0.9755209200987704,"Fairly Certain. He looks familiar, but I was also memorizing their clothes! You guys tricked me! :-)"
371,5Minute,51,Female,33,White,WC3.P.LINE,White,TP,Yes,0,Foil,40,5.737,No,Not Certain,I think he looks familiar.,F,No,Yes,Not Certain,I think he looks familiar.,FALSE,FALSE,1.746936425619734,-0.310487593,Not Certain I think he looks familiar.
371,5Minute,51,Female,33,White,WD2.NP.LINE,White,TA,Yes,0,Foil,40,13.885,No,Semi Certain,He looks the least photoshopped.,?,No,Yes,Semi Certain,He looks the least photoshopped.,FALSE,FALSE,2.6308091207587627,1.0201989874006387,Semi Certain He looks the least photoshopped.
372,Day,66,Female,30,White,WD2.NP.LINE,White,TA,Yes,0,Foil,80,5.902,No,I remember this person,I remember this person's ears,O1,No,Yes,I remember this person,I remember this person's ears,FALSE,FALSE,1.7752912765207476,-0.267798844,I remember this person I remember this person's ears
373,5Minute,48,Male,37,White,WC1.P.LINE,White,TP,Yes,0,Foil,60,15.892,No,Slightly certain,He looks familiar,F,No,Yes,Slightly certain,He looks familiar,FALSE,FALSE,2.7658158379523523,1.2234540803685643,Slightly certain He looks familiar
374,5Minute,62,Female,37,White,WC1.P.LINE,White,TP,Yes,0,Foil,60,1.559,No,quite a bit,a guy looked like he wanted to laugh,O1,No,Yes,quite a bit,a guy looked like he wanted to laugh,FALSE,FALSE,0.44404459007563946,-2.272015187,quite a bit a guy looked like he wanted to laugh
374,5Minute,62,Female,37,White,WC3.P.LINE,White,TP,Yes,0,Foil,40,2.525,No,kinda sure,The eyes are similar to what I have seen,O1,No,Yes,kinda sure,The eyes are similar to what I have seen,FALSE,FALSE,0.9262410627273231,-1.546059539,kinda sure The eyes are similar to what I have seen
374,5Minute,62,Female,37,White,WD1.NP.LINE,White,TA,Yes,0,Foil,60,2.891,No,some certainty,One looked like a frat boy,U1,No,Yes,some certainty,One looked like a frat boy,FALSE,FALSE,1.061602463034209,-1.342270464,some certainty One looked like a frat boy
374,5Minute,62,Female,37,White,WD3.NP.LINE,White,TA,Yes,0,Foil,20,2.897,No,A little bit,"The eyes are familiar, and the hair",FO,No,Yes,A little bit,"The eyes are familiar, and the hair",FALSE,FALSE,1.0636757187872132,-1.339149139,"A little bit The eyes are familiar, and the hair"
375,Day,54,Male,31,White,WC3.NP.LINE,White,TA,Yes,0,Foil,100,21.32,No,certain,the hair,O1,No,Yes,certain,the hair,FALSE,FALSE,3.0596455992976437,1.6658201840739313,certain the hair
375,Day,54,Male,31,White,WD1.P.LINE,White,TP,Yes,1,Target,100,3.889,No,very certain,awkward smile from the previous test,O1,No,Yes,very certain,awkward smile from the previous test,FALSE,FALSE,1.3581520551736102,-0.895809605,very certain awkward smile from the previous test
375,Day,54,Male,31,White,WD2.P.LINE,White,TP,Yes,0,Foil,100,37.158,No,very certain,Same guy I saw the last time.,R,No,Yes,very certain,Same guy I saw the last time.,FALSE,FALSE,3.615179091183979,2.502186061915711,very certain Same guy I saw the last time.
375,Day,54,Male,31,White,WD3.P.LINE,White,TP,Yes,1,Target,100,22.284,No,Very certain.,The hair.,O1,No,Yes,Very certain.,The hair.,FALSE,FALSE,3.103868932158569,1.732399224130952,Very certain. The hair.
377,5Minute,71,Female,35,White,WC1.P.LINE,White,TP,Yes,1,Target,80,22.471,No,somewhat,I think I saw this face in the lineup,R,No,Yes,somewhat,I think I saw this face in the lineup,FALSE,FALSE,3.112225588989795,1.744980324512027,somewhat I think I saw this face in the lineup
377,5Minute,71,Female,35,White,WC2.P.LINE,White,TP,Yes,0,Foil,40,29.96,No,not very,"there are a couple of faces that seemed like I had seen them previously but I am not sure, so I picked one of them",R,No,Yes,not very,"there are a couple of faces that seemed like I had seen them previously but I am not sure, so I picked one of them",FALSE,FALSE,3.3998631586490187,2.178023969876138,"not very there are a couple of faces that seemed like I had seen them previously but I am not sure, so I picked one of them"
377,5Minute,71,Female,35,White,WC3.P.LINE,White,TP,Yes,1,Target,100,7.627,No,very,I am very certain I saw this face.,R,No,Yes,very,I am very certain I saw this face.,FALSE,FALSE,2.0316945831821016,0.1182210446367504,very I am very certain I saw this face.
378,Day,58,Male,35,White,WD1.P.LINE,White,TP,Yes,1,Target,80,9.169,No,I am very certain I saw this person yesterday.,"I remember seeing this guy yesterday, but he had a smile.",?,No,Yes,I am very certain I saw this person yesterday.,"I remember seeing this guy yesterday, but he had a smile.",FALSE,FALSE,2.215828229067764,0.39543763127034104,"I am very certain I saw this person yesterday. I remember seeing this guy yesterday, but he had a smile."
378,Day,58,Male,35,White,WD3.P.LINE,White,TP,Yes,1,Target,40,8.381,No,I think this is the correct answer.,"The hair looks familiar, but the face seems wrong.",Omany,No,Yes,I think this is the correct answer.,"The hair looks familiar, but the face seems wrong.",FALSE,FALSE,2.125967239116769,0.26015026004651487,"I think this is the correct answer. The hair looks familiar, but the face seems wrong."
379,5Minute,66,Female,29,White,WC2.NP.LINE,White,TA,Yes,0,Foil,40,22.956,No,Middle of the road,The jawline looks familiar,FO,No,Yes,Middle of the road,The jawline looks familiar,FALSE,FALSE,3.1335793402461163,1.7771287893220697,Middle of the road The jawline looks familiar
379,5Minute,66,Female,29,White,WD1.P.LINE,White,TP,Yes,1,Target,100,4.697,No,Positive!,I definitely remember seeing this face (and the person has a very striking eye color),O1,No,Yes,Positive!,I definitely remember seeing this face (and the person has a very striking eye color),FALSE,FALSE,1.546924007044858,-0.611609964,Positive! I definitely remember seeing this face (and the person has a very striking eye color)
379,5Minute,66,Female,29,White,WD2.P.LINE,White,TP,Yes,1,Target,80,2.83,No,Pretty sure,I remember seeing this face,R,No,Yes,Pretty sure,I remember seeing this face,FALSE,FALSE,1.0402767116551463,-1.374376774,Pretty sure I remember seeing this face
380,5Minute,68,Female,28,White,WC1.P.LINE,White,TP,Yes,1,Target,100,4.16,No,I am pretty sure.,I remember seeing that person.,R,No,Yes,I am pretty sure.,I remember seeing that person.,FALSE,FALSE,1.425515074273172,-0.794393342,I am pretty sure. I remember seeing that person.
380,5Minute,68,Female,28,White,WC3.P.LINE,White,TP,Yes,0,Foil,20,11.254,No,A little sure.,I might remember him.,R,No,Yes,A little sure.,I might remember him.,FALSE,FALSE,2.420723621011087,0.703911408,A little sure. I might remember him.
380,5Minute,68,Female,28,White,WD1.NP.LINE,White,TA,Yes,0,Foil,40,10.16,No,Not very certain.,I don't know if I remember him from the original line up or from the questions.,?,No,Yes,Not very certain.,I don't know if I remember him from the original line up or from the questions.,FALSE,FALSE,2.318458442150336,0.5499493025044793,Not very certain. I don't know if I remember him from the original line up or from the questions.
380,5Minute,68,Female,28,White,WD2.NP.LINE,White,TA,Yes,0,Foil,40,9.84,No,I am somewhat sure.,He looks like someone I saw.,?,No,Yes,I am somewhat sure.,He looks like someone I saw.,FALSE,FALSE,2.286455711064162,0.501768603,I am somewhat sure. He looks like someone I saw.
380,5Minute,68,Female,28,White,WD3.NP.LINE,White,TA,Yes,0,Foil,40,42.676,No,I think I remember him.,He looks familiar.,F,No,Yes,I think I remember him.,He looks familiar.,FALSE,FALSE,3.753636701329215,2.7106365376193224,I think I remember him. He looks familiar.
381,5Minute,47,Female,21,White,WC1.P.LINE,White,TP,Yes,0,Foil,20,9.236,No,Not very certain,Something about his face shape seems familiar,FO,No,Yes,Not very certain,Something about his face shape seems familiar,FALSE,FALSE,2.2231088914922488,0.40639880230477754,Not very certain Something about his face shape seems familiar
381,5Minute,47,Female,21,White,WC2.P.LINE,White,TP,Yes,1,Target,80,10.688,No,Pretty certain,Remember a guy in a white t-shirt that looked like him,?,No,Yes,Pretty certain,Remember a guy in a white t-shirt that looked like him,FALSE,FALSE,2.369121617,0.6262236426733556,Pretty certain Remember a guy in a white t-shirt that looked like him
381,5Minute,47,Female,21,White,WC3.P.LINE,White,TP,Yes,1,Target,80,5.79,No,Pretty certain,Remember his slanted features,O1,No,Yes,Pretty certain,Remember his slanted features,FALSE,FALSE,1.7561322915849038,-0.296643048,Pretty certain Remember his slanted features
381,5Minute,47,Female,21,White,WD2.NP.LINE,White,TA,Yes,0,Foil,20,9.864,No,Very uncertain,All have very smiler features,?,No,Yes,Very uncertain,All have very smiler features,FALSE,FALSE,2.288891765862043,0.5054361281776623,Very uncertain All have very smiler features
382,Day,45,Female,31,White,WD1.P.LINE,White,TP,Yes,1,Target,80,51.082,No,I am pretty certain I saw him,I remember him from yesterday,R,No,Yes,I am pretty certain I saw him,I remember him from yesterday,FALSE,FALSE,3.9334321846656453,2.9813219408378706,I am pretty certain I saw him I remember him from yesterday
382,Day,45,Female,31,White,WD2.P.LINE,White,TP,Yes,1,Target,80,9.491,No,I am pretty certain he was in yesterdays pictures.,I believe I remember him.,R,No,Yes,I am pretty certain he was in yesterdays pictures.,I believe I remember him.,FALSE,FALSE,2.250343981148355,0.4474017301228351,I am pretty certain he was in yesterdays pictures. I believe I remember him.
382,Day,45,Female,31,White,WD3.P.LINE,White,TP,Yes,1,Target,60,11.762,No,I am about 50% certain.,He kind of looks familiar.,F,No,Yes,I am about 50% certain.,He kind of looks familiar.,TRUE,FALSE,2.464873996037764,0.7703806087087944,I am about 50% certain. He kind of looks familiar.
384,5Minute,68,Female,41,White,WC1.P.LINE,White,TP,Yes,1,Target,20,18.857,No,I am fairly certain I've seen him,He first caught my eye of being familiar,F,No,Yes,I am fairly certain I've seen him,He first caught my eye of being familiar,FALSE,FALSE,2.9368841977447855,1.4810006387640493,I am fairly certain I've seen him He first caught my eye of being familiar
384,5Minute,68,Female,41,White,WC2.P.LINE,White,TP,Yes,1,Target,100,8.528,No,looks familiar,I remember seeing him,F,No,Yes,looks familiar,I remember seeing him,FALSE,FALSE,2.1433548674234886,0.2863276538935655,looks familiar I remember seeing him
384,5Minute,68,Female,41,White,WC3.P.LINE,White,TP,Yes,1,Target,20,33.338,No,I am not very certain but something in his eyes looks familiar,His eyes.  I think if he was in my pics he had a different expression,FO,No,Yes,I am not very certain but something in his eyes looks familiar,His eyes.  I think if he was in my pics he had a different expression,FALSE,FALSE,3.5066978875208963,2.338865616873001,I am not very certain but something in his eyes looks familiar His eyes.  I think if he was in my pics he had a different expression
384,5Minute,68,Female,41,White,WD1.NP.LINE,White,TA,Yes,0,Foil,60,21.125,No,I think his eyes are the same as another,I used his eyes to determine,O1,No,Yes,I think his eyes are the same as another,I used his eyes to determine,FALSE,FALSE,3.0504571732432377,1.6519868398467754,I think his eyes are the same as another I used his eyes to determine
384,5Minute,68,Female,41,White,WD2.NP.LINE,White,TA,Yes,0,Foil,20,31.327,No,not certain at all,He looks familiar in his face but I am not sure,F,No,Yes,not certain at all,He looks familiar in his face but I am not sure,FALSE,FALSE,3.444480345511771,2.2451959643684734,not certain at all He looks familiar in his face but I am not sure
384,5Minute,68,Female,41,White,WD3.NP.LINE,White,TA,Yes,0,Foil,100,8.585,No,very certain this is one,I recognize his face,R,No,Yes,very certain this is one,I recognize his face,FALSE,FALSE,2.150016494349439,0.2963568556125449,very certain this is one I recognize his face
385,5Minute,71,Female,32,White,WC1.NP.LINE,White,TA,Yes,0,Foil,20,19.987,No,I think I remember seeing him,He looks familiar but I cant say that Im absolutly positive,F,No,Yes,I think I remember seeing him,He looks familiar but I cant say that I'm absolutely positive,FALSE,FALSE,2.9950820622124046,1.5686185928836116,I think I remember seeing him He looks familiar but I cant say that I'm absolutely positive
385,5Minute,71,Female,32,White,WD1.P.LINE,White,TP,Yes,1,Target,100,4.749,No,100% There was something about this individual that stuck with me when viewing the photos,I remember him because he was half smiling and I thought it was strange that everyone else had a big smile,?,No,Yes,100% There was something about this individual that stuck with me when viewing the photos,I remember him because he was half smiling and I thought it was strange that everyone else had a big smile,TRUE,TRUE,1.5579340695669848,-0.595034112,100% There was something about this individual that stuck with me when viewing the photos I remember him because he was half smiling and I thought it was strange that everyone else had a big smile
385,5Minute,71,Female,32,White,WD2.P.LINE,White,TP,Yes,1,Target,80,5.983,No,Almost positive,I remember thinking that he looked kind of preppy and imagined what he could have done to go to jail.,?,No,Yes,Almost positive,I remember thinking that he looked kind of preppy and imagined what he could have done to go to jail.,FALSE,FALSE,1.7889221144078946,-0.247277367,Almost positive I remember thinking that he looked kind of preppy and imagined what he could have done to go to jail.
385,5Minute,71,Female,32,White,WD3.P.LINE,White,TP,Yes,1,Target,80,4.348,No,Pretty certain,I remember seeing him because at first it was his hair cut that stuck out then I studied his eyes,Omany,No,Yes,Pretty certain,I remember seeing him because at first it was his hair cut that stuck out then I studied his eyes,FALSE,FALSE,1.469715969258963,-0.727848083,Pretty certain I remember seeing him because at first it was his hair cut that stuck out then I studied his eyes
386,5Minute,56,Male,28,White,WC2.P.LINE,White,TP,Yes,1,Target,80,8.285,No,pretty sure,Looks familiar,F,No,Yes,pretty sure,Looks familiar,FALSE,FALSE,2.1144466508785262,0.24280580280701647,pretty sure Looks familiar
386,5Minute,56,Male,28,White,WD2.NP.LINE,White,TA,Yes,0,Foil,40,4.194,No,Not sure,looks a little familiar,F,No,Yes,Not sure,looks a little familiar,FALSE,FALSE,1.433654932479728,-0.782138636,Not sure looks a little familiar
389,5Minute,65,Female,30,White,WD1.P.LINE,White,TP,Yes,1,Target,100,6.183,No,Fairly certain,I remember this man's haircut,O1,No,Yes,Fairly certain,I remember this man's haircut,FALSE,FALSE,1.8218035905764316,-0.197773701,Fairly certain I remember this man's haircut
389,5Minute,65,Female,30,White,WD2.P.LINE,White,TP,Yes,1,Target,80,6.447,No,I am fairly certain in my response,"If i remember correctly, the selection had a noticeable haircut",O1,No,Yes,I am fairly certain in my response,"If I remember correctly, the selection had a noticeable haircut",FALSE,FALSE,1.863614906328483,-0.134825997,"I am fairly certain in my response If I remember correctly, the selection had a noticeable haircut"
389,5Minute,65,Female,30,White,WD3.P.LINE,White,TP,Yes,1,Target,100,2.744,No,I am very certain,I recall this man's hairline when i was looking at the lineups,O1,No,Yes,I am very certain,I recall this man's hairline when I was looking at the lineups,FALSE,FALSE,1.0094167098636389,-1.420837074,I am very certain I recall this man's hairline when I was looking at the lineups
390,5Minute,61,Female,29,White,WC2.P.LINE,White,TP,Yes,1,Target,80,1.856,No,pretty sure,he looks familiar,F,No,Yes,pretty sure,he looks familiar,FALSE,FALSE,0.6184236343640089,-2.009484332,pretty sure he looks familiar
390,5Minute,61,Female,29,White,WC3.P.LINE,White,TP,Yes,1,Target,60,13.398,No,Kind of,I think I remember his face but he might just remind me of someone I know,?,No,Yes,Kind of,I think I remember his face but he might just remind me of someone I know,FALSE,FALSE,2.595105442086076,0.966446443,Kind of I think I remember his face but he might just remind me of someone I know
391,Day,69,Female,38,White,WD2.NP.LINE,White,TA,Yes,0,Foil,40,6.973,No,I am mildly certain.,The eyes look familiar but I don't remember his cheeks being like that.,FO,No,Yes,I am mildly certain.,The eyes look familiar but I don't remember his cheeks being like that.,FALSE,FALSE,1.9420455482388737,-0.016747224,I am mildly certain. The eyes look familiar but I don't remember his cheeks being like that.
392,Day,63,Female,43,White,WC3.P.LINE,White,TP,Yes,0,Foil,20,7.814,No,not very,"harder to tell, pics are smaller",?,No,Yes,not very,"harder to tell, pics are smaller",FALSE,FALSE,2.0559169966328787,0.15468833308126204,"not very harder to tell, pics are smaller"
392,Day,63,Female,43,White,WD1.NP.LINE,White,TA,Yes,0,Foil,20,8.724,No,a little,Looks familiar but not sure,F,No,Yes,a little,Looks familiar but not sure,FALSE,FALSE,2.1660778483393828,0.3205375191104628,a little Looks familiar but not sure
393,5Minute,54,Male,37,White,WC1.NP.LINE,White,TA,Yes,0,Foil,60,9.451,No,I'm about 60% sure I recognize this guy.,I remember the wavy hair and the stubble.,Omany,No,Yes,I'm about 60% sure I recognize this guy.,I remember the wavy hair and the stubble.,TRUE,FALSE,2.246120556012919,0.4410432859921245,I'm about 60% sure I recognize this guy. I remember the wavy hair and the stubble.
393,5Minute,54,Male,37,White,WC2.NP.LINE,White,TA,Yes,0,Foil,40,17.467,No,His face is the only one that looks familar,His hair.,?,No,Yes,His face is the only one that looks familiar,His hair.,FALSE,FALSE,2.8603133864462555,1.3657218756578002,His face is the only one that looks familiar His hair.
393,5Minute,54,Male,37,White,WD1.P.LINE,White,TP,Yes,1,Target,60,3.008,No,I'm about 50% certain that I recognize this man.,I remember his hair and his face looks very familiar.,FO,No,Yes,I'm about 50% certain that I recognize this man.,I remember his hair and his face looks very familiar.,TRUE,FALSE,1.1012754060875933,-1.282542119,I'm about 50% certain that I recognize this man. I remember his hair and his face looks very familiar.
393,5Minute,54,Male,37,White,WD2.P.LINE,White,TP,Yes,1,Target,60,10.507,No,I'm about half certain that this guy was in the line up.,His face and hair look familiar. I believe he was smiling in the line up photo.,FO,No,Yes,I'm about half certain that this guy was in the line up.,His face and hair look familiar. I believe he was smiling in the line up photo.,TRUE,FALSE,2.352041701706638,0.6005095167306662,I'm about half certain that this guy was in the line up. His face and hair look familiar. I believe he was smiling in the line up photo.
393,5Minute,54,Male,37,White,WD3.P.LINE,White,TP,Yes,0,Foil,20,15.59,No,I am slightly confident that I recognize him.,I kind of remember his hair. I seems familiar.,FO,No,Yes,I am slightly confident that I recognize him.,I kind of remember his hair. I seems familiar.,FALSE,FALSE,2.7466296830696852,1.1945689717203654,I am slightly confident that I recognize him. I kind of remember his hair. I seems familiar.
395,Day,63,Female,35,White,WD1.P.LINE,White,TP,Yes,1,Target,80,17.885,No,I'm pretty sure.,He has a distinct face.,?,No,Yes,I'm pretty sure.,He has a distinct face.,FALSE,FALSE,2.883962372710981,1.401325858939176,I'm pretty sure. He has a distinct face.
395,Day,63,Female,35,White,WD2.P.LINE,White,TP,Yes,1,Target,80,12.472,No,Pretty sure this guy is one of them.,He looks like one from the pictures.,R,No,Yes,Pretty sure this guy is one of them.,He looks like one from the pictures.,FALSE,FALSE,2.5234861317554755,0.8586222558060232,Pretty sure this guy is one of them. He looks like one from the pictures.
396,Day,55,Female,38,White,WC1.P.LINE,White,TP,Yes,1,Target,100,7.572,No,I'm extremely certain about seeing this face.,I feel confident about saying I'm extremely certain about seeing this face before.,R,No,Yes,I'm extremely certain about seeing this face.,I feel confident about saying I'm extremely certain about seeing this face before.,FALSE,FALSE,2.0244572333470763,0.10732508150144855,I'm extremely certain about seeing this face. I feel confident about saying I'm extremely certain about seeing this face before.
396,Day,55,Female,38,White,WC3.P.LINE,White,TP,Yes,0,Foil,80,9.082,No,I'm pretty certain I have seen this face before.,I feel confident about saying I'm pretty certain about seeing this face before.,R,No,Yes,I'm pretty certain I have seen this face before.,I feel confident about saying I'm pretty certain about seeing this face before.,FALSE,FALSE,2.2062944326757594,0.3810843256550692,I'm pretty certain I have seen this face before. I feel confident about saying I'm pretty certain about seeing this face before.
396,Day,55,Female,38,White,WD2.NP.LINE,White,TA,Yes,0,Foil,100,7.935,No,I'm extremely certain about seeing this face.,I feel confident about saying I'm extremely certain about seeing this face before.,R,No,Yes,I'm extremely certain about seeing this face.,I feel confident about saying I'm extremely certain about seeing this face before.,FALSE,FALSE,2.071283353978372,0.17782266636305025,I'm extremely certain about seeing this face. I feel confident about saying I'm extremely certain about seeing this face before.
396,Day,55,Female,38,White,WD3.NP.LINE,White,TA,Yes,0,Foil,40,18.376,No,I'm kinda certain about seeing this face before.,I feel confident about saying I'm kinda certain about seeing this face before.,R,No,Yes,I'm kinda certain about seeing this face before.,I feel confident about saying I'm kinda certain about seeing this face before.,FALSE,FALSE,2.911045465386797,1.4420999525110425,I'm kinda certain about seeing this face before. I feel confident about saying I'm kinda certain about seeing this face before.
397,Day,63,Female,38,White,WC1.NP.LINE,White,TA,Yes,0,Foil,0,11.343,No,Not very certain.,I'm not sure if I saw this one or not.,R,No,Yes,Not very certain.,I'm not sure if I saw this one or not.,FALSE,FALSE,2.4286008135769053,0.7157706661327337,Not very certain. I'm not sure if I saw this one or not.
397,Day,63,Female,38,White,WC2.NP.LINE,White,TA,Yes,0,Foil,20,9.445,No,Not very certain.,I might have seen this one.,R,No,Yes,Not very certain.,I might have seen this one.,FALSE,FALSE,2.245485500953473,0.440087199,Not very certain. I might have seen this one.
397,Day,63,Female,38,White,WD1.P.LINE,White,TP,Yes,1,Target,20,2.597,No,A little bit certain.,I might have seen him.,R,No,Yes,A little bit certain.,I might have seen him.,FALSE,FALSE,0.9543569326806114,-1.50373058,A little bit certain. I might have seen him.
397,Day,63,Female,38,White,WD3.P.LINE,White,TP,Yes,1,Target,40,3.921,No,Somewhat certain.,I think I saw him.,R,No,Yes,Somewhat certain.,I think I saw him.,FALSE,FALSE,1.3663467233101945,-0.883472382,Somewhat certain. I think I saw him.
398,Day,43,Male,23,White,WC1.P.LINE,White,TP,Yes,1,Target,80,4.685,No,somewhat certain,they seem familiar,F,No,Yes,somewhat certain,they seem familiar,FALSE,FALSE,1.5443659156903855,-0.615461217,somewhat certain they seem familiar
399,5Minute,56,Female,28,White,WC1.P.LINE,White,TP,Yes,1,Target,40,3.654,No,slightly certain,his eyes seem familiar,FO,No,Yes,slightly certain,his eyes seem familiar,FALSE,FALSE,1.2958224579558149,-0.989647959,slightly certain his eyes seem familiar
400,5Minute,64,Female,21,White,WC2.P.LINE,White,TP,Yes,1,Target,20,5.322,No,20 percent,His eyes looked somewhat familiar but I'm not sure,FO,No,Yes,20 percent,His eyes looked somewhat familiar but I'm not sure,TRUE,FALSE,1.6718491725554974,-0.423532832,20 percent His eyes looked somewhat familiar but I'm not sure
400,5Minute,64,Female,21,White,WC3.P.LINE,White,TP,Yes,1,Target,60,2.897,No,60 percent,his hair and eyes looked familiar,FO,No,Yes,60 percent,his hair and eyes looked familiar,TRUE,FALSE,1.0636757187872132,-1.339149139,60 percent his hair and eyes looked familiar
400,5Minute,64,Female,21,White,WD1.NP.LINE,White,TA,Yes,0,Foil,100,4.602,No,100 percent,his eyes look familiar,FO,No,Yes,100 percent,his eyes look familiar,TRUE,FALSE,1.5264909916131741,-0.642372244,100 percent his eyes look familiar
400,5Minute,64,Female,21,White,WD2.NP.LINE,White,TA,Yes,0,Foil,60,7.649,No,60 percent,His neck looked familiar.,FO,No,Yes,60 percent,His neck looked familiar.,TRUE,FALSE,2.034574920339729,0.12255744514275663,60 percent His neck looked familiar.
401,5Minute,62,Female,28,White,WC1.P.LINE,White,TP,Yes,0,Foil,60,14.57,No,slightly,looks familiar,F,No,Yes,slightly,looks familiar,FALSE,FALSE,2.6789646202071133,1.0926979764935767,slightly looks familiar
401,5Minute,62,Female,28,White,WC2.P.LINE,White,TP,Yes,1,Target,100,2.78,No,certain,looks like my son,U1,No,Yes,certain,looks like my son,FALSE,FALSE,1.0224509277025455,-1.40121382,certain looks like my son
401,5Minute,62,Female,28,White,WC3.P.LINE,White,TP,Yes,1,Target,40,3.925,No,slightly,face shape looks similar,O1,No,Yes,slightly,face shape looks similar,FALSE,FALSE,1.3673663512343717,-0.881937313,slightly face shape looks similar
402,5Minute,59,Female,35,White,WC2.NP.LINE,White,TA,Yes,0,Foil,40,11.606,No,Kind of certain,Feel kind of certain I've seen the face,R,No,Yes,Kind of certain,Feel kind of certain I've seen the face,FALSE,FALSE,2.4515222057684167,0.7502792431701225,Kind of certain Feel kind of certain I've seen the face
402,5Minute,59,Female,35,White,WD2.P.LINE,White,TP,Yes,1,Target,100,5.623,No,pretty certain,the eyes and the nose look familiar,Omany,No,Yes,pretty certain,the eyes and the nose look familiar,FALSE,FALSE,1.7268653293100646,-0.340704997,pretty certain the eyes and the nose look familiar
402,5Minute,59,Female,35,White,WD3.P.LINE,White,TP,Yes,1,Target,20,8.912,No,fairly certain,the hair looks familiar,FO,No,Yes,fairly certain,the hair looks familiar,FALSE,FALSE,2.187398683184928,0.3526364276593693,fairly certain the hair looks familiar
403,Day,54,Female,31,White,WC3.P.LINE,White,TP,Yes,1,Target,20,11.719,No,I'm only 20% certain.,I think I remember his eyes.,O1,No,Yes,I'm only 20% certain.,I think I remember his eyes.,TRUE,FALSE,2.461211456276465,0.764866588,I'm only 20% certain. I think I remember his eyes.
403,Day,54,Female,31,White,WD3.NP.LINE,White,TA,Yes,0,Foil,40,29.173,No,50,I think I remember seeing this guy.,R,No,Yes,50,I think I remember seeing this guy.,TRUE,FALSE,3.373243623980504,2.1379477714003725,50 I think I remember seeing this guy.
404,Day,56,Female,29,White,WC2.P.LINE,White,TP,Yes,1,Target,80,3.673,No,mostly certain,I remember the right eyebrow having a slice through it,O1,No,Yes,mostly certain,I remember the right eyebrow having a slice through it,FALSE,FALSE,1.3010087668375303,-0.981839875,mostly certain I remember the right eyebrow having a slice through it
404,Day,56,Female,29,White,WC3.P.LINE,White,TP,Yes,1,Target,60,12.352,No,I am about mostly certain I saw that man before,"I recognize the wide dip under his noes, the part that forms the peaks in your lips.  His is extra large and it looks like some sculptor used their thumb to make it.",O1,No,Yes,I am about mostly certain I saw that man before,"I recognize the wide dip under his noes, the part that forms the peaks in your lips.  His is extra large and it looks like some sculptor used their thumb to make it.",FALSE,FALSE,2.5138179932824203,0.8440666957197067,"I am about mostly certain I saw that man before I recognize the wide dip under his noes, the part that forms the peaks in your lips.  His is extra large and it looks like some sculptor used their thumb to make it."
405,5Minute,66,Female,36,White,WC2.NP.LINE,White,TA,Yes,0,Foil,20,1.766,No,not certain,i think its the same kid,R,No,Yes,not certain,I think its the same kid,FALSE,FALSE,0.5687171021817683,-2.08431843,not certain I think its the same kid
405,5Minute,66,Female,36,White,WC3.NP.LINE,White,TA,Yes,0,Foil,60,1.642,No,70,eyes look familar,FO,No,Yes,70,eyes look familiar,TRUE,FALSE,0.49591501103023644,-2.193923315,70 eyes look familiar
405,5Minute,66,Female,36,White,WD1.P.LINE,White,TP,Yes,1,Target,40,1.193,No,40,hair looks familar,FO,No,Yes,40,hair looks familiar,TRUE,FALSE,0.1764711431157791,-2.674851927,40 hair looks familiar
405,5Minute,66,Female,36,White,WD2.P.LINE,White,TP,Yes,1,Target,100,2.648,No,100,i remember the hair,O1,No,Yes,100,I remember the hair,TRUE,FALSE,0.9738046380747618,-1.474451702,100 I remember the hair
406,5Minute,72,Male,38,White,WD2.P.LINE,White,TP,Yes,1,Target,40,13.761,No,somewhat certain,the photo looks like one of the previously viewed faces,R,No,Yes,somewhat certain,the photo looks like one of the previously viewed faces,FALSE,FALSE,2.6218385042831445,1.0066935594957673,somewhat certain the photo looks like one of the previously viewed faces
407,5Minute,34,Male,32,White,WD2.P.LINE,White,TP,Yes,1,Target,60,2.178,No,Very certain,HIs face and eyes,Omany,No,Yes,Very certain,His face and eyes,FALSE,FALSE,0.7784070245107687,-1.768626399,Very certain His face and eyes
408,5Minute,65,Female,23,White,WC2.NP.LINE,White,TA,Yes,0,Foil,40,4.598,No,maybe certain,looks familiar,F,No,Yes,maybe certain,looks familiar,FALSE,FALSE,1.5256214263409897,-0.64368139,maybe certain looks familiar
408,5Minute,65,Female,23,White,WD1.P.LINE,White,TP,Yes,1,Target,80,2.221,No,almost certain,hes attractive so i remembered his face,O1,No,Yes,almost certain,he's attractive so I remembered his face,FALSE,FALSE,0.7979575449122904,-1.739192732,almost certain he's attractive so I remembered his face
408,5Minute,65,Female,23,White,WD2.P.LINE,White,TP,Yes,1,Target,100,2.301,No,certain,looks like someone i know thats how i remember,U1,No,Yes,certain,looks like someone I know that's how I remember,FALSE,FALSE,0.8333438110532289,-1.685918058,certain looks like someone I know that's how I remember
408,5Minute,65,Female,23,White,WD3.P.LINE,White,TP,Yes,1,Target,60,4.538,No,50/50,i could have seen him,?,No,Yes,50/50,I could have seen him,TRUE,FALSE,1.512486386,-0.663456434,50/50 I could have seen him
409,Day,65,Male,33,White,WC1.P.LINE,White,TP,Yes,1,Target,60,29.791,No,kinda looks familiar,his face looks kinda like one i seen yesterday,F,No,Yes,kinda looks familiar,his face looks kinda like one I seen yesterday,FALSE,FALSE,3.3942063344733016,2.1695075171570495,kinda looks familiar his face looks kinda like one I seen yesterday
409,Day,65,Male,33,White,WC2.P.LINE,White,TP,Yes,0,Foil,60,6.273,No,he looks like one from yesterday,he looks like a face i seen,R,No,Yes,he looks like one from yesterday,he looks like a face I seen,FALSE,FALSE,1.8362547091146062,-0.176017276,he looks like one from yesterday he looks like a face I seen
409,Day,65,Male,33,White,WC3.P.LINE,White,TP,Yes,1,Target,80,4.726,No,fairly certain,his face looks like one I seen yesterday,R,No,Yes,fairly certain,his face looks like one I seen yesterday,FALSE,FALSE,1.553079178764716,-0.602343239,fairly certain his face looks like one I seen yesterday
410,5Minute,66,Male,29,White,WC1.NP.LINE,White,TA,Yes,0,Foil,60,9.884,No,Not very confident,I think I remember the facial hair on this gentleman.  That's what I'm going with.,O1,No,Yes,Not very confident,I think I remember the facial hair on this gentleman.  That's what I'm going with.,FALSE,FALSE,2.2909172881263635,0.5084855891578348,Not very confident I think I remember the facial hair on this gentleman.  That's what I'm going with.
410,5Minute,66,Male,29,White,WC2.NP.LINE,White,TA,Yes,0,Foil,60,9.541,No,I believe this person was in the line up but he has a different hair style.,The look is different so I'm not entirely sure but I believe this is one of the males in the line up,O1,No,Yes,I believe this person was in the line up but he has a different hair style.,The look is different so I'm not entirely sure but I believe this is one of the males in the line up,FALSE,FALSE,2.2555983017697088,0.45531220634636377,I believe this person was in the line up but he has a different hair style. The look is different so I'm not entirely sure but I believe this is one of the males in the line up
410,5Minute,66,Male,29,White,WC3.NP.LINE,White,TA,Yes,0,Foil,80,4.643,No,I believe I'm right on this one.  More confident than not.,"I believe I remember this guy's face, but he had more neck revealed and was smiling so I""m not 100%",Omany,No,Yes,I believe I'm right on this one.  More confident than not.,"I believe I remember this guy's face, but he had more neck revealed and was smiling so I'm not 100%",FALSE,TRUE,1.5353607090377845,-0.629018721,"I believe I'm right on this one.  More confident than not. I believe I remember this guy's face, but he had more neck revealed and was smiling so I'm not 100%"
410,5Minute,66,Male,29,White,WD1.P.LINE,White,TP,Yes,1,Target,100,2.486,No,Very confident.,"The hair.  The expression helps, but I remember this guy's hair.",Omany,No,Yes,Very confident.,"The hair.  The expression helps, but I remember this guy's hair.",FALSE,FALSE,0.9106749930885194,-1.569494543,"Very confident. The hair.  The expression helps, but I remember this guy's hair."
410,5Minute,66,Male,29,White,WD2.P.LINE,White,TP,Yes,1,Target,100,1.378,No,Very sure.,I remember the eyes this gentleman had in the original.  Hair is a little similar as well.,?,No,Yes,Very sure.,I remember the eyes this gentleman had in the original.  Hair is a little similar as well.,FALSE,FALSE,0.32063317259146673,-2.457813343,Very sure. I remember the eyes this gentleman had in the original.  Hair is a little similar as well.
410,5Minute,66,Male,29,White,WD3.P.LINE,White,TP,Yes,1,Target,100,4.229,No,I'm pretty sure this guy was in the line up.,I remember the guys hair and it is similar to the original line up,O1,No,Yes,I'm pretty sure this guy was in the line up.,I remember the guys hair and it is similar to the original line up,FALSE,FALSE,1.4419655584903515,-0.769626836,I'm pretty sure this guy was in the line up. I remember the guys hair and it is similar to the original line up
411,Day,66,Female,29,White,WD1.P.LINE,White,TP,Yes,1,Target,60,15.359,No,somewhat certain,I think I remember his hair from yesterday,O1,No,Yes,somewhat certain,I think I remember his hair from yesterday,FALSE,FALSE,2.731701621433491,1.1720945006809373,somewhat certain I think I remember his hair from yesterday
411,Day,66,Female,29,White,WD2.P.LINE,White,TP,Yes,1,Target,80,4.39,No,somewhat certain,I have two choices of mugshots that look familiar so Im unsure I selected the correct option,F,No,Yes,somewhat certain,I have two choices of mugshots that look familiar so I'm unsure I selected the correct option,FALSE,FALSE,1.479329227,-0.713375147,somewhat certain I have two choices of mugshots that look familiar so I'm unsure I selected the correct option
412,5Minute,68,Male,30,White,WC1.P.LINE,White,TP,Yes,1,Target,100,1.085,No,I'm 100 percent certain.,I remember this face.,R,No,Yes,I'm 100 percent certain.,I remember this face.,TRUE,FALSE,0.081579987,-2.817712306,I'm 100 percent certain. I remember this face.
413,Day,29,Female,22,White,WC1.P.LINE,White,TP,Yes,0,Foil,100,5.192,No,Certain.,The guy looks similar to one in the study.,R,No,Yes,Certain.,The guy looks similar to one in the study.,FALSE,FALSE,1.6471189794017889,-0.460764592,Certain. The guy looks similar to one in the study.
413,Day,29,Female,22,White,WC3.P.LINE,White,TP,Yes,0,Foil,60,3.537,No,I am somewhat certain.,The haircut makes me think its him.,O1,No,Yes,I am somewhat certain.,The haircut makes me think its him.,FALSE,FALSE,1.2632789102233435,-1.038642868,I am somewhat certain. The haircut makes me think its him.
413,Day,29,Female,22,White,WD3.NP.LINE,White,TA,Yes,0,Foil,20,6.828,No,Somewhat certain.,The guy looks familiar.,F,No,Yes,Somewhat certain.,The guy looks familiar.,FALSE,FALSE,1.9210318049321942,-0.048383801,Somewhat certain. The guy looks familiar.
414,5Minute,57,Male,33,White,WC1.NP.LINE,White,TA,Yes,0,Foil,40,6.293,No,Somewhat certain,The nose looks familiar,FO,No,Yes,Somewhat certain,The nose looks familiar,FALSE,FALSE,1.8394379045447966,-0.171224917,Somewhat certain The nose looks familiar
414,5Minute,57,Male,33,White,WC2.NP.LINE,White,TA,Yes,0,Foil,40,12.448,No,Not very certain,None of these jump out.  The hair seems familiar.,FO,No,Yes,Not very certain,None of these jump out.  The hair seems familiar.,FALSE,FALSE,2.5215599674360356,0.85572238,Not very certain None of these jump out.  The hair seems familiar.
414,5Minute,57,Male,33,White,WD1.P.LINE,White,TP,Yes,1,Target,60,9.355,No,Moderately certain,I'm pretty sure I recognize this guy,R,No,Yes,Moderately certain,I'm pretty sure I recognize this guy,FALSE,FALSE,2.235910959726053,0.42567255121989556,Moderately certain I'm pretty sure I recognize this guy
414,5Minute,57,Male,33,White,WD2.P.LINE,White,TP,Yes,0,Foil,40,5.889,No,Not certain,He looks similar to one of the 2nd set,R,No,Yes,Not certain,He looks similar to one of the second set,FALSE,FALSE,1.7730862039624338,-0.271118621,Not certain He looks similar to one of the second set
414,5Minute,57,Male,33,White,WD3.P.LINE,White,TP,Yes,0,Foil,20,9.879,No,Not certain,I think this is the smiling guy but not sure,?,No,Yes,Not certain,I think this is the smiling guy but not sure,FALSE,FALSE,2.2904112920623367,0.5077238027876967,Not certain I think this is the smiling guy but not sure
415,Day,69,Female,33,White,WC1.NP.LINE,White,TA,Yes,0,Foil,80,4.899,No,He looks familiar,I feel like I have looked at his face.,F,No,Yes,He looks familiar,I feel like I have looked at his face.,FALSE,FALSE,1.5890311026564377,-0.548216958,He looks familiar I feel like I have looked at his face.
415,Day,69,Female,33,White,WC3.NP.LINE,White,TA,Yes,0,Foil,60,8.326,No,I feel somewhat certain that I have seen him before.,His face rang a bell.,R,No,Yes,I feel somewhat certain that I have seen him before.,His face rang a bell.,FALSE,FALSE,2.119383148772784,0.25023779107612276,I feel somewhat certain that I have seen him before. His face rang a bell.
415,Day,69,Female,33,White,WD1.P.LINE,White,TP,Yes,1,Target,100,2.557,No,I saw his face in the task yesterday.,I distinctly remember him.,R,No,Yes,I saw his face in the task yesterday.,I distinctly remember him.,FALSE,FALSE,0.9388346963090496,-1.527099592,I saw his face in the task yesterday. I distinctly remember him.
415,Day,69,Female,33,White,WD2.P.LINE,White,TP,Yes,1,Target,60,5.059,No,He seems familiar.,I am somewhat sure he was in the line up yesterday.,F,No,Yes,He seems familiar.,I am somewhat sure he was in the line up yesterday.,FALSE,FALSE,1.621168835309799,-0.499833011,He seems familiar. I am somewhat sure he was in the line up yesterday.
416,Day,61,Female,29,White,WD1.NP.LINE,White,TA,Yes,0,Foil,40,45.472,No,not really,face shape,O1,No,Yes,not really,face shape,FALSE,FALSE,3.8170967519146903,2.8061768096118964,not really face shape
417,Day,60,Female,34,White,WC2.NP.LINE,White,TA,Yes,0,Foil,20,4.281,No,Pretty certain,Remember a maroon shirt,?,No,Yes,Pretty certain,Remember a maroon shirt,FALSE,FALSE,1.454186627162809,-0.751227793,Pretty certain Remember a maroon shirt
417,Day,60,Female,34,White,WC3.NP.LINE,White,TA,Yes,0,Foil,60,2.814,No,Pretty certain,I think I have seen this face before,R,No,Yes,Pretty certain,I think I have seen this face before,FALSE,FALSE,1.0346069586921973,-1.382912692,Pretty certain I think I have seen this face before
417,Day,60,Female,34,White,WD1.P.LINE,White,TP,Yes,1,Target,20,1.568,No,Pretty certain,I think i have seen this face before.,R,No,Yes,Pretty certain,I think I have seen this face before.,FALSE,FALSE,0.44980092192821614,-2.263348924,Pretty certain I think I have seen this face before.
417,Day,60,Female,34,White,WD3.P.LINE,White,TP,Yes,1,Target,20,4.286,No,Somewhat certain,I think I remember seeing his face,R,No,Yes,Somewhat certain,I think I remember seeing his face,FALSE,FALSE,1.455353897051385,-0.749470446,Somewhat certain I think I remember seeing his face
418,Day,55,Female,44,White,WC1.P.LINE,White,TP,Yes,0,Foil,60,26.269,No,not sure,confusing,?,No,Yes,not sure,confusing,FALSE,FALSE,3.2683895367376614,1.9800880167627497,not sure confusing
418,Day,55,Female,44,White,WC3.P.LINE,White,TP,Yes,1,Target,60,18.936,No,maybe,not sure,?,No,Yes,maybe,not sure,FALSE,FALSE,2.941064872211683,1.4872947209778948,maybe not sure
418,Day,55,Female,44,White,WD3.NP.LINE,White,TA,Yes,0,Foil,80,7.909,No,pretty certain,recognize,R,No,Yes,pretty certain,recognize,FALSE,FALSE,2.0680013515372804,0.1728815513937223,pretty certain recognize
419,Day,66,Female,39,White,WD1.P.LINE,White,TP,Yes,1,Target,80,1.724,No,100% certain I saw this guy in a collared shirt,his eyes  I remember his eyes,O1,No,Yes,100% certain I saw this guy in a collared shirt,his eyes  I remember his eyes,TRUE,FALSE,0.5446471722415014,-2.120556151,100% certain I saw this guy in a collared shirt his eyes  I remember his eyes
419,Day,66,Female,39,White,WD2.P.LINE,White,TP,Yes,1,Target,80,2.989,No,I remember this guy,The hair and the face are recognizable,Omany,No,Yes,I remember this guy,The hair and the face are recognizable,FALSE,FALSE,1.0949388833018008,-1.292081871,I remember this guy The hair and the face are recognizable
419,Day,66,Female,39,White,WD3.P.LINE,White,TP,Yes,1,Target,0,9.895,No,hmm maybe I'm not sure,he looks familiar but I can't be sure,F,No,Yes,hmm maybe I'm not sure,he looks familiar but I can't be sure,FALSE,FALSE,2.292029579054529,0.5101601635842873,hmm maybe I'm not sure he looks familiar but I can't be sure
420,5Minute,60,Female,28,White,WC1.NP.LINE,White,TA,Yes,0,Foil,20,21.558,No,not very certain,"this gentleman has eyes that look very similar to one of the previous pictures, but I had really only noticed the eyes in the pictures earlier",O1,No,Yes,not very certain,"this gentleman has eyes that look very similar to one of the previous pictures, but I had really only noticed the eyes in the pictures earlier",FALSE,FALSE,3.0707469773594367,1.6825335126913978,"not very certain this gentleman has eyes that look very similar to one of the previous pictures, but I had really only noticed the eyes in the pictures earlier"
420,5Minute,60,Female,28,White,WD1.P.LINE,White,TP,Yes,1,Target,80,13.269,No,fairly certain,"this gentleman looks very familiar and similar to the previous pictures I viewed, his facial structure and eyes stand out",FO,No,Yes,fairly certain,"this gentleman looks very familiar and similar to the previous pictures I viewed, his facial structure and eyes stand out",FALSE,FALSE,2.5854304875542993,0.9518806214521883,"fairly certain this gentleman looks very familiar and similar to the previous pictures I viewed, his facial structure and eyes stand out"
420,5Minute,60,Female,28,White,WD3.P.LINE,White,TP,Yes,1,Target,60,10.637,No,somewhat certain,I remember someone that looked very similar to this person in our previous pictures,R,No,Yes,somewhat certain,I remember someone that looked very similar to this person in our previous pictures,FALSE,FALSE,2.364338489269528,0.619022556,somewhat certain I remember someone that looked very similar to this person in our previous pictures
421,Day,61,Female,35,White,WC3.NP.LINE,White,TA,Yes,0,Foil,20,4.238,No,not sure,looks slightly familiar,F,No,Yes,not sure,looks slightly familiar,FALSE,FALSE,1.4440914598461074,-0.766426253,not sure looks slightly familiar
421,Day,61,Female,35,White,WD3.P.LINE,White,TP,Yes,0,Foil,40,5.197,No,Not sure,I think he looks a little familiar,F,No,Yes,Not sure,I think he looks a little familiar,FALSE,FALSE,1.6480815360263048,-0.459315445,Not sure I think he looks a little familiar
422,Day,64,Male,34,White,WD3.P.LINE,White,TP,Yes,1,Target,60,8.665,No,I am pretty sure I saw him yesterday.,"I think he was smiling more in the picture yesterday, but I believe it is the same person.",?,No,Yes,I am pretty sure I saw him yesterday.,"I think he was smiling more in the picture yesterday, but I believe it is the same person.",FALSE,FALSE,2.159291923167569,0.3103211840988308,"I am pretty sure I saw him yesterday. I think he was smiling more in the picture yesterday, but I believe it is the same person."
423,Day,59,Female,29,White,WD1.P.LINE,White,TP,Yes,1,Target,80,4.163,No,certain,I remember his eyes very well,O1,No,Yes,certain,I remember his eyes very well,FALSE,FALSE,1.4262359682128385,-0.793308023,certain I remember his eyes very well
424,5Minute,53,Male,25,White,WC1.NP.LINE,White,TA,Yes,0,Foil,20,4.3,No,not very,i am not sure if this is the person i saw earlier,?,No,Yes,not very,I am not sure if this is the person I saw earlier,FALSE,FALSE,1.4586150226995167,-0.744560762,not very I am not sure if this is the person I saw earlier
424,5Minute,53,Male,25,White,WC2.NP.LINE,White,TA,Yes,0,Foil,60,19.56,No,somewhat,i think i remember seeing this person,R,No,Yes,somewhat,I think I remember seeing this person,FALSE,FALSE,2.9734866646066713,1.5361063250551998,somewhat I think I remember seeing this person
424,5Minute,53,Male,25,White,WD1.P.LINE,White,TP,Yes,0,Foil,40,6.091,No,not very,i am not that confident in my response,?,No,Yes,not very,I am not that confident in my response,FALSE,FALSE,1.8068122718543476,-0.220343406,not very I am not that confident in my response
424,5Minute,53,Male,25,White,WD3.P.LINE,White,TP,Yes,0,Foil,60,3.278,No,somewhat,i think i remember seeing this person,R,No,Yes,somewhat,I think I remember seeing this person,FALSE,FALSE,1.187233480321638,-1.153130659,somewhat I think I remember seeing this person
425,Day,66,Female,31,White,WC3.NP.LINE,White,TA,Yes,0,Foil,40,4.96,No,somewhat sure,Just a guess dont remember any specific details,R,No,Yes,somewhat sure,Just a guess don't remember any specific details,FALSE,FALSE,1.601405740736836,-0.529586713,somewhat sure Just a guess don't remember any specific details
425,Day,66,Female,31,White,WD1.P.LINE,White,TP,Yes,0,Foil,60,3.683,No,somewhat sure,His eyes look familar,FO,No,Yes,somewhat sure,His eyes look familiar,FALSE,FALSE,1.3037276374629283,-0.977746566,somewhat sure His eyes look familiar
425,Day,66,Female,31,White,WD2.P.LINE,White,TP,Yes,0,Foil,40,3.936,No,somewhat sure,not sure on details,?,No,Yes,somewhat sure,not sure on details,FALSE,FALSE,1.370164979190007,-0.877723927,somewhat sure not sure on details
426,5Minute,44,Female,34,White,WD1.P.LINE,White,TP,Yes,1,Target,80,2.957,No,i recognize this man,i thought he was slightly attractive,O1,No,Yes,I recognize this man,I thought he was slightly attractive,FALSE,FALSE,1.084175241,-1.308286732,I recognize this man I thought he was slightly attractive
426,5Minute,44,Female,34,White,WD2.P.LINE,White,TP,Yes,0,Foil,80,2.393,No,im pretty sure I saw this one persons face previously,i think he was in the previous line up,R,No,Yes,I'm pretty sure I saw this one persons face previously,I think he was in the previous line up,FALSE,FALSE,0.8725478089262362,-1.626895719,I'm pretty sure I saw this one persons face previously I think he was in the previous line up
428,5Minute,60,Female,27,White,WC1.NP.LINE,White,TA,Yes,0,Foil,60,3.141,No,60%,i seem to remember his face,R,No,Yes,60%,I seem to remember his face,TRUE,FALSE,1.1445412205565095,-1.217404641,0.6 I seem to remember his face
428,5Minute,60,Female,27,White,WD1.P.LINE,White,TP,Yes,1,Target,100,3.344,No,100%,i remembered him as douchey white guy,U1,No,Yes,100%,I remembered him as douchey white guy,TRUE,FALSE,1.207167695222455,-1.123119333,1 I remembered him as douchey white guy
428,5Minute,60,Female,27,White,WD3.P.LINE,White,TP,Yes,1,Target,60,6.654,No,75%,he looks close to one of the people i saw,R,No,Yes,75%,he looks close to one of the people I saw,TRUE,FALSE,1.895218177596285,-0.087246691,0.75 he looks close to one of the people I saw
429,Day,66,Male,26,White,WC2.P.LINE,White,TP,Yes,1,Target,100,10.182,No,I remember the shape of his nose,I recognize both his nose and the shape of the head it's on,Omany,No,Yes,I remember the shape of his nose,I recognize both his nose and the shape of the head it's on,FALSE,FALSE,2.3206214554801443,0.5532057588096173,I remember the shape of his nose I recognize both his nose and the shape of the head it's on
429,Day,66,Male,26,White,WD1.NP.LINE,White,TA,Yes,0,Foil,60,9.977,No,I am not absolutely certain but his eyes and eyebrows seem familiar,He may look like someone i know in real life,?,No,Yes,I am not absolutely certain but his eyes and eyebrows seem familiar,He may look like someone I know in real life,FALSE,FALSE,2.300282444,0.5225850032712542,I am not absolutely certain but his eyes and eyebrows seem familiar He may look like someone I know in real life
431,5Minute,50,Female,26,White,WC2.P.LINE,White,TP,Yes,0,Foil,40,5.409,No,not very,because i am not sure,?,No,Yes,not very,because I am not sure,FALSE,FALSE,1.6880642328892899,-0.399120761,not very because I am not sure
431,5Minute,50,Female,26,White,WD2.NP.LINE,White,TA,Yes,0,Foil,20,3.366,No,sort of,i cant remember,?,No,Yes,sort of,I cant remember,FALSE,FALSE,1.2137250957686143,-1.113247046,sort of I cant remember
432,Day,68,Female,19,White,WC2.NP.LINE,White,TA,Yes,0,Foil,60,11.421,No,He looks vaguely familiar,His head has a unique shape so Im fairly sure Ive seen him,FO,No,Yes,He looks vaguely familiar,His head has a unique shape so I'm fairly sure I've seen him,FALSE,FALSE,2.435453766,0.7260879120056218,He looks vaguely familiar His head has a unique shape so I'm fairly sure I've seen him
432,Day,68,Female,19,White,WC3.NP.LINE,White,TA,Yes,0,Foil,40,3.182,No,I instinctively chose him,He seems familiar,F,No,Yes,I instinctively chose him,He seems familiar,FALSE,FALSE,1.157509929915595,-1.197880011,I instinctively chose him He seems familiar
432,Day,68,Female,19,White,WD1.P.LINE,White,TP,Yes,0,Foil,20,9.929,No,I remember someone having a long face,His face is long,O1,No,Yes,I remember someone having a long face,His face is long,FALSE,FALSE,2.2954597680514572,0.515324376,I remember someone having a long face His face is long
432,Day,68,Female,19,White,WD3.P.LINE,White,TP,Yes,0,Foil,40,8.735,No,Looks familar,His facial features are distinct,FO,No,Yes,Looks familiar,His facial features are distinct,FALSE,FALSE,2.167337944,0.32243461565371406,Looks familiar His facial features are distinct
433,Day,57,Male,27,White,WC1.NP.LINE,White,TA,Yes,0,Foil,20,15.73,No,Not at all certain,Have a feeling I've seen him before,R,No,Yes,Not at all certain,Have a feeling I've seen him before,FALSE,FALSE,2.7555697170701863,1.2080283571471115,Not at all certain Have a feeling I've seen him before
433,Day,57,Male,27,White,WC2.NP.LINE,White,TA,Yes,0,Foil,60,6.038,No,Fairly certain,His face structure I recognize from yesterday,O1,No,Yes,Fairly certain,His face structure I recognize from yesterday,FALSE,FALSE,1.798072831284647,-0.233500795,Fairly certain His face structure I recognize from yesterday
433,Day,57,Male,27,White,WD1.P.LINE,White,TP,Yes,0,Foil,20,3.101,No,Not very certain,His eyebrows look vaguely familiar,FO,No,Yes,Not very certain,His eyebrows look vaguely familiar,FALSE,FALSE,1.1317246401183119,-1.236700238,Not very certain His eyebrows look vaguely familiar
434,5Minute,67,Male,28,White,WC2.NP.LINE,White,TA,Yes,0,Foil,60,42.038,No,a little over 60%,all others look photoshopped,?,No,Yes,a little over 60%,all others look photoshopped,TRUE,FALSE,3.738573971137788,2.6879593205959713,a little over 60% all others look photoshopped
434,5Minute,67,Male,28,White,WD2.P.LINE,White,TP,Yes,1,Target,60,26.85,No,somewhat,had brown hair previously,U1,No,Yes,somewhat,had brown hair previously,FALSE,FALSE,3.2902658209548736,2.013023164544962,somewhat had brown hair previously
435,Day,64,Male,21,White,WD2.P.LINE,White,TP,Yes,1,Target,20,14.066,No,I am slightly certain,"because he looks slightly familiar, I may have seen him before",F,No,Yes,I am slightly certain,"because he looks slightly familiar, I may have seen him before",FALSE,FALSE,2.6437605378858264,1.0396975838182747,"I am slightly certain because he looks slightly familiar, I may have seen him before"
436,5Minute,44,Female,43,White,WC1.NP.LINE,White,TA,Yes,0,Foil,40,10.571,No,I think so,I think I remember him,R,No,Yes,I think so,I think I remember him,FALSE,FALSE,2.358114402786526,0.6096520797691345,I think so I think I remember him
436,5Minute,44,Female,43,White,WC2.NP.LINE,White,TA,Yes,0,Foil,60,17.936,No,not very,they all look somewhat similar,?,No,Yes,not very,they all look somewhat similar,FALSE,FALSE,2.8868098663298043,1.4056128128941379,not very they all look somewhat similar
436,5Minute,44,Female,43,White,WD1.P.LINE,White,TP,Yes,1,Target,60,8.993,No,i think so,I think I remember him,R,No,Yes,I think so,I think I remember him,FALSE,FALSE,2.1964464969323783,0.36625807747518874,I think so I think I remember him
436,5Minute,44,Female,43,White,WD3.P.LINE,White,TP,Yes,0,Foil,40,17.751,No,a little bit,I think it was the first guy,?,No,Yes,a little bit,I think it was the first guy,FALSE,FALSE,2.876441852362667,1.3900035773939408,a little bit I think it was the first guy
437,5Minute,68,Female,32,White,WC3.NP.LINE,White,TA,Yes,0,Foil,60,16.53,No,uncertain,"one looks slightly familiar, but his facial expression is different",?,No,Yes,uncertain,"one looks slightly familiar, but his facial expression is different",FALSE,FALSE,2.805176911832933,1.2827129002052318,"uncertain one looks slightly familiar, but his facial expression is different"
437,5Minute,68,Female,32,White,WD1.P.LINE,White,TP,Yes,1,Target,100,3.174,No,fairly certain,His hair and eyes look familiar to me,FO,No,Yes,fairly certain,His hair and eyes look familiar to me,FALSE,FALSE,1.1549926221042173,-1.201669864,fairly certain His hair and eyes look familiar to me
437,5Minute,68,Female,32,White,WD2.P.LINE,White,TP,Yes,0,Foil,80,4.304,No,pretty certain,he is familiar,F,No,Yes,pretty certain,he is familiar,FALSE,FALSE,1.4595448228594834,-0.743160931,pretty certain he is familiar
437,5Minute,68,Female,32,White,WD3.P.LINE,White,TP,Yes,1,Target,100,1.921,No,certain,I am positive he is familiar,F,No,Yes,certain,I am positive he is familiar,FALSE,FALSE,0.6528458837864196,-1.957661003,certain I am positive he is familiar
438,Day,68,Female,32,White,WC2.NP.LINE,White,TA,Yes,0,Foil,80,11.358,No,fairly confident,I'm not 100%,?,No,Yes,fairly confident,I'm not 100%,FALSE,TRUE,2.429922341455241,0.7177602506315972,fairly confident I'm not 100%
438,Day,68,Female,32,White,WD1.P.LINE,White,TP,Yes,1,Target,100,9.011,No,Confident,I remember this person,R,No,Yes,Confident,I remember this person,FALSE,FALSE,2.198446053,0.36926844624994737,Confident I remember this person
438,Day,68,Female,32,White,WD2.P.LINE,White,TP,Yes,1,Target,40,13.607,No,Slightly confident,He looks familiar to me but I'm not sure from where,F,No,Yes,Slightly confident,He looks familiar to me but I'm not sure from where,FALSE,FALSE,2.6105843662087214,0.9897502478729042,Slightly confident He looks familiar to me but I'm not sure from where
438,Day,68,Female,32,White,WD3.P.LINE,White,TP,Yes,0,Foil,80,7.832,No,I am fairly confident,I am not 100%,?,No,Yes,I am fairly confident,I am not 100%,FALSE,TRUE,2.0582179052282092,0.15815239324194272,I am fairly confident I am not 100%
439,5Minute,54,Male,23,White,WC1.P.LINE,White,TP,Yes,1,Target,0,19.781,No,not certain at all,"this guy is the most familiar, even though im not sure its him",F,No,Yes,not certain at all,"this guy is the most familiar, even though I'm not sure its him",FALSE,FALSE,2.9847218810339387,1.553021149790657,"not certain at all this guy is the most familiar, even though I'm not sure its him"
439,5Minute,54,Male,23,White,WD2.NP.LINE,White,TA,Yes,0,Foil,20,6.765,No,not really certain,his features look the most like the light skinned guy i saw earlier,?,No,Yes,not really certain,his features look the most like the light skinned guy I saw earlier,FALSE,FALSE,1.9117622616227514,-0.062339269,not really certain his features look the most like the light skinned guy I saw earlier
440,Day,65,Female,36,White,WC1.P.LINE,White,TP,Yes,1,Target,60,3.866,No,"again, familiar face but not certain",I can't be sure but feel like I've seen the face before,F,No,Yes,"again, familiar face but not certain",I can't be sure but feel like I've seen the face before,FALSE,FALSE,1.3522203807861393,-0.90473985,"again, familiar face but not certain I can't be sure but feel like I've seen the face before"
440,Day,65,Female,36,White,WC2.P.LINE,White,TP,Yes,0,Foil,0,6.002,No,I'm not certain but the nose looks familiar,nose appears familiar,FO,No,Yes,I'm not certain but the nose looks familiar,nose appears familiar,FALSE,FALSE,1.7920927470181753,-0.242503921,I'm not certain but the nose looks familiar nose appears familiar
440,Day,65,Female,36,White,WC3.P.LINE,White,TP,Yes,1,Target,40,20.771,No,I'm not completely certain but looks familiar,Because I cannot be sure,F,No,Yes,I'm not completely certain but looks familiar,Because I cannot be sure,FALSE,FALSE,3.0335577830939715,1.6265444975152825,I'm not completely certain but looks familiar Because I cannot be sure
440,Day,65,Female,36,White,WD1.NP.LINE,White,TA,Yes,0,Foil,20,11.747,No,"Again, I'm not certain",because I cannot be sure that I did or did not see the face yesterday,R,No,Yes,"Again, I'm not certain",because I cannot be sure that I did or did not see the face yesterday,FALSE,FALSE,2.463597888841749,0.7684594058815962,"Again, I'm not certain because I cannot be sure that I did or did not see the face yesterday"
441,Day,47,Male,44,White,WC3.NP.LINE,White,TA,Yes,0,Foil,100,8.328,No,i remember him,i seen him several times yesterday,R,No,Yes,I remember him,I seen him several times yesterday,FALSE,FALSE,2.119623331312668,0.2505993903023551,I remember him I seen him several times yesterday
441,Day,47,Male,44,White,WD2.P.LINE,White,TP,Yes,1,Target,100,2.092,No,im 100% certain,this guy looks like troy aikmen,U1,No,Yes,I'm 100% certain,this guy looks like troy aikmen,TRUE,FALSE,0.7381205462026765,-1.829278433,I'm 100% certain this guy looks like troy aikmen
441,Day,47,Male,44,White,WD3.P.LINE,White,TP,Yes,0,Foil,80,5.5,No,im pretty certain i remember him,his hair looks familiar,FO,No,Yes,I'm pretty certain I remember him,his hair looks familiar,FALSE,FALSE,1.7047480922384253,-0.374002904,I'm pretty certain I remember him his hair looks familiar
442,5Minute,56,Female,35,White,WC2.NP.LINE,White,TA,Yes,0,Foil,60,3.938,No,fairly certain,I think i saw him before,R,No,Yes,fairly certain,I think I saw him before,FALSE,FALSE,1.3706729802169337,-0.876959122,fairly certain I think I saw him before
442,5Minute,56,Female,35,White,WC3.NP.LINE,White,TA,Yes,0,Foil,40,8.108,No,possibly,looks familiar to me,F,No,Yes,possibly,looks familiar to me,FALSE,FALSE,2.092851228589754,0.21029349781783574,possibly looks familiar to me
442,5Minute,56,Female,35,White,WD1.P.LINE,White,TP,Yes,1,Target,60,3.28,No,certain,I recall him from the pictures,R,No,Yes,certain,I recall him from the pictures,FALSE,FALSE,1.1878434223960523,-1.15221238,certain I recall him from the pictures
442,5Minute,56,Female,35,White,WD2.P.LINE,White,TP,Yes,0,Foil,20,10.288,No,not sure,I am not sure if I saw him or not,R,No,Yes,not sure,I am not sure if I saw him or not,FALSE,FALSE,2.3309781674952634,0.5687979790134208,not sure I am not sure if I saw him or not
442,5Minute,56,Female,35,White,WD3.P.LINE,White,TP,Yes,1,Target,80,3.712,No,positive,"I remember his hair, e was wearing a yellow shirt",OU,No,Yes,positive,"I remember his hair, e was wearing a yellow shirt",FALSE,FALSE,1.3115708149239542,-0.965938518,"positive I remember his hair, e was wearing a yellow shirt"
443,5Minute,65,Female,25,White,WC2.P.LINE,White,TP,Yes,0,Foil,20,49.902,No,certain,maybe have seen him,R,No,Yes,certain,maybe have seen him,FALSE,FALSE,3.9100610821146056,2.946136316592501,certain maybe have seen him
444,Day,57,Female,23,White,WC1.P.LINE,White,TP,Yes,1,Target,100,5.128,No,very certain,i remember him from yesterday,R,No,Yes,very certain,I remember him from yesterday,FALSE,FALSE,1.634715719618369,-0.479437927,very certain I remember him from yesterday
444,Day,57,Female,23,White,WD1.NP.LINE,White,TA,Yes,0,Foil,60,5.649,No,6 out of 10,looks familiar,F,No,Yes,6 out of 10,looks familiar,TRUE,FALSE,1.731478538343125,-0.333759726,6 out of 10 looks familiar
445,5Minute,49,Male,25,White,WC1.NP.LINE,White,TA,Yes,0,Foil,40,6.539,No,Semi confident.,The eyebrows are one of the unique features I noticed.,O1,No,Yes,Semi confident.,The eyebrows are one of the unique features I noticed.,FALSE,FALSE,1.877784248579139,-0.113493792,Semi confident. The eyebrows are one of the unique features I noticed.
445,5Minute,49,Male,25,White,WD2.P.LINE,White,TP,Yes,0,Foil,60,7.659,No,Semi confident in this one.,The eyebrows are unique.,O1,No,Yes,Semi confident in this one.,The eyebrows are unique.,FALSE,FALSE,2.0358814269274563,0.12452441481265049,Semi confident in this one. The eyebrows are unique.
445,5Minute,49,Male,25,White,WD3.P.LINE,White,TP,Yes,1,Target,100,2.369,No,I am mostly certain,The haircut gave it away.,O1,No,Yes,I am mostly certain,The haircut gave it away.,FALSE,FALSE,0.8624679251766485,-1.642071169,I am mostly certain The haircut gave it away.
446,5Minute,71,Female,27,White,WC1.P.LINE,White,TP,Yes,1,Target,80,3.149,No,I'm pretty sure I saw him previously.,I remember his facial hair.,O1,No,Yes,I'm pretty sure I saw him previously.,I remember his facial hair.,FALSE,FALSE,1.1470849421188876,-1.213575021,I'm pretty sure I saw him previously. I remember his facial hair.
446,5Minute,71,Female,27,White,WD2.NP.LINE,White,TA,Yes,0,Foil,80,3.054,No,I think I may have seen him in the previous faces.,His hair looks familiar.,?,No,Yes,I think I may have seen him in the previous faces.,His hair looks familiar.,FALSE,FALSE,1.1164522067964406,-1.259693167,I think I may have seen him in the previous faces. His hair looks familiar.
447,5Minute,70,Female,22,White,WD1.P.LINE,White,TP,Yes,1,Target,100,1.602,No,I am 100% as I thought he was really cute.,I remembered his photo.,U1,No,Yes,I am 100% as I thought he was really cute.,I remembered his photo.,TRUE,FALSE,0.4712528486461675,-2.231052654,I am 100% as I thought he was really cute. I remembered his photo.
448,5Minute,69,Male,42,White,WC1.NP.LINE,White,TA,Yes,0,Foil,0,5.497,No,Not at all certain,I seem to remember this face,R,No,Yes,Not at all certain,I seem to remember this face,FALSE,FALSE,1.7042024888785232,-0.37482432,Not at all certain I seem to remember this face
448,5Minute,69,Male,42,White,WC3.NP.LINE,White,TA,Yes,0,Foil,0,6.084,No,Not certain,"The face looks familiar, but I really can't tell if he was one of them.",F,No,Yes,Not certain,"The face looks familiar, but I really can't tell if he was one of them.",FALSE,FALSE,1.8056623743970464,-0.222074598,"Not certain The face looks familiar, but I really can't tell if he was one of them."
450,5Minute,63,Male,30,White,WC1.P.LINE,White,TP,Yes,1,Target,60,5.703,No,pretty certain,I think I remember seeing his face,R,No,Yes,pretty certain,I think I remember seeing his face,FALSE,FALSE,1.740992352174402,-0.319436505,pretty certain I think I remember seeing his face
450,5Minute,63,Male,30,White,WC2.P.LINE,White,TP,Yes,1,Target,100,1.695,No,very certain,remember his face,R,No,Yes,very certain,remember his face,FALSE,FALSE,0.5276827408324136,-2.146096414,very certain remember his face
452,Day,46,Female,38,White,WC3.NP.LINE,White,TA,Yes,0,Foil,40,19.106,No,not very,he looks familiar but shirt is different,F,No,Yes,not very,he looks familiar but shirt is different,FALSE,FALSE,2.9500024218478167,1.5007503661484458,not very he looks familiar but shirt is different
452,Day,46,Female,38,White,WD1.P.LINE,White,TP,Yes,1,Target,80,6.33,No,fairly,distinctive eyes,O1,No,Yes,fairly,distinctive eyes,FALSE,FALSE,1.8453002361560848,-0.162399069,fairly distinctive eyes
452,Day,46,Female,38,White,WD2.P.LINE,White,TP,Yes,1,Target,20,19.464,No,not very,looks vaguely familiar,F,No,Yes,not very,looks vaguely familiar,FALSE,FALSE,2.968566605481221,1.528699085654533,not very looks vaguely familiar
453,5Minute,50,Female,43,White,WC1.NP.LINE,White,TA,Yes,0,Foil,40,6.769,No,somewhat uncertain,"I may have seen him before, but I don't know",?,No,Yes,somewhat uncertain,"I may have seen him before, but I don't know",FALSE,FALSE,1.9123533655264706,-0.061449351,"somewhat uncertain I may have seen him before, but I don't know"
453,5Minute,50,Female,43,White,WC2.NP.LINE,White,TA,Yes,0,Foil,80,4.287,No,somewhat confident,"I think I saw him before, but I am not sure",R,No,Yes,somewhat confident,"I think I saw him before, but I am not sure",FALSE,FALSE,1.455587188,-0.749119223,"somewhat confident I think I saw him before, but I am not sure"
453,5Minute,50,Female,43,White,WD1.P.LINE,White,TP,Yes,1,Target,100,3.218,No,completely certain,I know I saw that person before,R,No,Yes,completely certain,I know I saw that person before,FALSE,FALSE,1.1687600485701914,-1.18094275,completely certain I know I saw that person before
453,5Minute,50,Female,43,White,WD2.P.LINE,White,TP,Yes,1,Target,100,4.424,No,very certain,I know I saw the person before,R,No,Yes,very certain,I know I saw the person before,FALSE,FALSE,1.4870442642200337,-0.701760016,very certain I know I saw the person before
453,5Minute,50,Female,43,White,WD3.P.LINE,White,TP,Yes,1,Target,80,8.026,No,somewhat certain,"I think I saw the person before, not I am not sure",R,No,Yes,somewhat certain,"I think I saw the person before, not I am not sure",FALSE,FALSE,2.0826862718447248,0.19498996869592386,"somewhat certain I think I saw the person before, not I am not sure"
454,5Minute,63,Female,32,White,WC1.NP.LINE,White,TA,Yes,0,Foil,100,4.29,No,Very,He looks like a former co-worker,U1,No,Yes,Very,He looks like a former co-worker,FALSE,FALSE,1.4562867329399256,-0.748066045,Very He looks like a former co-worker
454,5Minute,63,Female,32,White,WC2.NP.LINE,White,TA,Yes,0,Foil,20,12.323,No,I'm probably wrong.,I think I remember that dude...,R,No,Yes,I'm probably wrong.,I think I remember that dude...,FALSE,FALSE,2.511467434955986,0.8405278869767251,I'm probably wrong. I think I remember that dude...
454,5Minute,63,Female,32,White,WD1.P.LINE,White,TP,Yes,1,Target,100,2.973,No,Very,This guy looks like a tool. I hated it when his photo popped up.,?,No,Yes,Very,This guy looks like a tool. I hated it when his photo popped up.,FALSE,FALSE,1.0895715440159606,-1.300162499,Very This guy looks like a tool. I hated it when his photo popped up.
454,5Minute,63,Female,32,White,WD2.P.LINE,White,TP,Yes,1,Target,100,4.268,No,Very,I remember his crazy hair,O1,No,Yes,Very,I remember his crazy hair,FALSE,FALSE,1.4511453334395068,-0.755806516,Very I remember his crazy hair
454,5Minute,63,Female,32,White,WD3.P.LINE,White,TP,Yes,1,Target,100,3.217,No,I remember him because he looks like the douchebag ex-husband of a friend of mine.,I remember him because he looks like the douchebag ex-husband of a friend of mine.,U1,No,Yes,I remember him because he looks like the douchebag ex-husband of a friend of mine.,I remember him because he looks like the douchebag ex-husband of a friend of mine.,FALSE,FALSE,1.1684492482568893,-1.181410666,I remember him because he looks like the douchebag ex-husband of a friend of mine. I remember him because he looks like the douchebag ex-husband of a friend of mine.
455,Day,39,Female,28,White,WC1.P.LINE,White,TP,Yes,0,Foil,20,8.207,No,Slightly certain.,"He looks familiar but again, it could be because he was just shown.",F,No,Yes,Slightly certain.,"He looks familiar but again, it could be because he was just shown.",FALSE,FALSE,2.1049874486475746,0.22856480007159274,"Slightly certain. He looks familiar but again, it could be because he was just shown."
455,Day,39,Female,28,White,WC2.P.LINE,White,TP,Yes,0,Foil,20,6.089,No,I'm not very certain but he looks familiar.,The shape of his face is familiar but I'm not 100% sure.,FO,No,Yes,I'm not very certain but he looks familiar.,The shape of his face is familiar but I'm not 100% sure.,FALSE,TRUE,1.8064838646264372,-0.22083783,I'm not very certain but he looks familiar. The shape of his face is familiar but I'm not 100% sure.
456,Day,60,Female,41,White,WC1.P.LINE,White,TP,Yes,0,Foil,80,17.511,No,I am almost certain I saw this yesterday.,The eyebrows are what I remember about this person.,O1,No,Yes,I am almost certain I saw this yesterday.,The eyebrows are what I remember about this person.,FALSE,FALSE,2.8628292548897636,1.3695095618189788,I am almost certain I saw this yesterday. The eyebrows are what I remember about this person.
456,Day,60,Female,41,White,WC2.P.LINE,White,TP,Yes,0,Foil,60,9.72,No,I am half certain I saw this before.,The facial expression on this person seems familiar to me.,O1,No,Yes,I am half certain I saw this before.,The facial expression on this person seems familiar to me.,TRUE,FALSE,2.2741856184723477,0.4832957531131652,I am half certain I saw this before. The facial expression on this person seems familiar to me.
456,Day,60,Female,41,White,WC3.P.LINE,White,TP,Yes,0,Foil,40,19.896,No,I am slightly certain I saw this person yesterday.,It is the haircut that looks similar to what I saw yesterday.,O1,No,Yes,I am slightly certain I saw this person yesterday.,It is the haircut that looks similar to what I saw yesterday.,FALSE,FALSE,2.9905187065011036,1.5617483770260097,I am slightly certain I saw this person yesterday. It is the haircut that looks similar to what I saw yesterday.
456,Day,60,Female,41,White,WD1.NP.LINE,White,TA,Yes,0,Foil,40,16.678,No,I am not really certain but something about his face looks like I may have seen it yesterday.,The facial expression on this person makes me think I saw him.,O1,No,Yes,I am not really certain but something about his face looks like I may have seen it yesterday.,The facial expression on this person makes me think I saw him.,FALSE,FALSE,2.8140904856647935,1.296132449361985,I am not really certain but something about his face looks like I may have seen it yesterday. The facial expression on this person makes me think I saw him.
456,Day,60,Female,41,White,WD2.NP.LINE,White,TA,Yes,0,Foil,40,7.552,No,I am a little certain I saw this picture yesterday.,The hair is what seems familiar to me.,FO,No,Yes,I am a little certain I saw this picture yesterday.,The hair is what seems familiar to me.,FALSE,FALSE,2.0218124288431993,0.10334327973267685,I am a little certain I saw this picture yesterday. The hair is what seems familiar to me.
457,5Minute,68,Male,31,White,WC1.P.LINE,White,TP,Yes,1,Target,80,5.953,No,pretty sure,it's the goatee,O1,No,Yes,pretty sure,it's the goatee,FALSE,FALSE,1.7838952941712531,-0.254845337,pretty sure it's the goatee
457,5Minute,68,Male,31,White,WD2.NP.LINE,White,TA,Yes,0,Foil,40,15.924,No,kinda,kinda,?,No,Yes,kinda,kinda,FALSE,FALSE,2.7678274051380707,1.2264825317215302,kinda kinda
457,5Minute,68,Male,31,White,WD3.NP.LINE,White,TA,Yes,0,Foil,20,5.22,No,not very,don't know,?,No,Yes,not very,don't know,FALSE,FALSE,1.6524974018945473,-0.452667278,not very don't know
458,Day,61,Female,38,White,WC1.P.LINE,White,TP,Yes,1,Target,100,4.005,No,very certain,I remember his face,R,No,Yes,very certain,I remember his face,FALSE,FALSE,1.3875435805203225,-0.851560124,very certain I remember his face
458,Day,61,Female,38,White,WC3.P.LINE,White,TP,Yes,0,Foil,20,8.103,No,not very,the face looks familiar,F,No,Yes,not very,the face looks familiar,FALSE,FALSE,2.092234363478588,0.20936479606043445,not very the face looks familiar
458,Day,61,Female,38,White,WD3.NP.LINE,White,TA,Yes,0,Foil,20,5.658,No,not very,I think his face looks familiar,F,No,Yes,not very,I think his face looks familiar,FALSE,FALSE,1.7330704728793755,-0.33136304,not very I think his face looks familiar
459,Day,57,Male,36,White,WD1.P.LINE,White,TP,Yes,1,Target,80,5.965,No,i'm pretty sure I saw this face yesterday,i remember the shape of the head and hair,Omany,No,Yes,I'm pretty sure I saw this face yesterday,I remember the shape of the head and hair,FALSE,FALSE,1.7859090555498793,-0.251813583,I'm pretty sure I saw this face yesterday I remember the shape of the head and hair
460,Day,67,Male,36,White,WC2.P.LINE,White,TP,Yes,1,Target,60,18.679,No,I'm mostly certain,"The face seems familiar, but different shirt.",?,No,Yes,I'm mostly certain,"The face seems familiar, but different shirt.",FALSE,FALSE,2.927399898177166,1.4667218515272042,"I'm mostly certain The face seems familiar, but different shirt."
460,Day,67,Male,36,White,WC3.P.LINE,White,TP,Yes,1,Target,20,7.005,No,"Not very certain, but looks familiar","The person looks familiar to me, but I cannot be sure.",F,No,Yes,"Not very certain, but looks familiar","The person looks familiar to me, but I cannot be sure.",FALSE,FALSE,1.9466241797889703,-0.009854011,"Not very certain, but looks familiar The person looks familiar to me, but I cannot be sure."
460,Day,67,Male,36,White,WD1.NP.LINE,White,TA,Yes,0,Foil,20,11.482,No,"Looks familiar, but I'm not very certain.","The person looks familiar, but also has a kind of generic face.",?,No,Yes,"Looks familiar, but I'm not very certain.","The person looks familiar, but also has a kind of generic face.",FALSE,FALSE,2.440780591745445,0.7341075459223918,"Looks familiar, but I'm not very certain. The person looks familiar, but also has a kind of generic face."
461,Day,62,Male,36,White,WC1.NP.LINE,White,TA,Yes,0,Foil,60,9.425,No,I am about 50/50 on if I saw this face yesterday,the blue eyes and hair style seem familiar,Omany,No,Yes,I am about 50/50 on if I saw this face yesterday,the blue eyes and hair style seem familiar,TRUE,FALSE,2.2433657333340746,0.43689584983977514,I am about 50/50 on if I saw this face yesterday the blue eyes and hair style seem familiar
461,Day,62,Male,36,White,WC2.NP.LINE,White,TA,Yes,0,Foil,80,4.942,No,almost positive I remember his face,He looks like someone I used to know,U1,No,Yes,almost positive I remember his face,He looks like someone I used to know,FALSE,FALSE,1.5977701075664184,-0.535060225,almost positive I remember his face He looks like someone I used to know
461,Day,62,Male,36,White,WC3.NP.LINE,White,TA,Yes,0,Foil,20,13.429,No,I am not very certain about these faces,the faces do not trigger any response,R,No,Yes,I am not very certain about these faces,the faces do not trigger any response,FALSE,FALSE,2.597416547599038,0.9699258550476334,I am not very certain about these faces the faces do not trigger any response
461,Day,62,Male,36,White,WD1.P.LINE,White,TP,Yes,1,Target,60,7.025,No,This person looks like someone from yesterday,the facial expressions and eyes stand out to me,Omany,No,Yes,This person looks like someone from yesterday,the facial expressions and eyes stand out to me,FALSE,FALSE,1.9494752152198096,-0.005561724,This person looks like someone from yesterday the facial expressions and eyes stand out to me
461,Day,62,Male,36,White,WD3.P.LINE,White,TP,Yes,1,Target,80,8.639,No,I am pretty sure I remember his face,I recall seeing this face and the way his hair is,O1,No,Yes,I am pretty sure I remember his face,I recall seeing this face and the way his hair is,FALSE,FALSE,2.156286835376747,0.30579696922273336,I am pretty sure I remember his face I recall seeing this face and the way his hair is
462,Day,66,Female,26,White,WC1.NP.LINE,White,TA,Yes,0,Foil,80,8.987,No,i am pretty darn sure,"all of these guys have what i would consider ""memorable"" faces, distinct facial features, a particular look...and yet his is the only one that triggers any feelings of familiarity, leading me to believe he was the one present in the photos yesterday",FO,No,Yes,I am pretty darn sure,"all of these guys have what I would consider ""memorable"" faces, distinct facial features, a particular look...and yet his is the only one that triggers any feelings of familiarity, leading me to believe he was the one present in the photos yesterday",FALSE,FALSE,2.1957790886762365,0.36525328208448876,"I am pretty darn sure all of these guys have what I would consider ""memorable"" faces, distinct facial features, a particular look...and yet his is the only one that triggers any feelings of familiarity, leading me to believe he was the one present in the photos yesterday"
462,Day,66,Female,26,White,WC2.NP.LINE,White,TA,Yes,0,Foil,100,7.346,No,i am very certain,"he has a particular look in his eye that i remember, and i remembered him especially because he's handsome",?,No,Yes,I am very certain,"he has a particular look in his eye that I remember, and I remembered him especially because he's handsome",FALSE,FALSE,1.9941559473974755,0.061705938833884706,"I am very certain he has a particular look in his eye that I remember, and I remembered him especially because he's handsome"
462,Day,66,Female,26,White,WD1.P.LINE,White,TP,Yes,1,Target,0,11.182,No,i am extremely uncertain,"because i basically used process of elimination, i can't be sure if any of them were there or not...his just feels the most familiar",F,No,Yes,I am extremely uncertain,"because I basically used process of elimination, I can't be sure if any of them were there or not...his just feels the most familiar",FALSE,FALSE,2.4143053426044534,0.694248572,"I am extremely uncertain because I basically used process of elimination, I can't be sure if any of them were there or not...his just feels the most familiar"
462,Day,66,Female,26,White,WD2.P.LINE,White,TP,Yes,1,Target,80,15.502,No,i am fairly certain...i feel pretty confident,"i remember his haircut, the spikiness of it, and the way he holds his mouth",Omany,No,Yes,I am fairly certain...I feel pretty confident,"I remember his haircut, the spikiness of it, and the way he holds his mouth",FALSE,FALSE,2.740969048,1.1860467814186004,"I am fairly certain...I feel pretty confident I remember his haircut, the spikiness of it, and the way he holds his mouth"
462,Day,66,Female,26,White,WD3.P.LINE,White,TP,Yes,0,Foil,20,19.987,No,not at all certain,"none of these faces are triggering any remembrance, but i can't say for certain that they weren't presence. they may not have memorable faces.",R,No,Yes,not at all certain,"none of these faces are triggering any remembrance, but I can't say for certain that they weren't presence. they may not have memorable faces.",FALSE,FALSE,2.9950820622124046,1.5686185928836116,"not at all certain none of these faces are triggering any remembrance, but I can't say for certain that they weren't presence. they may not have memorable faces."
463,5Minute,44,Female,25,White,WC1.P.LINE,White,TP,Yes,1,Target,20,14.502,No,not very,This is harder then I thought,?,No,Yes,not very,This is harder then I thought,FALSE,FALSE,2.674286570949401,1.0856550873947963,not very This is harder then I thought
463,5Minute,44,Female,25,White,WC3.P.LINE,White,TP,Yes,1,Target,60,9.241,No,semi,nose looks familiar,FO,No,Yes,semi,nose looks familiar,FALSE,FALSE,2.223650104905903,0.40721360904176446,semi nose looks familiar
463,5Minute,44,Female,25,White,WD1.NP.LINE,White,TA,Yes,0,Foil,40,10.371,No,not very,jaw line,O1,No,Yes,not very,jaw line,FALSE,FALSE,2.3390134496075974,0.5808952438511699,not very jaw line
463,5Minute,44,Female,25,White,WD2.NP.LINE,White,TA,Yes,0,Foil,40,13.363,No,not very,hari cut seems familiar but im not sure,FO,No,Yes,not very,hair cut seems familiar but I'm not sure,FALSE,FALSE,2.5924896937989237,0.9625083861394332,not very hair cut seems familiar but I'm not sure
463,5Minute,44,Female,25,White,WD3.NP.LINE,White,TA,Yes,0,Foil,20,7.955,No,semi,nose looks familiar,FO,No,Yes,semi,nose looks familiar,FALSE,FALSE,2.0738006617897504,0.18161251951900023,semi nose looks familiar
464,5Minute,45,Female,27,White,WC2.P.LINE,White,TP,Yes,0,Foil,40,13.919,No,maybe I saw him,his eyebrows look familiar,FO,No,Yes,maybe I saw him,his eyebrows look familiar,FALSE,FALSE,2.6332548132452636,1.0238810223693275,maybe I saw him his eyebrows look familiar
464,5Minute,45,Female,27,White,WD1.NP.LINE,White,TA,Yes,0,Foil,20,5.503,No,not at all certain,"his face seems familiar, but I am not sure",F,No,Yes,not at all certain,"his face seems familiar, but I am not sure",FALSE,FALSE,1.7052933980776217,-0.373181936,"not at all certain his face seems familiar, but I am not sure"
464,5Minute,45,Female,27,White,WD2.NP.LINE,White,TA,Yes,0,Foil,40,8.577,No,I'm not certain,I think I remember his intense scary eyes,O1,No,Yes,I'm not certain,I think I remember his intense scary eyes,FALSE,TRUE,2.1490842020082845,0.29495327236562435,I'm not certain I think I remember his intense scary eyes
464,5Minute,45,Female,27,White,WD3.NP.LINE,White,TA,Yes,0,Foil,20,21.389,No,I'm not sure if I saw him or not,his dour face looks kinda familiar,FO,No,Yes,I'm not sure if I saw him or not,his dour face looks kinda familiar,FALSE,FALSE,3.0628767711833214,1.6706847727082659,I'm not sure if I saw him or not his dour face looks kinda familiar
465,5Minute,61,Female,36,White,WC1.P.LINE,White,TP,Yes,1,Target,60,4.425,No,Somewhat certain,His hair and face look familiar,FO,No,Yes,Somewhat certain,His hair and face look familiar,FALSE,FALSE,1.4872702784598928,-0.701419748,Somewhat certain His hair and face look familiar
465,5Minute,61,Female,36,White,WC2.P.LINE,White,TP,Yes,0,Foil,40,6.939,No,A little certain,His face looks familiar to me,F,No,Yes,A little certain,His face looks familiar to me,FALSE,FALSE,1.9371576719174117,-0.024106012,A little certain His face looks familiar to me
465,5Minute,61,Female,36,White,WD1.NP.LINE,White,TA,Yes,0,Foil,80,4.276,No,Fairly confident,I remember the shape of his face and eyes,Omany,No,Yes,Fairly confident,I remember the shape of his face and eyes,FALSE,FALSE,1.4530179931627987,-0.752987193,Fairly confident I remember the shape of his face and eyes
465,5Minute,61,Female,36,White,WD2.NP.LINE,White,TA,Yes,0,Foil,40,3.498,No,Somewhat,His hair and facial features look familiar,FO,No,Yes,Somewhat,His hair and facial features look familiar,FALSE,FALSE,1.2521913765964103,-1.055335353,Somewhat His hair and facial features look familiar
465,5Minute,61,Female,36,White,WD3.NP.LINE,White,TA,Yes,0,Foil,20,6.264,No,Not very certain,He looks somewhat familiar,F,No,Yes,Not very certain,He looks somewhat familiar,FALSE,FALSE,1.834818958688502,-0.178178825,Not very certain He looks somewhat familiar
466,5Minute,57,Female,31,White,WD1.P.LINE,White,TP,Yes,1,Target,60,10.068,No,partially certain,I believe I remember him,R,No,Yes,partially certain,I believe I remember him,FALSE,FALSE,2.3093620772730694,0.5362545580707795,partially certain I believe I remember him
467,5Minute,44,Male,32,White,WC1.P.LINE,White,TP,Yes,1,Target,40,4.978,No,not sure,think i remember that face,R,No,Yes,not sure,think I remember that face,FALSE,FALSE,1.6050282039454002,-0.524133028,not sure think I remember that face
467,5Minute,44,Male,32,White,WC2.P.LINE,White,TP,Yes,1,Target,100,3.502,No,very certain,i remember that person,R,No,Yes,very certain,I remember that person,FALSE,FALSE,1.253334234,-1.053614761,very certain I remember that person
467,5Minute,44,Male,32,White,WC3.P.LINE,White,TP,Yes,1,Target,80,4.007,No,pretty certain,guy has a goofy face,O1,No,Yes,pretty certain,guy has a goofy face,FALSE,FALSE,1.3880428316540074,-0.850808492,pretty certain guy has a goofy face
468,Day,62,Female,23,White,WC1.P.LINE,White,TP,Yes,1,Target,100,1.967,No,I remember this guy very well.,"I thought he was cute, so he definitely stood out in my head.",U1,No,Yes,I remember this guy very well.,"I thought he was cute, so he definitely stood out in my head.",FALSE,FALSE,0.676509539,-1.922034935,"I remember this guy very well. I thought he was cute, so he definitely stood out in my head."
468,Day,62,Female,23,White,WC2.P.LINE,White,TP,Yes,0,Foil,60,3.391,No,I feel pretty sure I saw him before.,He looks familiar.,F,No,Yes,I feel pretty sure I saw him before.,He looks familiar.,FALSE,FALSE,1.2211248631435017,-1.10210656,I feel pretty sure I saw him before. He looks familiar.
468,Day,62,Female,23,White,WC3.P.LINE,White,TP,Yes,1,Target,60,1.492,No,I am not very certain.. I think he or someone who looks similar to him was in the picture before.,"He looks familiar, his brown hair.",FO,No,Yes,I am not very certain.. I think he or someone who looks similar to him was in the picture before.,"He looks familiar, his brown hair.",FALSE,FALSE,0.40011750178156913,-2.338148225,"I am not very certain.. I think he or someone who looks similar to him was in the picture before. He looks familiar, his brown hair."
469,5Minute,61,Female,36,White,WC1.P.LINE,White,TP,Yes,0,Foil,40,5.509,No,"I think I saw this guy, but I could be wrong",I am not 100% sure.,R,No,Yes,"I think I saw this guy, but I could be wrong",I am not 100% sure.,FALSE,TRUE,1.7063831184905796,-0.371541342,"I think I saw this guy, but I could be wrong I am not 100% sure."
470,Day,64,Female,19,White,WD1.P.LINE,White,TP,Yes,1,Target,60,4.467,No,pretty sure,I'm pretty sure I saw the man in this picture yesterday,R,No,Yes,pretty sure,I'm pretty sure I saw the man in this picture yesterday,FALSE,FALSE,1.4967170423699816,-0.687197471,pretty sure I'm pretty sure I saw the man in this picture yesterday
470,Day,64,Female,19,White,WD2.P.LINE,White,TP,Yes,1,Target,40,3.148,No,not sure,I'm not quite sure if I saw this man yesterday or not,?,No,Yes,not sure,I'm not quite sure if I saw this man yesterday or not,FALSE,FALSE,1.146767330555157,-1.214053191,not sure I'm not quite sure if I saw this man yesterday or not
471,Day,64,Female,27,White,WC1.P.LINE,White,TP,Yes,1,Target,60,13.963,No,kind of sure,i remember his hair and thinner face,Omany,No,Yes,kind of sure,I remember his hair and thinner face,FALSE,FALSE,2.6364109739600576,1.0286326803078532,kind of sure I remember his hair and thinner face
471,Day,64,Female,27,White,WC2.P.LINE,White,TP,Yes,1,Target,80,6.457,No,moderately certain,i remember his hair and his head shape,Omany,No,Yes,moderately certain,I remember his hair and his head shape,FALSE,FALSE,1.865164814,-0.132492583,moderately certain I remember his hair and his head shape
471,Day,64,Female,27,White,WD2.NP.LINE,White,TA,Yes,0,Foil,40,2.865,No,kind of certain,I think he looks familiar but not super sure,F,No,Yes,kind of certain,I think he looks familiar but not super sure,FALSE,FALSE,1.052568350166703,-1.355871487,kind of certain I think he looks familiar but not super sure
472,5Minute,69,Male,30,White,WD1.P.LINE,White,TP,Yes,0,Foil,60,8.41,No,60% Sure,"Looks familar to one I've seen previously, but looks like it also might not be one so I'm not too sure.",F,No,Yes,60% Sure,"Looks familiar to one I've seen previously, but looks like it also might not be one so I'm not too sure.",TRUE,FALSE,2.1294214739848565,0.26535067409879776,"60% Sure Looks familiar to one I've seen previously, but looks like it also might not be one so I'm not too sure."
472,5Minute,69,Male,30,White,WD3.P.LINE,White,TP,Yes,1,Target,100,1.193,No,100% Sure,This face reminds me of someone I know so It's easy to remember If I have seen them before.,U1,No,Yes,100% Sure,This face reminds me of someone I know so It's easy to remember If I have seen them before.,TRUE,FALSE,0.1764711431157791,-2.674851927,100% Sure This face reminds me of someone I know so It's easy to remember If I have seen them before.
473,Day,59,Female,23,White,WC1.NP.LINE,White,TA,Yes,0,Foil,40,6.681,No,Somewhat certain,I think I remember his face shape,O1,No,Yes,Somewhat certain,I think I remember his face shape,FALSE,FALSE,1.8992676769433403,-0.081150096,Somewhat certain I think I remember his face shape
473,Day,59,Female,23,White,WD1.P.LINE,White,TP,Yes,1,Target,80,7.21,No,Fairly certain,I think I remember his eyes,O1,No,Yes,Fairly certain,I think I remember his eyes,FALSE,FALSE,1.9754689512968577,0.033572322902197776,Fairly certain I think I remember his eyes
473,Day,59,Female,23,White,WD2.P.LINE,White,TP,Yes,1,Target,80,4.895,No,Fairly certain,I remember seeing him yesterday. I remember his eyes/hair,Omany,No,Yes,Fairly certain,I remember seeing him yesterday. I remember his eyes/hair,FALSE,FALSE,1.5882142759824736,-0.549446705,Fairly certain I remember seeing him yesterday. I remember his eyes/hair
473,Day,59,Female,23,White,WD3.P.LINE,White,TP,Yes,1,Target,80,3.62,No,Very certain,I remember his haircut,O1,No,Yes,Very certain,I remember his haircut,FALSE,FALSE,1.2864740258376797,-1.003722195,Very certain I remember his haircut
474,5Minute,50,Female,33,White,WC1.P.LINE,White,TP,Yes,0,Foil,40,6.203,No,I think I may have seen this image before.,This image looks somewhat familiar to me.,F,No,Yes,I think I may have seen this image before.,This image looks somewhat familiar to me.,FALSE,FALSE,1.8250330459909805,-0.192911696,I think I may have seen this image before. This image looks somewhat familiar to me.
474,5Minute,50,Female,33,White,WC3.P.LINE,White,TP,Yes,1,Target,100,4.917,No,I'm confident that I've seen this person earlier.,"This person looks very similar to an individual that I know, and I recognize the photo from earlier.",U1,No,Yes,I'm confident that I've seen this person earlier.,"This person looks very similar to an individual that I know, and I recognize the photo from earlier.",FALSE,FALSE,1.5926985884298024,-0.54269549,"I'm confident that I've seen this person earlier. This person looks very similar to an individual that I know, and I recognize the photo from earlier."
474,5Minute,50,Female,33,White,WD2.NP.LINE,White,TA,Yes,0,Foil,60,5.91,No,I think that this was one of the original images.,The facial features seem familiar to me.,F,No,Yes,I think that this was one of the original images.,The facial features seem familiar to me.,FALSE,FALSE,1.776645831418007,-0.265759537,I think that this was one of the original images. The facial features seem familiar to me.
475,5Minute,55,Female,30,White,WD1.P.LINE,White,TP,Yes,1,Target,60,6.556,No,moderately certain,"their face looked familiar in the eyes, and hair",FO,No,Yes,moderately certain,"their face looked familiar in the eyes, and hair",FALSE,FALSE,1.8803806608815832,-0.109584845,"moderately certain their face looked familiar in the eyes, and hair"
475,5Minute,55,Female,30,White,WD2.P.LINE,White,TP,Yes,1,Target,20,27.432,No,not very certain,i think i remember the haircut of this person,O1,No,Yes,not very certain,I think I remember the haircut of this person,FALSE,FALSE,3.3117102151606193,2.0453080939805814,not very certain I think I remember the haircut of this person
476,5Minute,62,Male,36,White,WC1.P.LINE,White,TP,Yes,1,Target,80,6.616,No,pretty sure,same eyes and facial hair pattern.,Omany,No,Yes,pretty sure,same eyes and facial hair pattern.,FALSE,FALSE,1.889490958,-0.095869126,pretty sure same eyes and facial hair pattern.
476,5Minute,62,Male,36,White,WC2.P.LINE,White,TP,Yes,1,Target,80,7.389,No,Mostly positive,"I remember calling him ""tough guy""",U1,No,Yes,Mostly positive,"I remember calling him ""tough guy""",FALSE,FALSE,1.9999924078065106,0.070492837,"Mostly positive I remember calling him ""tough guy"""
476,5Minute,62,Male,36,White,WC3.P.LINE,White,TP,Yes,1,Target,80,7.862,No,pretty sure,his nose gave him away,O1,No,Yes,pretty sure,his nose gave him away,FALSE,FALSE,2.0620410269996685,0.16390817330414062,pretty sure his nose gave him away
477,Day,65,Male,41,White,WD1.P.LINE,White,TP,Yes,0,Foil,100,3.442,No,Very,Remember seeing a guy that looks like Blake Griffin. He looks like him.,U1,No,Yes,Very,Remember seeing a guy that looks like Blake Griffin. He looks like him.,FALSE,FALSE,1.2360526977893478,-1.079632431,Very Remember seeing a guy that looks like Blake Griffin. He looks like him.
477,Day,65,Male,41,White,WD2.P.LINE,White,TP,Yes,0,Foil,100,5.339,No,Definitely,That's the guy I saw.,R,No,Yes,Definitely,That's the guy I saw.,FALSE,FALSE,1.6750383695180493,-0.418731437,Definitely That's the guy I saw.
477,Day,65,Male,41,White,WD3.P.LINE,White,TP,Yes,0,Foil,20,5.811,No,Only about 10 percent sure. They all look the same,Just a feeling.,?,No,Yes,Only about 10 percent sure. They all look the same,Just a feeling.,TRUE,FALSE,1.7597526730929685,-0.291192497,Only about 10 percent sure. They all look the same Just a feeling.
478,5Minute,64,Female,31,White,WC1.P.LINE,White,TP,Yes,1,Target,100,4.058,No,completely certain,i remember his face,R,No,Yes,completely certain,I remember his face,FALSE,FALSE,1.4006902414036229,-0.831767584,completely certain I remember his face
479,Day,62,Female,28,White,WC3.NP.LINE,White,TA,Yes,0,Foil,80,5.995,No,The eyes look a little different but i am sure this was one of the photos,The eyes are familiar,FO,No,Yes,The eyes look a little different but I am sure this was one of the photos,The eyes are familiar,FALSE,FALSE,1.7909257884794776,-0.244260799,The eyes look a little different but I am sure this was one of the photos The eyes are familiar
479,Day,62,Female,28,White,WD1.P.LINE,White,TP,Yes,1,Target,80,7.365,No,pretty sure,the hair and eye brows of the picture i remeber,Omany,No,Yes,pretty sure,the hair and eye brows of the picture I remember,FALSE,FALSE,1.9967390499145936,0.065594847,pretty sure the hair and eye brows of the picture I remember
479,Day,62,Female,28,White,WD3.P.LINE,White,TP,Yes,1,Target,100,4.903,No,positive,I remember the hair cut,O1,No,Yes,positive,I remember the hair cut,FALSE,FALSE,1.589847262669096,-0.546988214,positive I remember the hair cut
480,5Minute,58,Female,33,White,WC2.NP.LINE,White,TA,Yes,0,Foil,60,14.15,No,not sure but i wanna say yes,something about his look screams previous line,?,No,Yes,not sure but I wanna say yes,something about his look screams previous line,FALSE,FALSE,2.649714624089247,1.0486615699811257,not sure but I wanna say yes something about his look screams previous line
480,5Minute,58,Female,33,White,WD1.P.LINE,White,TP,Yes,1,Target,80,2.01,No,only diff is hes looking straight at the camera vs the original shot,same eyes messed up brow and face,Omany,No,Yes,only diff is he's looking straight at the camera vs the original shot,same eyes messed up brow and face,FALSE,FALSE,0.6981347220709843,-1.889477825,only diff is he's looking straight at the camera vs the original shot same eyes messed up brow and face
480,5Minute,58,Female,33,White,WD2.P.LINE,White,TP,Yes,1,Target,100,2.623,No,obviously same guy as line up before word search,same chin and adams apple plus the obvious eyebrow issue,Omany,No,Yes,obviously same guy as line up before word search,same chin and Adam's apple plus the obvious eyebrow issue,FALSE,FALSE,0.9643187008847367,-1.488732955,obviously same guy as line up before word search same chin and Adam's apple plus the obvious eyebrow issue
480,5Minute,58,Female,33,White,WD3.P.LINE,White,TP,Yes,1,Target,100,3.377,No,same no neck kid from earlier,just not smiling only diff,O1,No,Yes,same no neck kid from earlier,just not smiling only diff,FALSE,FALSE,1.2169877414034307,-1.108335073,same no neck kid from earlier just not smiling only diff
481,5Minute,46,Male,27,White,WD2.NP.LINE,White,TA,Yes,0,Foil,40,5.473,No,Fairly sure,I remember thinking he looked like a caveman.,U1,No,Yes,Fairly sure,I remember thinking he looked like a caveman.,FALSE,FALSE,1.699826912161781,-0.381411831,Fairly sure I remember thinking he looked like a caveman.
482,Day,70,Female,31,White,WC1.P.LINE,White,TP,Yes,0,Foil,20,15.624,No,Not certain,His face looks slightly more familiar than the rest,?,No,Yes,Not certain,His face looks slightly more familiar than the rest,FALSE,FALSE,2.748808193574378,1.197848759306993,Not certain His face looks slightly more familiar than the rest
482,Day,70,Female,31,White,WC2.P.LINE,White,TP,Yes,1,Target,80,10.002,No,mostly certain,I remember his face but his shirt is different,?,No,Yes,mostly certain,I remember his face but his shirt is different,FALSE,FALSE,2.302785072996712,0.5263527573053804,mostly certain I remember his face but his shirt is different
482,Day,70,Female,31,White,WC3.P.LINE,White,TP,Yes,1,Target,100,1.909,No,Absolutely certain,I remember seeing him,R,No,Yes,Absolutely certain,I remember seeing him,FALSE,FALSE,0.6465795447436106,-1.967095092,Absolutely certain I remember seeing him
482,Day,70,Female,31,White,WD3.NP.LINE,White,TA,Yes,0,Foil,20,10.385,No,Not certain at all,His face looks the most familiar out of the options,?,No,Yes,Not certain at all,His face looks the most familiar out of the options,FALSE,FALSE,2.3403624573280757,0.5829261997572163,Not certain at all His face looks the most familiar out of the options
483,5Minute,64,Male,44,White,WC2.P.LINE,White,TP,Yes,0,Foil,60,3.008,No,pretty certain,looks similiar to someone i saew in photos,?,No,Yes,pretty certain,looks similar to someone I saw in photos,FALSE,FALSE,1.1012754060875933,-1.282542119,pretty certain looks similar to someone I saw in photos
484,Day,65,Male,26,White,WC1.P.LINE,White,TP,Yes,0,Foil,40,14.188,No,Not sure at all.,"I think I saw this guy yesterday, but I'm not positive.",R,No,Yes,Not sure at all.,"I think I saw this guy yesterday, but I'm not positive.",FALSE,FALSE,2.6523965369113753,1.0526992390047487,"Not sure at all. I think I saw this guy yesterday, but I'm not positive."
484,Day,65,Male,26,White,WC2.P.LINE,White,TP,Yes,1,Target,60,9.494,No,I'm pretty sure this is a guy from yesterday.,This persons face looks familiar.,F,No,Yes,I'm pretty sure this is a guy from yesterday.,This persons face looks familiar.,FALSE,FALSE,2.2506600201291262,0.44787753261439583,I'm pretty sure this is a guy from yesterday. This persons face looks familiar.
484,Day,65,Male,26,White,WC3.P.LINE,White,TP,Yes,1,Target,100,4.773,No,I'm positive this person was in the lineup,I remember seeing this guy yesterday. He looks like a generic Christian Bale.,U1,No,Yes,I'm positive this person was in the lineup,I remember seeing this guy yesterday. He looks like a generic Christian Bale.,FALSE,FALSE,1.5629750380237595,-0.587444842,I'm positive this person was in the lineup I remember seeing this guy yesterday. He looks like a generic Christian Bale.
485,5Minute,62,Male,32,White,WC2.P.LINE,White,TP,Yes,1,Target,100,11.839,No,I am certain.,I recognized the persons face,R,No,Yes,I am certain.,I recognized the persons face,FALSE,FALSE,2.4713991664294994,0.780204373,I am certain. I recognized the persons face
485,5Minute,62,Male,32,White,WC3.P.LINE,White,TP,Yes,1,Target,80,9.283,No,I am fairly certain.,"The face of the person looks really familiar,particularly the hair and nose.",FO,No,Yes,I am fairly certain.,"The face of the person looks really familiar, particularly the hair and nose.",FALSE,FALSE,2.2281847704177955,0.41404063127708385,"I am fairly certain. The face of the person looks really familiar, particularly the hair and nose."
486,Day,41,Male,38,White,WC1.P.LINE,White,TP,Yes,0,Foil,40,10.456,No,not too certain,"face ""rings a bell""",?,No,Yes,not too certain,"face ""rings a bell""",FALSE,FALSE,2.3471759763219207,0.5931840777748476,"not too certain face ""rings a bell"""
486,Day,41,Male,38,White,WC2.P.LINE,White,TP,Yes,0,Foil,40,23.072,No,not certain,This one looked familiar,F,No,Yes,not certain,This one looked familiar,FALSE,FALSE,3.1386197611025386,1.7847172355199026,not certain This one looked familiar
486,Day,41,Male,38,White,WC3.P.LINE,White,TP,Yes,0,Foil,60,7.434,No,farily certain,looks familiar,F,No,Yes,fairly certain,looks familiar,FALSE,FALSE,2.0060640718750604,0.079633839,fairly certain looks familiar
486,Day,41,Male,38,White,WD1.NP.LINE,White,TA,Yes,0,Foil,60,5.686,No,fairly certain,that face looks very familiar,F,No,Yes,fairly certain,that face looks very familiar,FALSE,FALSE,1.7380070132288081,-0.323930987,fairly certain that face looks very familiar
486,Day,41,Male,38,White,WD2.NP.LINE,White,TA,Yes,0,Foil,60,6.395,No,somewhat certain,he looks familiar,F,No,Yes,somewhat certain,he looks familiar,FALSE,FALSE,1.855516435030806,-0.147018394,somewhat certain he looks familiar
486,Day,41,Male,38,White,WD3.NP.LINE,White,TA,Yes,0,Foil,60,6.077,No,Somewhat certain,This one looks familiar to me.,F,No,Yes,Somewhat certain,This one looks familiar to me.,FALSE,FALSE,1.804511153153218,-0.223807783,Somewhat certain This one looks familiar to me.
488,5Minute,55,Female,30,White,WC1.NP.LINE,White,TA,Yes,0,Foil,20,7.896,No,Not very certain,I think I recognize his facial features and hair,Omany,No,Yes,Not very certain,I think I recognize his facial features and hair,FALSE,FALSE,2.0663563021311804,0.17040489929133668,Not very certain I think I recognize his facial features and hair
489,Day,41,Male,40,White,WD3.P.LINE,White,TP,Yes,0,Foil,80,6.684,No,sorta,looks familiar,F,No,Yes,sorta,looks familiar,FALSE,FALSE,1.8997166107331473,-0.080474217,sorta looks familiar
490,Day,64,Female,28,White,WC1.NP.LINE,White,TA,Yes,0,Foil,60,8.319,No,somewhat certain,looks familiar,F,No,Yes,somewhat certain,looks familiar,FALSE,FALSE,2.118542055301751,0.2489715094036013,somewhat certain looks familiar
490,Day,64,Female,28,White,WC3.NP.LINE,White,TA,Yes,0,Foil,40,12.791,No,somewhat certain,looks sort of familiar,F,No,Yes,somewhat certain,looks sort of familiar,FALSE,FALSE,2.548741798617256,0.8966451262428868,somewhat certain looks sort of familiar
490,Day,64,Female,28,White,WD1.P.LINE,White,TP,Yes,1,Target,80,7.148,No,pretty certain,looks familiar,F,No,Yes,pretty certain,looks familiar,FALSE,FALSE,1.9668325972971816,0.020570133,pretty certain looks familiar
490,Day,64,Female,28,White,WD3.P.LINE,White,TP,Yes,1,Target,100,3.182,No,very certain,I remember seeing him,R,No,Yes,very certain,I remember seeing him,FALSE,FALSE,1.157509929915595,-1.197880011,very certain I remember seeing him
491,Day,66,Female,35,White,WC1.P.LINE,White,TP,Yes,0,Foil,40,6.557,No,fairly,I think I saw him,R,No,Yes,fairly,I think I saw him,FALSE,FALSE,1.8805331812814825,-0.109355223,fairly I think I saw him
491,Day,66,Female,35,White,WC2.P.LINE,White,TP,Yes,0,Foil,80,5.381,No,fairly,He looks familiar,F,No,Yes,fairly,He looks familiar,FALSE,FALSE,1.6828742305072826,-0.406934405,fairly He looks familiar
491,Day,66,Female,35,White,WC3.P.LINE,White,TP,Yes,0,Foil,20,4.092,No,vagely,he seems familiar,F,No,Yes,vaguely,he seems familiar,FALSE,FALSE,1.409033848,-0.819206131,vaguely he seems familiar
491,Day,66,Female,35,White,WD1.NP.LINE,White,TA,Yes,0,Foil,20,8.54,No,not at all,I might have seen him,?,No,Yes,not at all,I might have seen him,FALSE,FALSE,2.1447610078004784,0.2884446240635845,not at all I might have seen him
491,Day,66,Female,35,White,WD2.NP.LINE,White,TA,Yes,0,Foil,80,6.569,No,very,I think I've seen him,R,No,Yes,very,I think I've seen him,FALSE,FALSE,1.8823616139103359,-0.106602484,very I think I've seen him
491,Day,66,Female,35,White,WD3.NP.LINE,White,TA,Yes,0,Foil,100,5.493,No,very,he looks familiar,F,No,Yes,very,he looks familiar,FALSE,FALSE,1.7034745543604835,-0.375920239,very he looks familiar
492,5Minute,57,Female,27,White,WC1.P.LINE,White,TP,Yes,0,Foil,80,3.414,No,pretty certain,he looks familiar,F,No,Yes,pretty certain,he looks familiar,FALSE,FALSE,1.227884624372249,-1.091929615,pretty certain he looks familiar
492,5Minute,57,Female,27,White,WC3.P.LINE,White,TP,Yes,0,Foil,40,5.223,No,a little,i'm 50% certain i saw his face,R,No,Yes,a little,I'm 50% certain I saw his face,FALSE,TRUE,1.6530719494541617,-0.451802286,a little I'm 50% certain I saw his face
492,5Minute,57,Female,27,White,WD1.NP.LINE,White,TA,Yes,0,Foil,60,4.125,No,pretty certain,he looks familiar,F,No,Yes,pretty certain,he looks familiar,FALSE,FALSE,1.4170660197866443,-0.807113549,pretty certain he looks familiar
492,5Minute,57,Female,27,White,WD3.NP.LINE,White,TA,Yes,0,Foil,60,8.639,No,like 50%,he looks sort of familiar,F,No,Yes,like 50%,he looks sort of familiar,TRUE,FALSE,2.156286835376747,0.30579696922273336,like 50% he looks sort of familiar
493,5Minute,61,Female,34,White,WD1.P.LINE,White,TP,Yes,1,Target,20,6.762,No,Not really,"I think this face looks familiar, but no certain feature stands out",F,No,Yes,Not really,"I think this face looks familiar, but no certain feature stands out",FALSE,FALSE,1.9113187042856943,-0.063007052,"Not really I think this face looks familiar, but no certain feature stands out"
493,5Minute,61,Female,34,White,WD2.P.LINE,White,TP,Yes,1,Target,40,10.092,No,This one feels like a maybe,nose and eye/eyebrows look familiar,FO,No,Yes,This one feels like a maybe,nose and eye/eyebrows look familiar,FALSE,FALSE,2.3117430307788114,0.5398391273146043,This one feels like a maybe nose and eye/eyebrows look familiar
494,5Minute,52,Female,36,White,WC1.NP.LINE,White,TA,Yes,0,Foil,20,12.802,No,not certain,I dont really remember any of these,R,No,Yes,not certain,I don't really remember any of these,FALSE,FALSE,2.549601408719812,0.8979392850443382,not certain I don't really remember any of these
494,5Minute,52,Female,36,White,WC3.NP.LINE,White,TA,Yes,0,Foil,80,6.678,No,certain,he looks very familiar,F,No,Yes,certain,he looks very familiar,FALSE,FALSE,1.8988185415214627,-0.081826277,certain he looks very familiar
494,5Minute,52,Female,36,White,WD2.P.LINE,White,TP,Yes,1,Target,60,13.559,No,not certain,I remember a white male with brown hair that was messy,Omany,No,Yes,not certain,I remember a white male with brown hair that was messy,FALSE,FALSE,2.607050533480172,0.984429998,not certain I remember a white male with brown hair that was messy
494,5Minute,52,Female,36,White,WD3.P.LINE,White,TP,Yes,1,Target,100,6.175,No,certain,I remember thinking he looks dorky,?,No,Yes,certain,I remember thinking he looks dorky,FALSE,FALSE,1.820508882514041,-0.199722907,certain I remember thinking he looks dorky
495,Day,61,Female,33,White,WC2.NP.LINE,White,TA,Yes,0,Foil,40,7.729,No,LITTLE CERTAIN,LOOKED LIKE SOMEONE I KNEW,U1,No,Yes,LITTLE CERTAIN,LOOKED LIKE SOMEONE I KNEW,FALSE,FALSE,2.044979488124734,0.13822171308729048,LITTLE CERTAIN LOOKED LIKE SOMEONE I KNEW
495,Day,61,Female,33,White,WC3.NP.LINE,White,TA,Yes,0,Foil,20,10.988,No,NOT CERTAIN,I THINK IT WAS THE HAIR AND THE EARS,Omany,No,Yes,NOT CERTAIN,I THINK IT WAS THE HAIR AND THE EARS,FALSE,FALSE,2.396803768233027,0.6678996302182173,NOT CERTAIN I THINK IT WAS THE HAIR AND THE EARS
495,Day,61,Female,33,White,WD2.P.LINE,White,TP,Yes,1,Target,20,6.168,No,LITTLE CERTAIN,I THINK IT WAS THE HAIR AND HOW YOUNG HE LOOKS,Omany,No,Yes,LITTLE CERTAIN,I THINK IT WAS THE HAIR AND HOW YOUNG HE LOOKS,FALSE,FALSE,1.8193746362610284,-0.201430536,LITTLE CERTAIN I THINK IT WAS THE HAIR AND HOW YOUNG HE LOOKS
495,Day,61,Female,33,White,WD3.P.LINE,White,TP,Yes,1,Target,40,6.945,No,LITTLE CERTAIN,THE EYES AND THE MOUTH,Omany,No,Yes,LITTLE CERTAIN,THE EYES AND THE MOUTH,FALSE,FALSE,1.9380219762063071,-0.022804786,LITTLE CERTAIN THE EYES AND THE MOUTH
496,Day,53,Male,35,White,WC1.NP.LINE,White,TA,Yes,0,Foil,60,39.486,No,The person has an oddly shaped head.,The person has and oddly shaped head compared to the rest of the pictures provided.,O1,No,Yes,The person has an oddly shaped head.,The person has and oddly shaped head compared to the rest of the pictures provided.,FALSE,FALSE,3.675946178702037,2.593672028537373,The person has an oddly shaped head. The person has and oddly shaped head compared to the rest of the pictures provided.
496,Day,53,Male,35,White,WC2.NP.LINE,White,TA,Yes,0,Foil,60,7.559,No,Im certain somewhat due to the persons head shape.,The head shape and complexion contrasts drastically to the other pictures provided.,?,No,Yes,I'm certain somewhat due to the persons head shape.,The head shape and complexion contrasts drastically to the other pictures provided.,FALSE,FALSE,2.022738906,0.1047381085794914,I'm certain somewhat due to the persons head shape. The head shape and complexion contrasts drastically to the other pictures provided.
496,Day,53,Male,35,White,WC3.NP.LINE,White,TA,Yes,0,Foil,60,34.115,No,The person had a different face,The Person had a different face and upper body shape.,?,No,Yes,The person had a different face,The Person had a different face and upper body shape.,FALSE,FALSE,3.529737170267387,2.37355168,The person had a different face The Person had a different face and upper body shape.
496,Day,53,Male,35,White,WD1.P.LINE,White,TP,Yes,0,Foil,80,16.861,No,The person had much more ruddy skin complexion.,The person has a diff face and skin complexion.,Omany,No,Yes,The person had much more ruddy skin complexion.,The person has a diff face and skin complexion.,FALSE,FALSE,2.8250032627958435,1.312561835813396,The person had much more ruddy skin complexion. The person has a diff face and skin complexion.
496,Day,53,Male,35,White,WD2.P.LINE,White,TP,Yes,0,Foil,80,19.651,No,Im certain due to the pictures provided,The person has a lighter complexion and different face compared to the other pictures provided.,Omany,No,Yes,I'm certain due to the pictures provided,The person has a lighter complexion and different face compared to the other pictures provided.,FALSE,FALSE,2.9781282276056302,1.5430942834211312,I'm certain due to the pictures provided The person has a lighter complexion and different face compared to the other pictures provided.
496,Day,53,Male,35,White,WD3.P.LINE,White,TP,Yes,0,Foil,40,14.131,No,Person has a nicer clean look.,Person is smaller then the other pictures provided.,?,No,Yes,Person has a nicer clean look.,Person is smaller then the other pictures provided.,FALSE,FALSE,2.648370965600609,1.0466386674418868,Person has a nicer clean look. Person is smaller then the other pictures provided.
497,Day,62,Male,43,White,WC1.P.LINE,White,TP,Yes,1,Target,20,8.566,No,a little certain,he seems a little familiar,F,No,Yes,a little certain,he seems a little familiar,FALSE,FALSE,2.1478008791931793,0.2930212062913264,a little certain he seems a little familiar
497,Day,62,Male,43,White,WC2.P.LINE,White,TP,Yes,1,Target,80,12.364,No,fairly certain,he looks familiar,F,No,Yes,fairly certain,he looks familiar,FALSE,FALSE,2.514789024,0.8455286007102994,fairly certain he looks familiar
497,Day,62,Male,43,White,WC3.P.LINE,White,TP,Yes,0,Foil,0,17.675,No,not too certain,he seems slightly familiar,F,No,Yes,not too certain,he seems slightly familiar,FALSE,FALSE,2.8721512117826364,1.3835439391765656,not too certain he seems slightly familiar
498,5Minute,66,Female,44,White,WC1.P.LINE,White,TP,Yes,1,Target,60,18.477,No,Kinda.,There were two white men who looked a bit like Kurt Cousins.  Might be him.,U1,No,Yes,Kinda.,There were two white men who looked a bit like Kurt Cousins.  Might be him.,FALSE,FALSE,2.916526715373016,1.4503520750623362,Kinda. There were two white men who looked a bit like Kurt Cousins.  Might be him.
498,5Minute,66,Female,44,White,WC2.P.LINE,White,TP,Yes,1,Target,60,11.726,No,Kinda.,Not sure.  Looks familiar.,F,No,Yes,Kinda.,Not sure.  Looks familiar.,FALSE,FALSE,2.4618085985420235,0.7657655964639815,Kinda. Not sure.  Looks familiar.
498,5Minute,66,Female,44,White,WC3.P.LINE,White,TP,Yes,0,Foil,60,12.849,No,Mostly.,No features personally distinctive to make sure.,?,No,Yes,Mostly.,No features personally distinctive to make sure.,FALSE,FALSE,2.5532659873013435,0.9034563754214744,Mostly. No features personally distinctive to make sure.
498,5Minute,66,Female,44,White,WD3.NP.LINE,White,TA,Yes,0,Foil,40,13.054,No,ehhh.  Kinda.,I remember one individual in line-up with sticky-outy ear.,O1,No,Yes,ehhh.  Kinda.,I remember one individual in line-up with sticky-outy ear.,FALSE,FALSE,2.5690946002130257,0.927286643,ehhh.  Kinda. I remember one individual in line-up with sticky-outy ear.
499,Day,56,Male,27,White,WC1.NP.LINE,White,TA,Yes,0,Foil,60,4.291,No,Very,I recognize that skinny and smug look,Omany,No,Yes,Very,I recognize that skinny and smug look,FALSE,FALSE,1.4565198060093878,-0.747715149,Very I recognize that skinny and smug look
499,Day,56,Male,27,White,WC2.NP.LINE,White,TA,Yes,0,Foil,40,4.203,No,Very,Messy/greasy hair with tired eyes and skinny lips,Omany,No,Yes,Very,Messy/greasy hair with tired eyes and skinny lips,FALSE,FALSE,1.4357985560229798,-0.778911372,Very Messy/greasy hair with tired eyes and skinny lips
499,Day,56,Male,27,White,WC3.NP.LINE,White,TA,Yes,0,Foil,40,5.223,No,Somewhat certain,I know one of these was in the lineup but the faces are really similar,?,No,Yes,Somewhat certain,I know one of these was in the lineup but the faces are really similar,FALSE,FALSE,1.6530719494541617,-0.451802286,Somewhat certain I know one of these was in the lineup but the faces are really similar
499,Day,56,Male,27,White,WD1.P.LINE,White,TP,Yes,1,Target,60,4.088,No,Somewhat,Nose and lips,Omany,No,Yes,Somewhat,Nose and lips,FALSE,FALSE,1.4080558529014033,-0.820678521,Somewhat Nose and lips
500,5Minute,71,Female,24,White,WC1.NP.LINE,White,TA,Yes,0,Foil,60,5.883,No,moderately,he looks very familiar,F,No,Yes,moderately,he looks very familiar,FALSE,FALSE,1.7720668358823188,-0.272653299,moderately he looks very familiar
500,5Minute,71,Female,24,White,WC3.NP.LINE,White,TA,Yes,0,Foil,40,19.101,No,moderately,i can't be sure,?,No,Yes,moderately,I can't be sure,FALSE,FALSE,2.949740689702998,1.5003563235960924,moderately I can't be sure
500,5Minute,71,Female,24,White,WD1.P.LINE,White,TP,Yes,1,Target,100,4.081,No,very,because he's cute and hard to forget,?,No,Yes,very,because he's cute and hard to forget,FALSE,FALSE,1.4063420564236688,-0.823258673,very because he's cute and hard to forget
500,5Minute,71,Female,24,White,WD2.P.LINE,White,TP,Yes,1,Target,80,4.048,No,very,definitely seen his picture before,R,No,Yes,very,definitely seen his picture before,FALSE,FALSE,1.3982229319851645,-0.835482164,very definitely seen his picture before
501,Day,61,Male,33,White,WC1.P.LINE,White,TP,Yes,0,Foil,80,5.733,No,quite certain,his smile,O1,No,Yes,quite certain,his smile,FALSE,FALSE,1.7462389539262455,-0.311537649,quite certain his smile
501,Day,61,Male,33,White,WC2.P.LINE,White,TP,Yes,0,Foil,60,12.999,No,not sure but I think I saw this one,his long neck,O1,No,Yes,not sure but I think I saw this one,his long neck,FALSE,FALSE,2.564872431425882,0.9209300902750648,not sure but I think I saw this one his long neck
501,Day,61,Male,33,White,WC3.P.LINE,White,TP,Yes,1,Target,20,14.513,No,very uncertain but i think i have seen it,his nose,O1,No,Yes,very uncertain but I think I have seen it,his nose,FALSE,FALSE,2.6750447994882256,1.086796614389551,very uncertain but I think I have seen it his nose
501,Day,61,Male,33,White,WD1.NP.LINE,White,TA,Yes,0,Foil,40,47.948,No,half sure,his long face,O1,No,Yes,half sure,his long face,TRUE,FALSE,3.8701170903448534,2.8859999031647954,half sure his long face
502,Day,52,Male,36,White,WC1.NP.LINE,White,TA,Yes,0,Foil,100,2.402,No,Very certain,I know I saw him,R,No,Yes,Very certain,I know I saw him,FALSE,FALSE,0.8763017236577919,-1.621244131,Very certain I know I saw him
502,Day,52,Male,36,White,WC3.NP.LINE,White,TA,Yes,0,Foil,60,10.126,No,somewhat certain,i think i saw him,R,No,Yes,somewhat certain,I think I saw him,FALSE,FALSE,2.3151063735477173,0.5449027016417743,somewhat certain I think I saw him
502,Day,52,Male,36,White,WD2.P.LINE,White,TP,Yes,0,Foil,60,2.493,No,pretty certain,pretty sure i saw him,R,No,Yes,pretty certain,pretty sure I saw him,FALSE,FALSE,0.9134868045414208,-1.565261309,pretty certain pretty sure I saw him
502,Day,52,Male,36,White,WD3.P.LINE,White,TP,Yes,1,Target,60,5.012,No,somewhat ertain,looks somewhat familiar,F,No,Yes,somewhat certain,looks somewhat familiar,FALSE,FALSE,1.6118350370338217,-0.513885215,somewhat certain looks somewhat familiar
503,Day,61,Male,36,White,WC1.P.LINE,White,TP,Yes,1,Target,80,5.132,No,Fairly certain,I do believe I saw this face yesterday.,R,No,Yes,Fairly certain,I do believe I saw this face yesterday.,FALSE,FALSE,1.635495447,-0.478264034,Fairly certain I do believe I saw this face yesterday.
503,Day,61,Male,36,White,WC2.P.LINE,White,TP,Yes,0,Foil,40,16.411,No,Fairly certain,"I believe this face to be familiar, like I saw it yesterday.",F,No,Yes,Fairly certain,"I believe this face to be familiar, like I saw it yesterday.",FALSE,FALSE,2.7979518416974907,1.2718354243832446,"Fairly certain I believe this face to be familiar, like I saw it yesterday."
503,Day,61,Male,36,White,WD1.NP.LINE,White,TA,Yes,0,Foil,40,8.814,No,not very certain,"That face looks very familiar, I believe that I saw it yesterday",F,No,Yes,not very certain,"That face looks very familiar, I believe that I saw it yesterday",FALSE,FALSE,2.1763413664197953,0.3359894341334827,"not very certain That face looks very familiar, I believe that I saw it yesterday"
503,Day,61,Male,36,White,WD3.NP.LINE,White,TA,Yes,0,Foil,60,12.849,No,Kind of certain,"I believe this face to look familiar, like I saw it yesterday.",F,No,Yes,Kind of certain,"I believe this face to look familiar, like I saw it yesterday.",FALSE,FALSE,2.5532659873013435,0.9034563754214744,"Kind of certain I believe this face to look familiar, like I saw it yesterday."
504,Day,57,Male,30,White,WD1.P.LINE,White,TP,Yes,1,Target,80,2.875,No,He looks familiar,"He had prominent eyebrows and facial expression, he just looks familiar",FO,No,Yes,He looks familiar,"He had prominent eyebrows and facial expression, he just looks familiar",FALSE,FALSE,1.0560526742493137,-1.350625773,"He looks familiar He had prominent eyebrows and facial expression, he just looks familiar"
504,Day,57,Male,30,White,WD2.P.LINE,White,TP,Yes,1,Target,40,4.839,No,Somewhat Certain,"He looks familiar, but unsure if he was in the original lineup",F,No,Yes,Somewhat Certain,"He looks familiar, but unsure if he was in the original lineup",FALSE,FALSE,1.5767080878111817,-0.566769483,"Somewhat Certain He looks familiar, but unsure if he was in the original lineup"
505,5Minute,57,Male,32,White,WC3.P.LINE,White,TP,Yes,0,Foil,20,12.158,No,Not very certain.,Looks familiar but can't accurately decide if this is the exact individual from before.,F,No,Yes,Not very certain.,Looks familiar but can't accurately decide if this is the exact individual from before.,FALSE,FALSE,2.4979873893265307,0.8202334306372082,Not very certain. Looks familiar but can't accurately decide if this is the exact individual from before.
506,Day,70,Female,30,White,WD1.P.LINE,White,TP,Yes,1,Target,100,2.08,No,I am certain.,"I remember this man from yesterday, I recognize his eyes.",O1,No,Yes,I am certain.,"I remember this man from yesterday, I recognize his eyes.",FALSE,FALSE,0.7323678937132266,-1.837939157,"I am certain. I remember this man from yesterday, I recognize his eyes."
506,Day,70,Female,30,White,WD3.P.LINE,White,TP,Yes,1,Target,100,3.656,No,I am certain.,I remember this person from the photos yesterday.,R,No,Yes,I am certain.,I remember this person from the photos yesterday.,FALSE,FALSE,1.2963696535919036,-0.988824146,I am certain. I remember this person from the photos yesterday.
507,Day,60,Male,44,White,WC1.P.LINE,White,TP,Yes,1,Target,80,2.138,No,"Pretty sure, unique face.","unique face, tight lips",Omany,No,Yes,"Pretty sure, unique face.","unique face, tight lips",FALSE,FALSE,0.7598708126028534,-1.796533007,"Pretty sure, unique face. unique face, tight lips"
507,Day,60,Male,44,White,WC3.P.LINE,White,TP,Yes,0,Foil,80,8.659,No,remember his face,unique nose,O1,No,Yes,remember his face,unique nose,FALSE,FALSE,2.158599242465664,0.30927834057674963,remember his face unique nose
507,Day,60,Male,44,White,WD1.NP.LINE,White,TA,Yes,0,Foil,80,9.063,No,pretty sure on this one.,Unique nose.,O1,No,Yes,pretty sure on this one.,Unique nose.,FALSE,FALSE,2.2042001910726445,0.3779314064478861,pretty sure on this one. Unique nose.
507,Day,60,Male,44,White,WD2.NP.LINE,White,TA,Yes,0,Foil,80,2.398,No,Pretty certain,He has a unique chin,O1,No,Yes,Pretty certain,He has a unique chin,FALSE,FALSE,0.8746350566053226,-1.623753329,Pretty certain He has a unique chin
508,Day,50,Male,41,White,WC1.NP.LINE,White,TA,Yes,0,Foil,40,13.784,No,Low certainty.,I think I remember this white man from earlier.,R,No,Yes,Low certainty.,I think I remember this white man from earlier.,FALSE,FALSE,2.6235084992256286,1.0092077675614581,Low certainty. I think I remember this white man from earlier.
509,Day,52,Male,29,White,WC3.P.LINE,White,TP,Yes,0,Foil,60,6.797,No,I'm semi-certain.,"The expression, angle of his face, and eyes seem familiar. It rings a bell but I can't be sure.",FO,No,Yes,I'm semi-certain.,"The expression, angle of his face, and eyes seem familiar. It rings a bell but I can't be sure.",FALSE,FALSE,1.9164813383645012,-0.055234612,"I'm semi-certain. The expression, angle of his face, and eyes seem familiar. It rings a bell but I can't be sure."
510,Day,65,Female,33,White,WC1.NP.LINE,White,TA,Yes,0,Foil,60,17.693,No,Fairly certain,He is the only one I kind of recognize,R,No,Yes,Fairly certain,He is the only one I kind of recognize,FALSE,FALSE,2.873169081130866,1.3850763601797882,Fairly certain He is the only one I kind of recognize
510,Day,65,Female,33,White,WC3.NP.LINE,White,TA,Yes,0,Foil,40,12.461,No,"i am not very certain, but this one looks the most familiar","I wasn't positive, but made a guess.",F,No,Yes,"I am not very certain, but this one looks the most familiar","I wasn't positive, but made a guess.",FALSE,FALSE,2.5226037669607306,0.8572938393974505,"I am not very certain, but this one looks the most familiar I wasn't positive, but made a guess."
510,Day,65,Female,33,White,WD1.P.LINE,White,TP,Yes,1,Target,80,5.807,No,Pretty certain,"The eyes look similar to someone I saw yesterday, so I am pretty certain it is the same guy",O1,No,Yes,Pretty certain,"The eyes look similar to someone I saw yesterday, so I am pretty certain it is the same guy",FALSE,FALSE,1.759064086389913,-0.292229177,"Pretty certain The eyes look similar to someone I saw yesterday, so I am pretty certain it is the same guy"
510,Day,65,Female,33,White,WD2.P.LINE,White,TP,Yes,1,Target,40,25.713,No,Kind of certain,He is the only one who looks kind of familiar,F,No,Yes,Kind of certain,He is the only one who looks kind of familiar,FALSE,FALSE,3.2469967005848552,1.947880708923013,Kind of certain He is the only one who looks kind of familiar
511,5Minute,57,Male,24,White,WC1.NP.LINE,White,TA,Yes,0,Foil,20,6.971,No,Not sure.,I feel like I've seen him before but I don't recall entirely.,?,No,Yes,Not sure.,I feel like I've seen him before but I don't recall entirely.,FALSE,FALSE,1.9417586865042618,-0.0171791,Not sure. I feel like I've seen him before but I don't recall entirely.
511,5Minute,57,Male,24,White,WC2.NP.LINE,White,TA,Yes,0,Foil,60,33.731,No,Not very certain.,Definitely either bottom-left or middle-bottom. I can slightly recall the look on the guys face in the bottom-middle.,?,No,Yes,Not very certain.,Definitely either bottom-left or middle-bottom. I can slightly recall the look on the guys face in the bottom-middle.,FALSE,FALSE,3.518417295832429,2.356509401385397,Not very certain. Definitely either bottom-left or middle-bottom. I can slightly recall the look on the guys face in the bottom-middle.
511,5Minute,57,Male,24,White,WC3.NP.LINE,White,TA,Yes,0,Foil,20,13.727,No,Not sure.,I feel like I've seen him before but I can't recall where. Perhaps I find him more aesthetically pleasing than the others.,?,No,Yes,Not sure.,I feel like I've seen him before but I can't recall where. Perhaps I find him more aesthetically pleasing than the others.,FALSE,FALSE,2.6193646962695225,1.0029691960844822,Not sure. I feel like I've seen him before but I can't recall where. Perhaps I find him more aesthetically pleasing than the others.
511,5Minute,57,Male,24,White,WD1.P.LINE,White,TP,Yes,1,Target,100,3.218,No,Entirely sure.,Memorable features. Stands out from the others. I recall seeing him in the previous lineup.,R,No,Yes,Entirely sure.,Memorable features. Stands out from the others. I recall seeing him in the previous lineup.,FALSE,FALSE,1.1687600485701914,-1.18094275,Entirely sure. Memorable features. Stands out from the others. I recall seeing him in the previous lineup.
511,5Minute,57,Male,24,White,WD2.P.LINE,White,TP,Yes,1,Target,100,9.361,No,I am almost certain.,"I remember the look in his eyes. Also I recall him looking like a ""mouth-breather"" before with his mouth open.",Omany,No,Yes,I am almost certain.,"I remember the look in his eyes. Also I recall him looking like a ""mouth-breather"" before with his mouth open.",FALSE,FALSE,2.236552122389608,0.4266378333887935,"I am almost certain. I remember the look in his eyes. Also I recall him looking like a ""mouth-breather"" before with his mouth open."
512,Day,53,Male,28,White,WD1.P.LINE,White,TP,Yes,1,Target,80,3.204,No,I think I'm almost sure,I remember this attractive man,O1,No,Yes,I think I'm almost sure,I remember this attractive man,FALSE,FALSE,1.1644000292061127,-1.18750684,I think I'm almost sure I remember this attractive man
512,Day,53,Male,28,White,WD2.P.LINE,White,TP,Yes,1,Target,40,3.351,No,Not sure at all,I remember hair flying,O1,No,Yes,Not sure at all,I remember hair flying,FALSE,FALSE,1.2092588087551734,-1.119971123,Not sure at all I remember hair flying
512,Day,53,Male,28,White,WD3.P.LINE,White,TP,Yes,1,Target,80,5.829,No,I am almost sure,I remember this guy looked amish,U1,No,Yes,I am almost sure,I remember this guy looked amish,FALSE,FALSE,1.7628454590634126,-0.286536251,I am almost sure I remember this guy looked amish
513,Day,60,Female,43,White,WC1.NP.LINE,White,TA,Yes,0,Foil,100,10.422,No,Pretty sure.,I remember heJust looks like he's trying to get one over on me.,?,No,Yes,Pretty sure.,I remember he Just looks like he's trying to get one over on me.,FALSE,FALSE,2.343918956487023,0.5882805745781047,Pretty sure. I remember he Just looks like he's trying to get one over on me.
513,Day,60,Female,43,White,WC2.NP.LINE,White,TA,Yes,0,Foil,80,15.964,No,Just a little certain.,I remember the face with shorter hair.,O1,No,Yes,Just a little certain.,I remember the face with shorter hair.,FALSE,FALSE,2.7703361871864876,1.2302595491847135,Just a little certain. I remember the face with shorter hair.
513,Day,60,Female,43,White,WC3.NP.LINE,White,TA,Yes,0,Foil,60,12.172,No,I am not a hundred percent.,I seeem to remember his longer face and higher hair line.,Omany,No,Yes,I am not a hundred percent.,I seem to remember his longer face and higher hair line.,TRUE,FALSE,2.4991382320347246,0.8219660454767349,I am not a hundred percent. I seem to remember his longer face and higher hair line.
513,Day,60,Female,43,White,WD2.P.LINE,White,TP,Yes,1,Target,80,9.244,No,pretty certain.,He just looks familier,F,No,Yes,pretty certain.,He just looks familiar,FALSE,FALSE,2.2239746924121344,0.4077022814954517,pretty certain. He just looks familiar
513,Day,60,Female,43,White,WD3.P.LINE,White,TP,Yes,1,Target,80,5.743,No,I almost sure this WAS the first one.,His hair looks a little longer.,O1,No,Yes,I almost sure this WAS the first one.,His hair looks a little longer.,FALSE,FALSE,1.7479817218821596,-0.30891388,I almost sure this WAS the first one. His hair looks a little longer.
514,Day,61,Male,35,White,WC1.P.LINE,White,TP,Yes,1,Target,40,6.978,No,not very,He looks familiar. Maybe different facial expression,FO,No,Yes,not very,He looks familiar. Maybe different facial expression,FALSE,FALSE,1.9427623427645824,-0.015668077,not very He looks familiar. Maybe different facial expression
514,Day,61,Male,35,White,WD2.NP.LINE,White,TA,Yes,0,Foil,60,4.939,No,sort of,that guy kind of stood out from the rest,R,No,Yes,sort of,that guy kind of stood out from the rest,FALSE,FALSE,1.5971628815584877,-0.535974415,sort of that guy kind of stood out from the rest
515,Day,35,Female,43,White,WC1.NP.LINE,White,TA,Yes,0,Foil,40,11.508,No,I am more certain of this one than previous ones.,His face was recognizable.,R,No,Yes,I am more certain of this one than previous ones.,His face was recognizable.,FALSE,FALSE,2.4430424456893016,0.7375128085877987,I am more certain of this one than previous ones. His face was recognizable.
515,Day,35,Female,43,White,WC2.NP.LINE,White,TA,Yes,0,Foil,40,14.028,No,I am not certain.,It is the most like the one I saw yesterday.,?,No,Yes,I am not certain.,It is the most like the one I saw yesterday.,FALSE,FALSE,2.6410553322779315,1.0356248470777643,I am not certain. It is the most like the one I saw yesterday.
515,Day,35,Female,43,White,WD1.P.LINE,White,TP,Yes,0,Foil,60,15.473,No,They are similar but I am not remembering completely.,He looks like the one I remember out of all of them.,R,No,Yes,They are similar but I am not remembering completely.,He looks like the one I remember out of all of them.,FALSE,FALSE,2.7390965695075358,1.183227730860349,They are similar but I am not remembering completely. He looks like the one I remember out of all of them.
515,Day,35,Female,43,White,WD2.P.LINE,White,TP,Yes,0,Foil,80,6.917,No,I am pretty sure I remember seeing him.,His face is Very familar.,F,No,Yes,I am pretty sure I remember seeing him.,His face is Very familiar.,FALSE,FALSE,1.9339821496184477,-0.028886819,I am pretty sure I remember seeing him. His face is Very familiar.
516,5Minute,55,Female,25,White,WC2.P.LINE,White,TP,Yes,1,Target,100,2.15,No,I am incredibly certain.,I remember his haircut,O1,No,Yes,I am incredibly certain.,I remember his haircut,FALSE,FALSE,0.7654678421395714,-1.788106576,I am incredibly certain. I remember his haircut
516,5Minute,55,Female,25,White,WD1.NP.LINE,White,TA,Yes,0,Foil,60,5.531,No,Halfway certain,"I think I remember seeing him, it's hard to point out a specific since there is not much unique about him.",R,No,Yes,Halfway certain,"I think I remember seeing him, it's hard to point out a specific since there is not much unique about him.",TRUE,FALSE,1.710368631012541,-0.365541079,"Halfway certain I think I remember seeing him, it's hard to point out a specific since there is not much unique about him."
516,5Minute,55,Female,25,White,WD3.NP.LINE,White,TA,Yes,0,Foil,40,10.398,No,I am not all that certain. He seemed vaguely familiar but I could be making that up.,I just think I remember seeing him.,F,No,Yes,I am not all that certain. He seemed vaguely familiar but I could be making that up.,I just think I remember seeing him.,FALSE,FALSE,2.341613479961524,0.5848096373146373,I am not all that certain. He seemed vaguely familiar but I could be making that up. I just think I remember seeing him.
517,5Minute,68,Female,27,White,WC3.NP.LINE,White,TA,Yes,0,Foil,60,20.171,No,75% sure,looks familiar,F,No,Yes,75% sure,looks familiar,TRUE,FALSE,3.0042459293191954,1.582414963163956,75% sure looks familiar
517,5Minute,68,Female,27,White,WD1.P.LINE,White,TP,Yes,1,Target,100,5.103,No,100% certain,he had an awkward smile in the line up i remember it clearly,O1,No,Yes,100% certain,he had an awkward smile in the line up I remember it clearly,TRUE,FALSE,1.6298286020818344,-0.486795573,100% certain he had an awkward smile in the line up I remember it clearly
517,5Minute,68,Female,27,White,WD3.P.LINE,White,TP,Yes,1,Target,40,12.965,No,30% certain,the eyes look familiar,FO,No,Yes,30% certain,the eyes look familiar,TRUE,FALSE,2.5622534189906276,0.9169871189394352,30% certain the eyes look familiar
518,Day,65,Female,30,White,WC2.NP.LINE,White,TA,Yes,0,Foil,0,8.223,No,Uncertain - the hair looks different,I tihnk I recogniz his face but the hair seems wrong,O1,No,Yes,Uncertain - the hair looks different,I think I recognize his face but the hair seems wrong,FALSE,FALSE,2.1069351059887587,0.2314970339795129,Uncertain - the hair looks different I think I recognize his face but the hair seems wrong
518,Day,65,Female,30,White,WD1.P.LINE,White,TP,Yes,1,Target,100,4.02,No,Positive,I remembered his face because of his 90s era flannel shirt,U1,No,Yes,Positive,I remembered his face because of his nineties era flannel shirt,FALSE,FALSE,1.3912819026309295,-0.845932011,Positive I remembered his face because of his nineties era flannel shirt
518,Day,65,Female,30,White,WD2.P.LINE,White,TP,Yes,1,Target,100,2.376,No,Positive,I remember thinking he looked like a frat boy with intense eyes.,?,No,Yes,Positive,I remember thinking he looked like a frat boy with intense eyes.,FALSE,TRUE,0.8654184015003984,-1.637629173,Positive I remember thinking he looked like a frat boy with intense eyes.
518,Day,65,Female,30,White,WD3.P.LINE,White,TP,Yes,1,Target,100,2.541,No,"Verry, very certain",I remember the uneven eyes,O1,No,Yes,"Verry, very certain",I remember the uneven eyes,FALSE,FALSE,0.932557704,-1.536549719,"Verry, very certain I remember the uneven eyes"
519,5Minute,64,Female,26,White,WC1.NP.LINE,White,TA,Yes,0,Foil,80,8.199,No,certain,looks familiar but expression is different,F,No,Yes,certain,looks familiar but expression is different,FALSE,FALSE,2.1040121956140405,0.22709653871305618,certain looks familiar but expression is different
519,5Minute,64,Female,26,White,WD1.P.LINE,White,TP,Yes,1,Target,100,1.598,No,very certain,clearly remember this face,R,No,Yes,very certain,clearly remember this face,FALSE,FALSE,0.46875284734408296,-2.234816452,very certain clearly remember this face
519,5Minute,64,Female,26,White,WD2.P.LINE,White,TP,Yes,1,Target,100,1.708,No,very certain,clearly remember his face,R,No,Yes,very certain,clearly remember his face,FALSE,FALSE,0.5353230953663781,-2.13459372,very certain clearly remember his face
519,5Minute,64,Female,26,White,WD3.P.LINE,White,TP,Yes,1,Target,100,5.286,No,very certain,clearly remember this face and hair cut,O1,No,Yes,very certain,clearly remember this face and hair cut,FALSE,FALSE,1.6650618161820974,-0.433751322,very certain clearly remember this face and hair cut
520,Day,62,Female,35,White,WD1.P.LINE,White,TP,Yes,1,Target,100,1.488,No,Extremely certain,I remember his face,R,No,Yes,Extremely certain,I remember his face,FALSE,FALSE,0.3974329364109001,-2.342189888,Extremely certain I remember his face
520,Day,62,Female,35,White,WD2.P.LINE,White,TP,Yes,1,Target,100,2.122,No,Extremely certain,Remember his face,R,No,Yes,Extremely certain,Remember his face,FALSE,FALSE,0.7523590401917913,-1.807842118,Extremely certain Remember his face
520,Day,62,Female,35,White,WD3.P.LINE,White,TP,Yes,1,Target,100,2.158,No,Extremely certain,I remember his hair color (it looked really dark in the middle and light on the sides),O1,No,Yes,Extremely certain,I remember his hair color (it looked really dark in the middle and light on the sides),FALSE,FALSE,0.7691818668359429,-1.782515044,Extremely certain I remember his hair color (it looked really dark in the middle and light on the sides)
521,Day,67,Male,23,White,WD1.P.LINE,White,TP,Yes,1,Target,100,1.546,No,I'm pretty certain that he was in the lineup.,"I recognize the face and hair, but the shirt is different.",Omany,No,Yes,I'm pretty certain that he was in the lineup.,"I recognize the face and hair, but the shirt is different.",FALSE,FALSE,0.4356709501652302,-2.284621856,"I'm pretty certain that he was in the lineup. I recognize the face and hair, but the shirt is different."
522,5Minute,34,Female,33,White,WC1.NP.LINE,White,TA,Yes,0,Foil,40,4.817,No,Fairly sure,his features,?,No,Yes,Fairly sure,his features,FALSE,FALSE,1.5721513276480839,-0.573629769,Fairly sure his features
522,5Minute,34,Female,33,White,WC2.NP.LINE,White,TA,Yes,0,Foil,60,10.079,No,Fairly,Looks familiar,F,No,Yes,Fairly,Looks familiar,FALSE,FALSE,2.3104540513727407,0.5378985451386896,Fairly Looks familiar
522,5Minute,34,Female,33,White,WD1.P.LINE,White,TP,Yes,0,Foil,80,2.712,No,Fairly sure,I remember his face,R,No,Yes,Fairly sure,I remember his face,FALSE,FALSE,0.9976863700781492,-1.438497316,Fairly sure I remember his face
522,5Minute,34,Female,33,White,WD3.P.LINE,White,TP,Yes,1,Target,80,5.072,No,Pretty sure,I remember his hair,O1,No,Yes,Pretty sure,I remember his hair,FALSE,FALSE,1.6237352171349249,-0.495969276,Pretty sure I remember his hair
523,5Minute,68,Female,41,White,WC2.NP.LINE,White,TA,Yes,0,Foil,20,14.786,No,Not too certain.,"I think, I may have see this photo.",R,No,Yes,Not too certain.,"I think, I may have see this photo.",FALSE,FALSE,2.6936807871349084,1.1148534361567535,"Not too certain. I think, I may have see this photo."
523,5Minute,68,Female,41,White,WC3.NP.LINE,White,TA,Yes,0,Foil,80,10.311,No,Moderately certain.,Seems like he was in the photos but not positive.,R,No,Yes,Moderately certain.,Seems like he was in the photos but not positive.,FALSE,FALSE,2.3332112865358066,0.5721599807539948,Moderately certain. Seems like he was in the photos but not positive.
523,5Minute,68,Female,41,White,WD1.P.LINE,White,TP,Yes,1,Target,60,7.401,No,Moderately,Seems like he was in the photos but not positive.,R,No,Yes,Moderately,Seems like he was in the photos but not positive.,FALSE,FALSE,2.0016151262153294,0.07293587,Moderately Seems like he was in the photos but not positive.
523,5Minute,68,Female,41,White,WD2.P.LINE,White,TP,Yes,1,Target,100,3.472,No,Completely certain.,I remember seeing this photo.,R,No,Yes,Completely certain.,I remember seeing this photo.,FALSE,FALSE,1.2447307967981038,-1.066567393,Completely certain. I remember seeing this photo.
523,5Minute,68,Female,41,White,WD3.P.LINE,White,TP,Yes,1,Target,60,14.419,No,Moderately certain.,Seems like he was in the photos but not positive.,R,No,Yes,Moderately certain.,Seems like he was in the photos but not positive.,FALSE,FALSE,2.668546781,1.077013728667803,Moderately certain. Seems like he was in the photos but not positive.
524,Day,58,Female,27,White,WC1.P.LINE,White,TP,Yes,0,Foil,20,9.237,No,not very certain,he looks a little familiar but i'm not sure,F,No,Yes,not very certain,he looks a little familiar but I'm not sure,FALSE,FALSE,2.223217157610473,0.40656179893474087,not very certain he looks a little familiar but I'm not sure
524,Day,58,Female,27,White,WC3.P.LINE,White,TP,Yes,1,Target,20,6.463,No,not very certain,He looks familiar but I'm not certain,F,No,Yes,not very certain,He looks familiar but I'm not certain,FALSE,FALSE,1.8660936062807585,-0.131094268,not very certain He looks familiar but I'm not certain
525,Day,50,Female,36,White,WC1.NP.LINE,White,TA,Yes,0,Foil,80,7.32,No,Pretty certain,Looks like a character actor for a generic nerd.,U1,No,Yes,Pretty certain,Looks like a character actor for a generic nerd.,FALSE,FALSE,1.9906103279732201,0.056367943653448424,Pretty certain Looks like a character actor for a generic nerd.
525,Day,50,Female,36,White,WC3.NP.LINE,White,TA,Yes,0,Foil,60,27.755,No,Only slightly.,I recall the white guys all looked dumb as soup and I think this brow matches that,Omany,No,Yes,Only slightly.,I recall the white guys all looked dumb as soup and I think this brow matches that,FALSE,FALSE,3.323416004142125,2.0629313743414186,Only slightly. I recall the white guys all looked dumb as soup and I think this brow matches that
525,Day,50,Female,36,White,WD2.P.LINE,White,TP,Yes,0,Foil,60,5.269,No,Somewhat,I recall at least one white guy that looked like a MAGA hat owner and he does,U1,No,Yes,Somewhat,I recall at least one white guy that looked like a MAGA hat owner and he does,FALSE,FALSE,1.6618405912271488,-0.438600935,Somewhat I recall at least one white guy that looked like a MAGA hat owner and he does
526,Day,70,Female,30,White,WC1.P.LINE,White,TP,Yes,1,Target,80,8.108,No,very certain,This is John,?,No,Yes,very certain,This is John,FALSE,FALSE,2.092851228589754,0.21029349781783574,very certain This is John
526,Day,70,Female,30,White,WC2.P.LINE,White,TP,Yes,1,Target,100,24.17,No,certain,same guy,R,No,Yes,certain,same guy,FALSE,FALSE,3.1851121947153915,1.8547124484450135,certain same guy
527,5Minute,60,Female,37,White,WD2.NP.LINE,White,TA,Yes,0,Foil,60,13.609,No,not really certain,I think I saw this person,R,No,Yes,not really certain,I think I saw this person,FALSE,FALSE,2.6107313385781805,0.9899715174751811,not really certain I think I saw this person
527,5Minute,60,Female,37,White,WD3.NP.LINE,White,TA,Yes,0,Foil,80,2.526,No,almost positive,almost sure I remembered seeing this person,R,No,Yes,almost positive,almost sure I remembered seeing this person,FALSE,FALSE,0.9266370239282993,-1.545463412,almost positive almost sure I remembered seeing this person
528,Day,62,Female,50,White,WC1.P.LINE,White,TP,Yes,1,Target,80,20.59,No,looks very familiar,familiar,F,No,Yes,looks very familiar,familiar,FALSE,FALSE,3.0248055210396982,1.6133678062031749,looks very familiar familiar
528,Day,62,Female,50,White,WC2.P.LINE,White,TP,Yes,1,Target,80,6.516,No,very,familiar to someone I know,?,No,Yes,very,familiar to someone I know,FALSE,FALSE,1.8742606907397987,-0.118798573,very familiar to someone I know
529,Day,54,Female,26,White,WC1.NP.LINE,White,TA,Yes,0,Foil,40,7.6,No,somewhat certain,he seems a little familiar,F,No,Yes,somewhat certain,he seems a little familiar,FALSE,FALSE,2.028148247292285,0.11288197080424957,somewhat certain he seems a little familiar
529,Day,54,Female,26,White,WC2.NP.LINE,White,TA,Yes,0,Foil,0,7.34,No,very little certain,I have the vaguest idea I might have seen him,R,No,Yes,very little certain,I have the vaguest idea I might have seen him,FALSE,FALSE,1.9933388426264242,0.060475773,very little certain I have the vaguest idea I might have seen him
529,Day,54,Female,26,White,WC3.NP.LINE,White,TA,Yes,0,Foil,20,6.074,No,a little certain,he looks a bit familiar,F,No,Yes,a little certain,he looks a bit familiar,FALSE,FALSE,1.804017366623557,-0.224551188,a little certain he looks a bit familiar
529,Day,54,Female,26,White,WD3.P.LINE,White,TP,Yes,0,Foil,40,5.226,No,somewhat certain,I think i may have seen him before,R,No,Yes,somewhat certain,I think I may have seen him before,FALSE,FALSE,1.6536461670984208,-0.450937791,somewhat certain I think I may have seen him before
530,5Minute,64,Female,34,White,WC1.P.LINE,White,TP,Yes,0,Foil,0,15.244,No,not certain,they all look the same,?,No,Yes,not certain,they all look the same,FALSE,FALSE,2.7241859830116137,1.1607795689656395,not certain they all look the same
530,5Minute,64,Female,34,White,WC2.P.LINE,White,TP,Yes,0,Foil,0,2.283,No,not certain at all,they all look the same,?,No,Yes,not certain at all,they all look the same,FALSE,FALSE,0.8254903675476585,-1.697741561,not certain at all they all look the same
530,5Minute,64,Female,34,White,WC3.P.LINE,White,TP,Yes,0,Foil,40,10.094,No,sort of,they all look the same,?,No,Yes,sort of,they all look the same,FALSE,FALSE,2.3119411879180705,0.5401374565281397,sort of they all look the same
530,5Minute,64,Female,34,White,WD1.NP.LINE,White,TA,Yes,0,Foil,0,3.108,No,not at all,they all look the same,?,No,Yes,not at all,they all look the same,FALSE,FALSE,1.1339794325054011,-1.233305607,not at all they all look the same
530,5Minute,64,Female,34,White,WD2.NP.LINE,White,TA,Yes,0,Foil,0,1.351,No,not certain,they all look the same,?,No,Yes,not certain,they all look the same,FALSE,FALSE,0.3008450589780618,-2.487604712,not certain they all look the same
530,5Minute,64,Female,34,White,WD3.NP.LINE,White,TA,Yes,0,Foil,20,1.721,No,Not certain,"maybe the hair I've seen, not sure",O1,No,Yes,Not certain,"maybe the hair I've seen, not sure",FALSE,FALSE,0.5429055172294024,-2.123178245,"Not certain maybe the hair I've seen, not sure"
531,Day,52,Male,28,White,WC1.P.LINE,White,TP,Yes,0,Foil,80,2.916,No,I'm very certain,This man has a very distinctive face that I'm almost certain I've seen before.,R,No,Yes,I'm very certain,This man has a very distinctive face that I'm almost certain I've seen before.,FALSE,FALSE,1.0702128141464118,-1.329307422,I'm very certain This man has a very distinctive face that I'm almost certain I've seen before.
531,Day,52,Male,28,White,WC2.P.LINE,White,TP,Yes,0,Foil,60,15.781,No,I'm somewhat certain.,His face looks very distinctive and his facial features are strong. I think I saw him in yesterdays lineup.,R,No,Yes,I'm somewhat certain.,His face looks very distinctive and his facial features are strong. I think I saw him in yesterdays lineup.,FALSE,FALSE,2.7588066847659958,1.2129016714800755,I'm somewhat certain. His face looks very distinctive and his facial features are strong. I think I saw him in yesterdays lineup.
531,Day,52,Male,28,White,WD1.NP.LINE,White,TA,Yes,0,Foil,20,31.211,No,I'm slightly certain.,"This man's face looks distinctive and familiar, but I can't place where I've seen it.",F,No,Yes,I'm slightly certain.,"This man's face looks distinctive and familiar, but I can't place where I've seen it.",FALSE,FALSE,3.440770596781882,2.2396108695031556,"I'm slightly certain. This man's face looks distinctive and familiar, but I can't place where I've seen it."
531,Day,52,Male,28,White,WD3.NP.LINE,White,TA,Yes,0,Foil,40,9.288,No,I'm slightly certain.,"The face seems familiar, but I'm not entirely sure I saw it in yesterday's survey.",F,No,Yes,I'm slightly certain.,"The face seems familiar, but I'm not entirely sure I saw it in yesterday's survey.",FALSE,FALSE,2.2287232443955904,0.4148513137430576,"I'm slightly certain. The face seems familiar, but I'm not entirely sure I saw it in yesterday's survey."
532,Day,68,Female,18,White,WC1.NP.LINE,White,TA,Yes,0,Foil,80,5.6,No,I'm kind of certain.,I feel like I remember his face because he was smiling.,?,No,Yes,I'm kind of certain.,I feel like I remember his face because he was smiling.,FALSE,FALSE,1.7227665977411035,-0.346875713,I'm kind of certain. I feel like I remember his face because he was smiling.
532,Day,68,Female,18,White,WC2.NP.LINE,White,TA,Yes,0,Foil,60,10.311,No,I'm not very certain.,"I feel like I saw him, but i'm not sure.",R,No,Yes,I'm not very certain.,"I feel like I saw him, but I'm not sure.",FALSE,FALSE,2.3332112865358066,0.5721599807539948,"I'm not very certain. I feel like I saw him, but I'm not sure."
532,Day,68,Female,18,White,WD1.P.LINE,White,TP,Yes,1,Target,60,12.795,No,I'm somewhat certain I saw him.,I feel like I recognize his face from yesterday.,R,No,Yes,I'm somewhat certain I saw him.,I feel like I recognize his face from yesterday.,FALSE,FALSE,2.549054469611752,0.8971158581692364,I'm somewhat certain I saw him. I feel like I recognize his face from yesterday.
532,Day,68,Female,18,White,WD2.P.LINE,White,TP,Yes,0,Foil,60,1.047,No,Somewhat certain.,I recognize his face a little bit.,R,No,Yes,Somewhat certain.,I recognize his face a little bit.,FALSE,FALSE,0.045928931888399735,-2.871385624,Somewhat certain. I recognize his face a little bit.
532,Day,68,Female,18,White,WD3.P.LINE,White,TP,Yes,1,Target,100,7.171,No,I'm almost 100% sure I saw him yesterday.,I really recognize his face.,R,No,Yes,I'm almost 100% sure I saw him yesterday.,I really recognize his face.,TRUE,FALSE,1.9700451149004379,0.025406637565101954,I'm almost 100% sure I saw him yesterday. I really recognize his face.
533,Day,38,Male,27,White,WC1.NP.LINE,White,TA,Yes,0,Foil,60,2.117,No,very certain,i have seen him,R,No,Yes,very certain,I have seen him,FALSE,FALSE,0.7499999921527281,-1.811393708,very certain I have seen him
533,Day,38,Male,27,White,WC3.NP.LINE,White,TA,Yes,0,Foil,60,6.322,No,i am certain about him,i have seen him,R,No,Yes,I am certain about him,I have seen him,FALSE,FALSE,1.844035613793426,-0.164302981,I am certain about him I have seen him
533,Day,38,Male,27,White,WD1.P.LINE,White,TP,Yes,0,Foil,60,2.336,No,very certain,i have seen this face,R,No,Yes,very certain,I have seen this face,FALSE,FALSE,0.8484400649659806,-1.66319037,very certain I have seen this face
533,Day,38,Male,27,White,WD3.P.LINE,White,TP,Yes,0,Foil,80,1.311,No,i think i have seen him,i have seen him previously,R,No,Yes,I think I have seen him,I have seen him previously,FALSE,FALSE,0.27079020478156274,-2.532852847,I think I have seen him I have seen him previously
534,5Minute,63,Female,25,White,WC1.NP.LINE,White,TA,Yes,0,Foil,20,7.654,No,not very certain,I feel I may have seen him before,R,No,Yes,not very certain,I feel I may have seen him before,FALSE,FALSE,2.0352283870035106,0.1235412512100349,not very certain I feel I may have seen him before
534,5Minute,63,Female,25,White,WC3.NP.LINE,White,TA,Yes,0,Foil,60,10.038,No,I am somewhat certain,I think his clothing and hair have been changed if it is him.,?,No,Yes,I am somewhat certain,I think his clothing and hair have been changed if it is him.,FALSE,FALSE,2.3063778912327417,0.5317618111640412,I am somewhat certain I think his clothing and hair have been changed if it is him.
534,5Minute,63,Female,25,White,WD1.P.LINE,White,TP,Yes,1,Target,100,2.384,No,Very certain,I have seen him before,R,No,Yes,Very certain,I have seen him before,FALSE,FALSE,0.8687797492031033,-1.632568602,Very certain I have seen him before
534,5Minute,63,Female,25,White,WD2.P.LINE,White,TP,Yes,1,Target,100,1.873,No,Very certain,I have seen him his hair was a give away,O1,No,Yes,Very certain,I have seen him his hair was a give away,FALSE,FALSE,0.6275414234619514,-1.995757333,Very certain I have seen him his hair was a give away
534,5Minute,63,Female,25,White,WD3.P.LINE,White,TP,Yes,1,Target,80,2.687,No,Somewhat certain,I feel like I have seen him and his hair before.,O1,No,Yes,Somewhat certain,I feel like I have seen him and his hair before.,FALSE,FALSE,0.9884253296333542,-1.452439983,Somewhat certain I feel like I have seen him and his hair before.
535,5Minute,61,Male,29,White,WD1.P.LINE,White,TP,Yes,1,Target,80,6.653,No,Somewhat certain.,His facial structure is familiar to me and it stands out. But cannot be 100% sure.,FO,No,Yes,Somewhat certain.,His facial structure is familiar to me and it stands out. But cannot be 100% sure.,FALSE,TRUE,1.8950678807597503,-0.087472966,Somewhat certain. His facial structure is familiar to me and it stands out. But cannot be 100% sure.
535,5Minute,61,Male,29,White,WD2.P.LINE,White,TP,Yes,1,Target,60,5.181,No,Kind of certain.,"The face looks familiar to me, but not exactly sure. He was definitely wearing a different shirt if if I've seen him.",?,No,Yes,Kind of certain.,"The face looks familiar to me, but not exactly sure. He was definitely wearing a different shirt if  I've seen him.",FALSE,FALSE,1.6449980878326513,-0.463957633,"Kind of certain. The face looks familiar to me, but not exactly sure. He was definitely wearing a different shirt if  I've seen him."
535,5Minute,61,Male,29,White,WD3.P.LINE,White,TP,Yes,1,Target,80,4.829,No,I feel like I'm familiar with this face.,The haircut and nose seems familiar to me.,FO,No,Yes,I feel like I'm familiar with this face.,The haircut and nose seems familiar to me.,FALSE,FALSE,1.5746394068914047,-0.56988392,I feel like I'm familiar with this face. The haircut and nose seems familiar to me.
536,Day,45,Male,24,White,WC2.P.LINE,White,TP,Yes,0,Foil,80,38.954,No,sure,"his facial features, eyes mouth",Omany,No,Yes,sure,"his facial features, eyes mouth",FALSE,FALSE,3.662381462807708,2.5732500995585963,"sure his facial features, eyes mouth"
536,Day,45,Male,24,White,WC3.P.LINE,White,TP,Yes,0,Foil,60,6.008,No,look familiar,look familiar,?,No,Yes,look familiar,look familiar,FALSE,FALSE,1.7930919144618336,-0.240999657,look familiar look familiar
536,Day,45,Male,24,White,WD1.NP.LINE,White,TA,Yes,0,Foil,80,4.209,No,kinda,double chin,O1,No,Yes,kinda,double chin,FALSE,FALSE,1.4372250897884336,-0.776763699,kinda double chin
537,Day,53,Male,32,White,WC1.P.LINE,White,TP,Yes,0,Foil,80,9.889,No,Almost certain.,I feel that this guy is guilty of being previously in the lineup. He also is the only one smiling at the moment.,O1,No,Yes,Almost certain.,I feel that this guy is guilty of being previously in the lineup. He also is the only one smiling at the moment.,FALSE,FALSE,2.291423028287854,0.50924699,Almost certain. I feel that this guy is guilty of being previously in the lineup. He also is the only one smiling at the moment.
537,Day,53,Male,32,White,WD1.NP.LINE,White,TA,Yes,0,Foil,40,15.132,No,I feel that this guy was seen before.,This guys face looks really familiar from the lineup.,F,No,Yes,I feel that this guy was seen before.,This guys face looks really familiar from the lineup.,FALSE,FALSE,2.7168117067707827,1.1496774606108973,I feel that this guy was seen before. This guys face looks really familiar from the lineup.
537,Day,53,Male,32,White,WD3.NP.LINE,White,TA,Yes,0,Foil,40,8.302,No,I am fairly certain.,I feel that this kids facial features was one in the lineup.,R,No,Yes,I am fairly certain.,I feel that this kids facial features was one in the lineup.,FALSE,FALSE,2.116496449630847,0.24589181248586128,I am fairly certain. I feel that this kids facial features was one in the lineup.
538,Day,54,Male,30,White,WC1.NP.LINE,White,TA,Yes,0,Foil,20,12.822,No,Not at all certain,"Looks vaguely familiar, but it could just be due to remembering more happy expressions the first time through.",?,No,Yes,Not at all certain,"Looks vaguely familiar, but it could just be due to remembering more happy expressions the first time through.",FALSE,FALSE,2.5511624455650654,0.9002894546929596,"Not at all certain Looks vaguely familiar, but it could just be due to remembering more happy expressions the first time through."
538,Day,54,Male,30,White,WC2.NP.LINE,White,TA,Yes,0,Foil,60,4.034,No,Somewhat certain again,"This face looks familiar to me, but cannot specifically remember",F,No,Yes,Somewhat certain again,"This face looks familiar to me, but cannot specifically remember",FALSE,FALSE,1.39475844,-0.840698021,"Somewhat certain again This face looks familiar to me, but cannot specifically remember"
538,Day,54,Male,30,White,WD1.P.LINE,White,TP,Yes,1,Target,80,4.89,No,Reasonably certain,I think I remember this one because I had a friend that somewhat looked like him,U1,No,Yes,Reasonably certain,I think I remember this one because I had a friend that somewhat looked like him,FALSE,FALSE,1.5871923034867805,-0.550985303,Reasonably certain I think I remember this one because I had a friend that somewhat looked like him
539,5Minute,67,Female,42,White,WC2.P.LINE,White,TP,Yes,1,Target,100,4.202,No,I am completely certain.,I know this was a face I saw previously.,R,No,Yes,I am completely certain.,I know this was a face I saw previously.,FALSE,FALSE,1.4355606024228087,-0.779269615,I am completely certain. I know this was a face I saw previously.
540,5Minute,61,Female,36,White,WC2.P.LINE,White,TP,Yes,0,Foil,60,15.998,No,moderately,the shape of face and shape of mouth,Omany,No,Yes,moderately,the shape of face and shape of mouth,FALSE,FALSE,2.772463714,1.2334625805299382,moderately the shape of face and shape of mouth
540,5Minute,61,Female,36,White,WC3.P.LINE,White,TP,Yes,1,Target,80,5.264,No,very sure,"eyebrows, hair style, face shape",Omany,No,Yes,very sure,"eyebrows, hair style, face shape",FALSE,FALSE,1.6608911940230162,-0.44003027,"very sure eyebrows, hair style, face shape"
542,Day,67,Female,36,White,WC1.NP.LINE,White,TA,Yes,0,Foil,100,5.523,No,Certain,I'm sure I saw him,R,No,Yes,Certain,I'm sure I saw him,FALSE,FALSE,1.7089211909190505,-0.367720227,Certain I'm sure I saw him
542,Day,67,Female,36,White,WC2.NP.LINE,White,TA,Yes,0,Foil,40,49.255,No,About 50% certain.,I had to pick between two of them.,?,No,Yes,About 50% certain.,I had to pick between two of them.,TRUE,FALSE,3.8970108853076426,2.926489005552077,About 50% certain. I had to pick between two of them.
542,Day,67,Female,36,White,WD1.P.LINE,White,TP,Yes,1,Target,40,26.945,No,A little certain,Looked familiar,F,No,Yes,A little certain,Looked familiar,FALSE,FALSE,3.293797751,2.018340550693947,A little certain Looked familiar
542,Day,67,Female,36,White,WD2.P.LINE,White,TP,Yes,1,Target,60,27.651,No,fairly certain,The hair is familiar,FO,No,Yes,fairly certain,The hair is familiar,FALSE,FALSE,3.319661893679637,2.0572794920726962,fairly certain The hair is familiar
542,Day,67,Female,36,White,WD3.P.LINE,White,TP,Yes,1,Target,80,14.678,No,Pretty certain,I recognize the hair,O1,No,Yes,Pretty certain,I recognize the hair,FALSE,FALSE,2.686349774122871,1.1038164613877566,Pretty certain I recognize the hair
543,5Minute,33,Male,29,White,WC3.P.LINE,White,TP,Yes,0,Foil,40,6.903,No,kinda certain,eyebrows,O1,No,Yes,kinda certain,eyebrows,FALSE,FALSE,1.9319560997213385,-0.031937075,kinda certain eyebrows
543,5Minute,33,Male,29,White,WD1.NP.LINE,White,TA,Yes,0,Foil,40,4.916,No,kinda certain he was in it,ears stick out,O1,No,Yes,kinda certain he was in it,ears stick out,FALSE,FALSE,1.5924951917037884,-0.543001708,kinda certain he was in it ears stick out
543,5Minute,33,Male,29,White,WD3.NP.LINE,White,TA,Yes,0,Foil,20,7.593,No,might remember him,his fluffy hair,O1,No,Yes,might remember him,his fluffy hair,FALSE,FALSE,2.027226770231097,0.11149467016000779,might remember him his fluffy hair
544,Day,48,Female,23,White,WC2.NP.LINE,White,TA,Yes,0,Foil,80,7.6,No,I am very certain.,He looks familiar.,F,No,Yes,I am very certain.,He looks familiar.,FALSE,FALSE,2.028148247292285,0.11288197080424957,I am very certain. He looks familiar.
544,Day,48,Female,23,White,WD1.P.LINE,White,TP,Yes,1,Target,40,5.586,No,I am a little bit certain I recognize his face.,"I believe I may have seen this man's face yesterday, I am not completely sure though.",R,No,Yes,I am a little bit certain I recognize his face.,"I believe I may have seen this man's face yesterday, I am not completely sure though.",FALSE,FALSE,1.720263467522985,-0.350644221,"I am a little bit certain I recognize his face. I believe I may have seen this man's face yesterday, I am not completely sure though."
544,Day,48,Female,23,White,WD2.P.LINE,White,TP,Yes,1,Target,100,3.501,No,I am completely certain I saw this man yesterday!,I  know for a fact that I saw this mans picture yesterday!,R,No,Yes,I am completely certain I saw this man yesterday!,I  know for a fact that I saw this mans picture yesterday!,FALSE,FALSE,1.2530486419725286,-1.054044725,I am completely certain I saw this man yesterday! I  know for a fact that I saw this mans picture yesterday!
544,Day,48,Female,23,White,WD3.P.LINE,White,TP,Yes,1,Target,60,8.356,No,I am fairly certain.,I kind of think his eyes look familiar to one of the faces I saw yesterday!,O1,No,Yes,I am fairly certain.,I kind of think his eyes look familiar to one of the faces I saw yesterday!,FALSE,FALSE,2.1229798436943192,0.2556526813560313,I am fairly certain. I kind of think his eyes look familiar to one of the faces I saw yesterday!
545,Day,33,Female,27,White,WC1.P.LINE,White,TP,Yes,0,Foil,80,25.337,No,eyes look familiar,eye color and shape,FO,No,Yes,eyes look familiar,eye color and shape,FALSE,FALSE,3.2322657779869606,1.9257030343274222,eyes look familiar eye color and shape
545,Day,33,Female,27,White,WC2.P.LINE,White,TP,Yes,0,Foil,40,9.255,No,looks familiar but not to certain,eye color and facial shape looks familiar,FO,No,Yes,looks familiar but not to certain,eye color and facial shape looks familiar,FALSE,FALSE,2.225163946025461,0.40949272465830927,looks familiar but not to certain eye color and facial shape looks familiar
545,Day,33,Female,27,White,WC3.P.LINE,White,TP,Yes,1,Target,80,2.229,No,the face looks very similar to the one i seen yesterday,hair cut and the eye shape and color,Omany,No,Yes,the face looks very similar to the one I seen yesterday,hair cut and the eye shape and color,FALSE,FALSE,0.8015530544037318,-1.733779626,the face looks very similar to the one I seen yesterday hair cut and the eye shape and color
546,Day,67,Female,26,White,WC2.NP.LINE,White,TA,Yes,0,Foil,40,8.872,No,halfway certain,I think remember the awkward head to neck width and the weak jaw.,Omany,No,Yes,halfway certain,I think remember the awkward head to neck width and the weak jaw.,TRUE,FALSE,2.182900250048066,0.3458639539302892,halfway certain I think remember the awkward head to neck width and the weak jaw.
546,Day,67,Female,26,White,WD1.P.LINE,White,TP,Yes,1,Target,60,4.708,No,Mostly certain,I remember the square nose.,O1,No,Yes,Mostly certain,I remember the square nose.,FALSE,FALSE,1.5492631893980304,-0.608088282,Mostly certain I remember the square nose.
547,Day,67,Female,44,White,WC1.P.LINE,White,TP,Yes,0,Foil,20,7.537,No,not very,This may or may not be a familiar face,?,No,Yes,not very,This may or may not be a familiar face,FALSE,FALSE,2.019824224861333,0.10035000211231974,not very This may or may not be a familiar face
547,Day,67,Female,44,White,WC3.P.LINE,White,TP,Yes,0,Foil,40,8.998,No,May or may not be certain,He looks familiar,F,No,Yes,May or may not be certain,He looks familiar,FALSE,FALSE,2.1970023304189805,0.3670948950005866,May or may not be certain He looks familiar
547,Day,67,Female,44,White,WD1.NP.LINE,White,TA,Yes,0,Foil,20,10.474,No,not that certain,"Not really sure, but he looks familiar",F,No,Yes,not that certain,"Not really sure, but he looks familiar",FALSE,FALSE,2.348895995857296,0.595773599,"not that certain Not really sure, but he looks familiar"
547,Day,67,Female,44,White,WD2.NP.LINE,White,TA,Yes,0,Foil,0,10.624,No,uncertain,Unsure if I saw any of these faces,?,No,Yes,uncertain,Unsure if I saw any of these faces,FALSE,FALSE,2.363115592734078,0.6171814631129449,uncertain Unsure if I saw any of these faces
548,5Minute,54,Male,32,White,WC2.P.LINE,White,TP,Yes,1,Target,100,3.269,No,Extremely,I know,?,No,Yes,Extremely,I know,FALSE,FALSE,1.1844841277420737,-1.15726986,Extremely I know
549,5Minute,68,Female,43,White,WC1.P.LINE,White,TP,Yes,1,Target,100,3.013,No,"I remember him being present, so I am certain",His eyes look familiar,FO,No,Yes,"I remember him being present, so I am certain",His eyes look familiar,FALSE,FALSE,1.1029362601481643,-1.280041673,"I remember him being present, so I am certain His eyes look familiar"
549,5Minute,68,Female,43,White,WC2.P.LINE,White,TP,Yes,1,Target,60,6.544,No,I seem to remember him,He looks familiar,F,No,Yes,I seem to remember him,He looks familiar,FALSE,FALSE,1.8785485993004458,-0.112343048,I seem to remember him He looks familiar
550,Day,51,Male,28,White,WC1.NP.LINE,White,TA,Yes,0,Foil,40,1.999,No,Somewhat,Feel like recognize that one but not really sure,R,No,Yes,Somewhat,Feel like recognize that one but not really sure,FALSE,FALSE,0.6926470555182631,-1.897739608,Somewhat Feel like recognize that one but not really sure
550,Day,51,Male,28,White,WD1.P.LINE,White,TP,Yes,1,Target,40,3.758,No,Some confidence,Photo stood out to me,R,No,Yes,Some confidence,Photo stood out to me,FALSE,FALSE,1.3238869009912735,-0.947396424,Some confidence Photo stood out to me
550,Day,51,Male,28,White,WD2.P.LINE,White,TP,Yes,1,Target,40,8.882,No,Kind of,I think I saw this guy.,R,No,Yes,Kind of,I think I saw this guy.,FALSE,FALSE,2.1840267568699105,0.3475599306458382,Kind of I think I saw this guy.
551,5Minute,60,Female,40,White,WC3.P.LINE,White,TP,Yes,0,Foil,40,3.301,No,fairly,looks similar,R,No,Yes,fairly,looks similar,FALSE,FALSE,1.194225452871056,-1.142604116,fairly looks similar
551,5Minute,60,Female,40,White,WD2.NP.LINE,White,TA,Yes,0,Foil,40,5.432,No,somewhat,looks similar to a picture,R,No,Yes,somewhat,looks similar to a picture,FALSE,FALSE,1.692307390256395,-0.392732609,somewhat looks similar to a picture
551,5Minute,60,Female,40,White,WD3.NP.LINE,White,TA,Yes,0,Foil,40,6.602,No,fairly certain,he looks similar to the third picture,R,No,Yes,fairly certain,he looks similar to the third picture,FALSE,FALSE,1.8873726334310013,-0.099058302,fairly certain he looks similar to the third picture
552,Day,65,Female,34,White,WC1.P.LINE,White,TP,Yes,1,Target,80,6.462,No,I am pretty certain,"I think I remember this particular guy from before, and the way his facial hair is makes me feel like he is more familiar.",FO,No,Yes,I am pretty certain,"I think I remember this particular guy from before, and the way his facial hair is makes me feel like he is more familiar.",FALSE,FALSE,1.8659388674023065,-0.131327231,"I am pretty certain I think I remember this particular guy from before, and the way his facial hair is makes me feel like he is more familiar."
552,Day,65,Female,34,White,WC2.P.LINE,White,TP,Yes,0,Foil,80,11.005,No,I am pretty certain of this choice.,This certain male looks more familiar than any of the other males on the lineup.,F,No,Yes,I am pretty certain of this choice.,This certain male looks more familiar than any of the other males on the lineup.,FALSE,FALSE,2.398349714978425,0.6702270814442827,I am pretty certain of this choice. This certain male looks more familiar than any of the other males on the lineup.
552,Day,65,Female,34,White,WC3.P.LINE,White,TP,Yes,0,Foil,60,4.503,No,I am a little certain.,The way the guys hair is in the front makes me feel like I remember him and he looks more familiar than any of the others.,FO,No,Yes,I am a little certain.,The way the guys hair is in the front makes me feel like I remember him and he looks more familiar than any of the others.,FALSE,FALSE,1.5047438413194347,-0.675112978,I am a little certain. The way the guys hair is in the front makes me feel like I remember him and he looks more familiar than any of the others.
552,Day,65,Female,34,White,WD2.NP.LINE,White,TA,Yes,0,Foil,40,7.324,No,I am a little certain of this choice.,This male looks a little familiar in comparison to all of the other photos.,F,No,Yes,I am a little certain of this choice.,This male looks a little familiar in comparison to all of the other photos.,FALSE,FALSE,1.9911566268122642,0.057190407,I am a little certain of this choice. This male looks a little familiar in comparison to all of the other photos.
553,5Minute,64,Female,44,White,WD1.P.LINE,White,TP,Yes,1,Target,20,7.218,No,not very certain,His face looks somewhat familiar to me.,F,No,Yes,not very certain,His face looks somewhat familiar to me.,FALSE,FALSE,1.9765779062205968,0.035241875,not very certain His face looks somewhat familiar to me.
553,5Minute,64,Female,44,White,WD3.P.LINE,White,TP,Yes,1,Target,80,7.868,No,pretty certain,I remember the haircut and thought it was strange looking hair.,O1,No,Yes,pretty certain,I remember the haircut and thought it was strange looking hair.,FALSE,FALSE,2.062803900526813,0.16505669341414483,pretty certain I remember the haircut and thought it was strange looking hair.
554,Day,48,Female,37,White,WC3.NP.LINE,White,TA,Yes,0,Foil,60,8.434,No,im pretty sure,looks familiar,F,No,Yes,I'm pretty sure,looks familiar,FALSE,FALSE,2.132271155324368,0.26964092170744675,I'm pretty sure looks familiar
555,Day,41,Female,44,White,WC3.NP.LINE,White,TA,Yes,0,Foil,40,15.37,No,I am almost certain that I saw this face yesterday,He has on a different colored shirt and the background is different but I recognize the face,R,No,Yes,I am almost certain that I saw this face yesterday,He has on a different colored shirt and the background is different but I recognize the face,FALSE,FALSE,2.7324175575505043,1.1731723556576936,I am almost certain that I saw this face yesterday He has on a different colored shirt and the background is different but I recognize the face
555,Day,41,Female,44,White,WD1.P.LINE,White,TP,Yes,1,Target,80,6.417,No,I am almost certain he was in the lineup yesterday,"The color of his hair is familiar, his eyes are familiar, his expression is familiar.",FO,No,Yes,I am almost certain he was in the lineup yesterday,"The color of his hair is familiar, his eyes are familiar, his expression is familiar.",FALSE,FALSE,1.8589507187683783,-0.141848017,"I am almost certain he was in the lineup yesterday The color of his hair is familiar, his eyes are familiar, his expression is familiar."
555,Day,41,Female,44,White,WD2.P.LINE,White,TP,Yes,1,Target,40,14.454,No,I am pretty sure but not positive,"The facial features, the tussle in his hair, his mannerism all look familiar",FO,No,Yes,I am pretty sure but not positive,"The facial features, the tussle in his hair, his mannerism all look familiar",FALSE,FALSE,2.6709711928607893,1.080663724774977,"I am pretty sure but not positive The facial features, the tussle in his hair, his mannerism all look familiar"
555,Day,41,Female,44,White,WD3.P.LINE,White,TP,Yes,1,Target,20,12.737,No,I am half certain that he was there,This person looks slightly familiar.  I remember the haircut but I am not sure if he is the guy,FO,No,Yes,I am half certain that he was there,This person looks slightly familiar.  I remember the haircut but I am not sure if he is the guy,TRUE,FALSE,2.5445111436076226,0.8902757974037505,I am half certain that he was there This person looks slightly familiar.  I remember the haircut but I am not sure if he is the guy
556,Day,52,Female,20,White,WC1.P.LINE,White,TP,Yes,0,Foil,20,7.347,No,I am a little certain.,The mans face looks a little familiar.,F,No,Yes,I am a little certain.,The mans face looks a little familiar.,FALSE,FALSE,1.9942920666381405,0.061910869,I am a little certain. The mans face looks a little familiar.
556,Day,52,Female,20,White,WC3.P.LINE,White,TP,Yes,0,Foil,40,3.814,No,I am a little certain.,The image looks more familiar than any other I have seen so far.,F,No,Yes,I am a little certain.,The image looks more familiar than any other I have seen so far.,FALSE,FALSE,1.3386785071782272,-0.925127389,I am a little certain. The image looks more familiar than any other I have seen so far.
556,Day,52,Female,20,White,WD2.NP.LINE,White,TA,Yes,0,Foil,0,13.522,No,I am not at all certain.,The image looks vaguely familiar.,F,No,Yes,I am not at all certain.,The image looks vaguely familiar.,FALSE,FALSE,2.604317988668486,0.9803161013653177,I am not at all certain. The image looks vaguely familiar.
557,Day,38,Male,39,White,WC2.NP.LINE,White,TA,Yes,0,Foil,40,16.535,No,I am not that certain.,"My memory is already failing me. Face seems similar, but I am not sure.",?,No,Yes,I am not that certain.,"My memory is already failing me. Face seems similar, but I am not sure.",FALSE,FALSE,2.805479346433756,1.2831682210528517,"I am not that certain. My memory is already failing me. Face seems similar, but I am not sure."
557,Day,38,Male,39,White,WC3.NP.LINE,White,TA,Yes,0,Foil,80,5.712,No,I am fairly confident this is a face I saw yesterday.,I remember seeing him.,R,No,Yes,I am fairly confident this is a face I saw yesterday.,I remember seeing him.,FALSE,FALSE,1.7425692250372833,-0.317062494,I am fairly confident this is a face I saw yesterday. I remember seeing him.
557,Day,38,Male,39,White,WD3.P.LINE,White,TP,Yes,1,Target,80,14.573,No,"I am a little more certain of this one, but certainly wouldn't bet my lunch on it.",Just seems to match what I remember from yesterday.,R,No,Yes,"I am a little more certain of this one, but certainly wouldn't bet my lunch on it.",Just seems to match what I remember from yesterday.,FALSE,FALSE,2.6791705015515594,1.093007934639924,"I am a little more certain of this one, but certainly wouldn't bet my lunch on it. Just seems to match what I remember from yesterday."
558,5Minute,57,Female,36,White,WC1.P.LINE,White,TP,Yes,1,Target,60,10.803,No,mostly certain,I remember this guys chin being tilted up like that and thought he was arrogant looking.,Omany,No,Yes,mostly certain,I remember this guys chin being tilted up like that and thought he was arrogant looking.,FALSE,FALSE,2.379823873334848,0.6423360865082686,mostly certain I remember this guys chin being tilted up like that and thought he was arrogant looking.
558,5Minute,57,Female,36,White,WC2.P.LINE,White,TP,Yes,0,Foil,20,10.69,No,not very certain,"I think I remember the sadness this guy seemed to be expressing, plus his skin breaking out a little on his cheek.",Omany,No,Yes,not very certain,"I think I remember the sadness this guy seemed to be expressing, plus his skin breaking out a little on his cheek.",FALSE,FALSE,2.3693087250369538,0.6265053375700854,"not very certain I think I remember the sadness this guy seemed to be expressing, plus his skin breaking out a little on his cheek."
558,5Minute,57,Female,36,White,WC3.P.LINE,White,TP,Yes,0,Foil,40,15.14,No,FAIRLY CERTAIN,i THINK I remember the guy's eye brows curving like that guys in the picture,O1,No,Yes,FAIRLY CERTAIN,I THINK I remember the guy's eye brows curving like that guys in the picture,FALSE,FALSE,2.717340248009303,1.1504731891554167,FAIRLY CERTAIN I THINK I remember the guy's eye brows curving like that guys in the picture
558,5Minute,57,Female,36,White,WD2.NP.LINE,White,TA,Yes,0,Foil,20,7.201,No,maybe certain,I think I remember this guys pouty lips and the gap in his eyebrow.  But I am not sure at all.,Omany,No,Yes,maybe certain,I think I remember this guys pouty lips and the gap in his eyebrow.  But I am not sure at all.,FALSE,FALSE,1.9742199052667297,0.031691861,maybe certain I think I remember this guys pouty lips and the gap in his eyebrow.  But I am not sure at all.
559,Day,67,Female,41,White,WC3.P.LINE,White,TP,Yes,1,Target,80,3.848,No,Fairly certain.,I feel like I've seen him before.,R,No,Yes,Fairly certain.,I feel like I've seen him before.,FALSE,FALSE,1.347553533,-0.911765875,Fairly certain. I feel like I've seen him before.
560,5Minute,70,Female,27,White,WC2.P.LINE,White,TP,Yes,1,Target,80,8.367,No,pretty sure,i think i remember him,R,No,Yes,pretty sure,I think I remember him,FALSE,FALSE,2.1242953973134617,0.25763327149792536,pretty sure I think I remember him
560,5Minute,70,Female,27,White,WC3.P.LINE,White,TP,Yes,1,Target,80,3.058,No,i think i've seen him,i think he had a different facial expression,U1,No,Yes,I think I've seen him,I think he had a different facial expression,FALSE,FALSE,1.1177611075068705,-1.257722593,I think I've seen him I think he had a different facial expression
560,5Minute,70,Female,27,White,WD1.NP.LINE,White,TA,Yes,0,Foil,20,12.13,No,unsure,someone had similar eyes but i dont know if its the same person,O1,No,Yes,unsure,someone had similar eyes but I don't know if its the same person,FALSE,FALSE,2.495681722955959,0.8167622075584957,unsure someone had similar eyes but I don't know if its the same person
561,Day,40,Male,22,White,WC1.P.LINE,White,TP,Yes,0,Foil,80,6.4,No,"Very certain, but not completely certain.",He just looks extremely familiar. No specific features stand out.,F,No,Yes,"Very certain, but not completely certain.",He just looks extremely familiar. No specific features stand out.,FALSE,FALSE,1.8562979903656263,-0.145841748,"Very certain, but not completely certain. He just looks extremely familiar. No specific features stand out."
561,Day,40,Male,22,White,WC2.P.LINE,White,TP,Yes,1,Target,60,6.593,No,Fairly certain,I think I remember his hair being kind of frizzy.,O1,No,Yes,Fairly certain,I think I remember his hair being kind of frizzy.,FALSE,FALSE,1.8860084801311625,-0.10111206,Fairly certain I think I remember his hair being kind of frizzy.
561,Day,40,Male,22,White,WC3.P.LINE,White,TP,Yes,1,Target,60,2.026,No,Pretty certain,I remember how small his face and head was.,Omany,No,Yes,Pretty certain,I remember how small his face and head was.,FALSE,FALSE,0.7060634058264915,-1.877541046,Pretty certain I remember how small his face and head was.
561,Day,40,Male,22,White,WD1.NP.LINE,White,TA,Yes,0,Foil,0,4.051,No,Not certain at all.,I remember seeing somebody that looked kind of similar during the study.,R,No,Yes,Not certain at all.,I remember seeing somebody that looked kind of similar during the study.,FALSE,FALSE,1.3989637642205535,-0.834366827,Not certain at all. I remember seeing somebody that looked kind of similar during the study.
561,Day,40,Male,22,White,WD2.NP.LINE,White,TA,Yes,0,Foil,0,9.843,No,Not certain at all.,I just have a guy feeling that I have seen this person before.,R,No,Yes,Not certain at all.,I just have a guy feeling that I have seen this person before.,FALSE,FALSE,2.286760542647074,0.5022275324744367,Not certain at all. I just have a guy feeling that I have seen this person before.
562,Day,62,Female,31,White,WC1.P.LINE,White,TP,Yes,1,Target,100,6.376,No,Very confident,I recognize this face from yesterday,R,No,Yes,Very confident,I recognize this face from yesterday,FALSE,FALSE,1.852540941487914,-0.151498054,Very confident I recognize this face from yesterday
562,Day,62,Female,31,White,WC2.P.LINE,White,TP,Yes,1,Target,20,8.922,No,Not very certain,"The person I selected looks a bit familiar, but I'm not sure he was in the lineup yesterday.",F,No,Yes,Not very certain,"The person I selected looks a bit familiar, but I'm not sure he was in the lineup yesterday.",FALSE,FALSE,2.188520136706073,0.3543247965378799,"Not very certain The person I selected looks a bit familiar, but I'm not sure he was in the lineup yesterday."
563,Day,41,Male,24,White,WC1.P.LINE,White,TP,Yes,0,Foil,40,6.454,No,a little,i recall his dark cheeks,O1,No,Yes,a little,I recall his dark cheeks,FALSE,FALSE,1.864700094,-0.133192227,a little I recall his dark cheeks
563,Day,41,Male,24,White,WC2.P.LINE,White,TP,Yes,0,Foil,40,3.415,No,not very certain,I remember his head tilt,O1,No,Yes,not very certain,I remember his head tilt,FALSE,FALSE,1.2281774930227534,-1.091488696,not very certain I remember his head tilt
563,Day,41,Male,24,White,WD1.NP.LINE,White,TA,Yes,0,Foil,40,3.115,No,fairly certain,his fair looks familiar,?,No,Yes,fairly certain,his fair looks familiar,FALSE,FALSE,1.1362291522394166,-1.229918612,fairly certain his fair looks familiar
563,Day,41,Male,24,White,WD2.NP.LINE,White,TA,Yes,0,Foil,20,4.507,No,a little,none of the other faces are familiar at all,F,No,Yes,a little,none of the other faces are familiar at all,FALSE,FALSE,1.5056317437085112,-0.673776225,a little none of the other faces are familiar at all
563,Day,41,Male,24,White,WD3.NP.LINE,White,TA,Yes,0,Foil,60,2.52,No,fairly certain,he looks like my friend,U1,No,Yes,fairly certain,he looks like my friend,FALSE,FALSE,0.9242589015233319,-1.549043719,fairly certain he looks like my friend
564,5Minute,59,Female,34,White,WC2.P.LINE,White,TP,Yes,1,Target,20,6.727,No,Not at all,Hairline and face shape looks familiar,FO,No,Yes,Not at all,Hairline and face shape looks familiar,FALSE,FALSE,1.9061292790434687,-0.070819828,Not at all Hairline and face shape looks familiar
564,5Minute,59,Female,34,White,WC3.P.LINE,White,TP,Yes,0,Foil,0,1.233,No,Very uncertain,More difficult each page,?,No,Yes,Very uncertain,More difficult each page,FALSE,FALSE,0.20945022418220732,-2.625201315,Very uncertain More difficult each page
564,5Minute,59,Female,34,White,WD1.NP.LINE,White,TA,Yes,0,Foil,20,1.112,No,Uncertain,Seems familiar,F,No,Yes,Uncertain,Seems familiar,FALSE,FALSE,0.10616019582839072,-2.78070635,Uncertain Seems familiar
565,5Minute,56,Female,30,White,WC1.P.LINE,White,TP,Yes,1,Target,0,7.106,No,prettyyyyy unsure,now i think the guy i selected was actually the person i selected in a previous round. or i'm getting them mixed up?,?,No,Yes,pretty unsure,now I think the guy I selected was actually the person I selected in a previous round. or I'm getting them mixed up?,FALSE,FALSE,1.9609394975988352,0.011697963436586259,pretty unsure now I think the guy I selected was actually the person I selected in a previous round. or I'm getting them mixed up?
565,5Minute,56,Female,30,White,WD2.NP.LINE,White,TA,Yes,0,Foil,60,4.279,No,half sure?,his eyes seem familiar,O1,No,Yes,half sure?,his eyes seem familiar,TRUE,FALSE,1.4537193374346797,-0.751931306,half sure? his eyes seem familiar
565,5Minute,56,Female,30,White,WD3.NP.LINE,White,TA,Yes,0,Foil,40,3.597,No,"not super certain, but i feel like he may have been there",i think i recognize that face but i'm bad at faces,R,No,Yes,"not super certain, but I feel like he may have been there",I think I recognize that face but I'm bad at faces,FALSE,FALSE,1.2801001647134869,-1.01331816,"not super certain, but I feel like he may have been there I think I recognize that face but I'm bad at faces"
566,5Minute,69,Female,22,White,WC2.P.LINE,White,TP,Yes,0,Foil,60,6.808,No,Probably,Looks familiar,F,No,Yes,Probably,Looks familiar,FALSE,FALSE,1.918098391271073,-0.052800109,Probably Looks familiar
567,Day,57,Male,27,White,WC1.P.LINE,White,TP,Yes,1,Target,100,3.347,No,Absolutely certain,"His eye color, hair color/style, facial structure, and ear shape clearly remind me of an individual I have seen before.",Omany,No,Yes,Absolutely certain,"His eye color, hair color/style, facial structure, and ear shape clearly remind me of an individual I have seen before.",FALSE,FALSE,1.2080644222291896,-1.121769294,"Absolutely certain His eye color, hair color/style, facial structure, and ear shape clearly remind me of an individual I have seen before."
567,Day,57,Male,27,White,WC2.P.LINE,White,TP,Yes,1,Target,60,14.072,No,Fairly certain,"I remember an individual with his light complexion, blue eyes, and short light hair.",Omany,No,Yes,Fairly certain,"I remember an individual with his light complexion, blue eyes, and short light hair.",FALSE,FALSE,2.644187007435257,1.0403396415596922,"Fairly certain I remember an individual with his light complexion, blue eyes, and short light hair."
567,Day,57,Male,27,White,WC3.P.LINE,White,TP,Yes,0,Foil,0,11.802,No,Not certain at all,"I seem to remember someone with this same exact haircut, but nothing else in the photo rings a bell.",O1,No,Yes,Not certain at all,"I seem to remember someone with this same exact haircut, but nothing else in the photo rings a bell.",FALSE,FALSE,2.468269008634977,0.7754918625442928,"Not certain at all I seem to remember someone with this same exact haircut, but nothing else in the photo rings a bell."
567,Day,57,Male,27,White,WD3.NP.LINE,White,TA,Yes,0,Foil,0,7.441,No,Not certain at all,His eyes and face shape stand out but his clothing and hair style do not match my memory,OU,No,Yes,Not certain at all,His eyes and face shape stand out but his clothing and hair style do not match my memory,FALSE,FALSE,2.007005248415124,0.081050798,Not certain at all His eyes and face shape stand out but his clothing and hair style do not match my memory
568,5Minute,46,Female,28,White,WC1.NP.LINE,White,TA,Yes,0,Foil,60,1.856,No,fairly certain,his hair and ears look familiar,FO,No,Yes,fairly certain,his hair and ears look familiar,FALSE,FALSE,0.6184236343640089,-2.009484332,fairly certain his hair and ears look familiar
568,5Minute,46,Female,28,White,WC3.NP.LINE,White,TA,Yes,0,Foil,20,4.294,No,not at all certain,i do not remember any of these faces with certainty,R,No,Yes,not at all certain,I do not remember any of these faces with certainty,FALSE,FALSE,1.4572186994565892,-0.746662952,not at all certain I do not remember any of these faces with certainty
568,5Minute,46,Female,28,White,WD1.P.LINE,White,TP,Yes,1,Target,40,6.866,No,not very certain,i think his hair looks familiar but i'm not totally sure,FO,No,Yes,not very certain,I think his hair looks familiar but I'm not totally sure,FALSE,FALSE,1.9265816950355004,-0.04002834,not very certain I think his hair looks familiar but I'm not totally sure
568,5Minute,46,Female,28,White,WD2.P.LINE,White,TP,Yes,0,Foil,40,4.128,No,kind of certain,several of these pictures look very similar but not all of them,?,No,Yes,kind of certain,several of these pictures look very similar but not all of them,FALSE,FALSE,1.4177930281792617,-0.806019025,kind of certain several of these pictures look very similar but not all of them
568,5Minute,46,Female,28,White,WD3.P.LINE,White,TP,Yes,0,Foil,60,4.467,No,about halfway certain,i can narrow down a few of the faces but not all of them,?,No,Yes,about halfway certain,I can narrow down a few of the faces but not all of them,TRUE,FALSE,1.4967170423699816,-0.687197471,about halfway certain I can narrow down a few of the faces but not all of them
569,Day,67,Female,35,White,WD1.P.LINE,White,TP,Yes,1,Target,20,13.835,No,A little certain,Something about this face is familiar to me,F,No,Yes,A little certain,Something about this face is familiar to me,FALSE,FALSE,2.6272016132388893,1.0147678185552922,A little certain Something about this face is familiar to me
569,Day,67,Female,35,White,WD2.P.LINE,White,TP,Yes,0,Foil,20,9.336,No,A little certain,There is something familiar about this face.,F,No,Yes,A little certain,There is something familiar about this face.,FALSE,FALSE,2.233877894984255,0.4226117349013161,A little certain There is something familiar about this face.
569,Day,67,Female,35,White,WD3.P.LINE,White,TP,Yes,1,Target,40,10.203,No,Slightly certain,I feel like I've seen this face before,R,No,Yes,Slightly certain,I feel like I've seen this face before,FALSE,FALSE,2.322681794693168,0.5563076373456911,Slightly certain I feel like I've seen this face before
571,Day,59,Male,23,White,WD1.NP.LINE,White,TA,Yes,0,Foil,80,11.581,No,I feel pretty confident in my answer.,I feel confident because I feel like I seen this individual previously.,R,No,Yes,I feel pretty confident in my answer.,I feel confident because I feel like I seen this individual previously.,FALSE,FALSE,2.4493658242022405,0.7470327711069659,I feel pretty confident in my answer. I feel confident because I feel like I seen this individual previously.
571,Day,59,Male,23,White,WD2.NP.LINE,White,TA,Yes,0,Foil,60,22.468,No,I am not too sure about this response.,"I feel like the face looks familiar, but at the same time I'm unsure about it. The face sorta looks like someone I knew from school and I know I made a couple of mental notes on the previous task pertaining to it.",U1,No,Yes,I am not too sure about this response.,"I feel like the face looks familiar, but at the same time I'm unsure about it. The face sorta looks like someone I knew from school and I know I made a couple of mental notes on the previous task pertaining to it.",FALSE,FALSE,3.112092074670186,1.7447793162510397,"I am not too sure about this response. I feel like the face looks familiar, but at the same time I'm unsure about it. The face sorta looks like someone I knew from school and I know I made a couple of mental notes on the previous task pertaining to it."
571,Day,59,Male,23,White,WD3.NP.LINE,White,TA,Yes,0,Foil,40,37.182,No,I'm fairly unsure about my response.,"I am unsure because although I feel like the person I chose could be accurate due to making mental notes on who looked like a douche bag with a douche haircut, but at the same time, I just don't know entirely if this was who I saw.",OU,No,Yes,I'm fairly unsure about my response.,"I am unsure because although I feel like the person I chose could be accurate due to making mental notes on who looked like a douche bag with a douche haircut, but at the same time, I just don't know entirely if this was who I saw.",FALSE,FALSE,3.6158247732080255,2.503158148064855,"I'm fairly unsure about my response. I am unsure because although I feel like the person I chose could be accurate due to making mental notes on who looked like a douche bag with a douche haircut, but at the same time, I just don't know entirely if this was who I saw."
572,5Minute,58,Female,42,White,WC1.P.LINE,White,TP,Yes,1,Target,40,6.823,No,not very certain,this face looks at little bit familiar as a whole,F,No,Yes,not very certain,this face looks at little bit familiar as a whole,FALSE,FALSE,1.9202992578332867,-0.049486664,not very certain this face looks at little bit familiar as a whole
572,5Minute,58,Female,42,White,WC3.P.LINE,White,TP,Yes,1,Target,40,21.512,No,not very certain,the double chin looks familiar,FO,No,Yes,not very certain,the double chin looks familiar,FALSE,FALSE,3.0686109189665634,1.6793176375390093,not very certain the double chin looks familiar
573,Day,41,Female,40,White,WC1.P.LINE,White,TP,Yes,0,Foil,40,8.145,No,not at all,he looks like one of 2 dude bros I saw before,?,No,Yes,not at all,he looks like one of two dude bros I saw before,FALSE,FALSE,2.0974042420540084,0.21714814323251022,not at all he looks like one of two dude bros I saw before
574,Day,71,Female,36,White,WC1.P.LINE,White,TP,Yes,0,Foil,80,7.317,No,I'm fairly certain that the gentleman I chose above is one that I saw in yesterday's lineup.,"I remembered thinking yesterday that he was a really good looking guy, so I just remembered his face pretty well.",?,No,Yes,I'm fairly certain that the gentleman I chose above is one that I saw in yesterday's lineup.,"I remembered thinking yesterday that he was a really good looking guy, so I just remembered his face pretty well.",FALSE,FALSE,1.990200407901893,0.055750801,"I'm fairly certain that the gentleman I chose above is one that I saw in yesterday's lineup. I remembered thinking yesterday that he was a really good looking guy, so I just remembered his face pretty well."
574,Day,71,Female,36,White,WD2.NP.LINE,White,TA,Yes,0,Foil,80,6.53,No,I'm certain in my response that the man I chose above was in yesterday's lineup.,His face shape and bone structure are something that stood out to me I think.,Omany,No,Yes,I'm certain in my response that the man I chose above was in yesterday's lineup.,His face shape and bone structure are something that stood out to me I think.,FALSE,FALSE,1.8764069432883397,-0.11556735,I'm certain in my response that the man I chose above was in yesterday's lineup. His face shape and bone structure are something that stood out to me I think.
574,Day,71,Female,36,White,WD3.NP.LINE,White,TA,Yes,0,Foil,60,19.09,No,"I'm pretty certain I've seen the man I chose, before.",I vaguely remember his nose shape and his high forehead.,Omany,No,Yes,"I'm pretty certain I've seen the man I chose, before.",I vaguely remember his nose shape and his high forehead.,FALSE,FALSE,2.949164637737656,1.4994890667795147,"I'm pretty certain I've seen the man I chose, before. I vaguely remember his nose shape and his high forehead."
575,Day,65,Female,25,White,WC1.P.LINE,White,TP,Yes,0,Foil,20,9.445,No,Not sure,Just a guess,?,No,Yes,Not sure,Just a guess,FALSE,FALSE,2.245485500953473,0.440087199,Not sure Just a guess
575,Day,65,Female,25,White,WC2.P.LINE,White,TP,Yes,1,Target,80,7.625,No,Pretty certain.,His face looks very familiar,F,No,Yes,Pretty certain.,His face looks very familiar,FALSE,FALSE,2.031432322493475,0.11782620635198443,Pretty certain. His face looks very familiar
575,Day,65,Female,25,White,WD2.NP.LINE,White,TA,Yes,0,Foil,60,4.779,No,semi certain,he looks familiar,F,No,Yes,semi certain,he looks familiar,FALSE,FALSE,1.5642313195960211,-0.585553487,semi certain he looks familiar
575,Day,65,Female,25,White,WD3.NP.LINE,White,TA,Yes,0,Foil,60,9.37,No,Semi certain.,Once again looks familiar,F,No,Yes,Semi certain.,Once again looks familiar,FALSE,FALSE,2.2375130962503307,0.4280845971903374,Semi certain. Once again looks familiar
576,Day,68,Female,41,White,WC2.P.LINE,White,TP,Yes,1,Target,40,9.599,No,Somewhat certain,"None of the other faces look familiar, but the one I chose does look familiar. But I really can't be sure I've seen it before.",F,No,Yes,Somewhat certain,"None of the other faces look familiar, but the one I chose does look familiar. But I really can't be sure I've seen it before.",FALSE,FALSE,2.2616589263813998,0.46443658804010246,"Somewhat certain None of the other faces look familiar, but the one I chose does look familiar. But I really can't be sure I've seen it before."
576,Day,68,Female,41,White,WD3.NP.LINE,White,TA,Yes,0,Foil,20,21.179,No,Not that certain,"This face is pretty familiar to me, but I'm not sure if it's because i know someone who looks like him or if I saw this face before.",F,No,Yes,Not that certain,"This face is pretty familiar to me, but I'm not sure if it's because I know someone who looks like him or if I saw this face before.",FALSE,FALSE,3.053010124705464,1.6558303551738935,"Not that certain This face is pretty familiar to me, but I'm not sure if it's because I know someone who looks like him or if I saw this face before."
577,5Minute,50,Female,35,White,WC3.NP.LINE,White,TA,Yes,0,Foil,100,12.333,No,FAIRLY CERTAIN,THE EYES AND MOUTH,Omany,No,Yes,FAIRLY CERTAIN,THE EYES AND MOUTH,FALSE,FALSE,2.512278596583851,0.8417491057094737,FAIRLY CERTAIN THE EYES AND MOUTH
577,5Minute,50,Female,35,White,WD1.P.LINE,White,TP,Yes,1,Target,100,11.244,No,VERY CERTAIN,EYES AND MOUTH,Omany,No,Yes,VERY CERTAIN,EYES AND MOUTH,FALSE,FALSE,2.4198346530442856,0.7025730504061439,VERY CERTAIN EYES AND MOUTH
577,5Minute,50,Female,35,White,WD2.P.LINE,White,TP,Yes,1,Target,100,4.917,No,VERY CERTAIN,HAIR,O1,No,Yes,VERY CERTAIN,HAIR,FALSE,FALSE,1.5926985884298024,-0.54269549,VERY CERTAIN HAIR
577,5Minute,50,Female,35,White,WD3.P.LINE,White,TP,Yes,1,Target,100,7.537,No,VERY CERTAIN,HAIR,O1,No,Yes,VERY CERTAIN,HAIR,FALSE,FALSE,2.019824224861333,0.10035000211231974,VERY CERTAIN HAIR
578,Day,57,Female,33,White,WC1.NP.LINE,White,TA,Yes,0,Foil,80,5.335,No,I would say fairly certain.,I remember thinking this guy was pretty good looking and was thinking he looks like the American Boy.,OU,No,Yes,I would say fairly certain.,I remember thinking this guy was pretty good looking and was thinking he looks like the American Boy.,FALSE,FALSE,1.6742888847537167,-0.4198598,I would say fairly certain. I remember thinking this guy was pretty good looking and was thinking he looks like the American Boy.
578,Day,57,Female,33,White,WD1.P.LINE,White,TP,Yes,1,Target,100,5.599,No,100% certain that. No doubt in my mind.,"Honestly, I thought this guy was really attractive. And looking today I think the same thing. And I never think many men are attractive.",?,No,Yes,100% certain that. No doubt in my mind.,"Honestly, I thought this guy was really attractive. And looking today I think the same thing. And I never think many men are attractive.",TRUE,FALSE,1.7225880103667564,-0.347144579,"100% certain that. No doubt in my mind. Honestly, I thought this guy was really attractive. And looking today I think the same thing. And I never think many men are attractive."
578,Day,57,Female,33,White,WD2.P.LINE,White,TP,Yes,1,Target,80,6.124,No,I'm slighty certain this is the same man.,Very distintive nose and mouth and dumb dull look.,Omany,No,Yes,I'm slightly certain this is the same man.,Very distinctive nose and mouth and dumb dull look.,FALSE,FALSE,1.8122154777954373,-0.212208781,I'm slightly certain this is the same man. Very distinctive nose and mouth and dumb dull look.
578,Day,57,Female,33,White,WD3.P.LINE,White,TP,Yes,1,Target,80,25.995,No,I am very certain this is the same man as yesterday.,"This man has the same dull, dumb look as the one yesterday.",O1,No,Yes,I am very certain this is the same man as yesterday.,"This man has the same dull, dumb look as the one yesterday.",FALSE,FALSE,3.257904211835679,1.964302167495003,"I am very certain this is the same man as yesterday. This man has the same dull, dumb look as the one yesterday."
579,Day,61,Female,28,White,WC1.P.LINE,White,TP,Yes,0,Foil,100,3.953,No,certain,seen him before,R,No,Yes,certain,seen him before,FALSE,FALSE,1.3744747843145484,-0.871235436,certain seen him before
579,Day,61,Female,28,White,WC2.P.LINE,White,TP,Yes,1,Target,20,3.924,No,i am not too sure,the page went sort of fast but i think he may match,?,No,Yes,I am not too sure,the page went sort of fast but I think he may match,FALSE,FALSE,1.3671115417031166,-0.882320933,I am not too sure the page went sort of fast but I think he may match
579,Day,61,Female,28,White,WC3.P.LINE,White,TP,Yes,0,Foil,20,50.811,No,not too sure,i think ive seen him before,R,No,Yes,not too sure,I think I've seen him before,FALSE,FALSE,3.928112866577094,2.973313609733396,not too sure I think I've seen him before
579,Day,61,Female,28,White,WD2.NP.LINE,White,TA,Yes,0,Foil,80,2.059,No,almost certain,i saw him before,R,No,Yes,almost certain,I saw him before,FALSE,FALSE,0.7222204280456525,-1.853216353,almost certain I saw him before
579,Day,61,Female,28,White,WD3.NP.LINE,White,TA,Yes,0,Foil,100,16.752,No,i am certain,i rememeber his face,R,No,Yes,I am certain,I remember his face,FALSE,FALSE,2.818517654128181,1.3027976328159325,I am certain I remember his face
580,5Minute,51,Female,25,White,WD3.NP.LINE,White,TA,Yes,0,Foil,80,1.565,No,pretty sure,i remember his big eyes,O1,No,Yes,pretty sure,I remember his big eyes,FALSE,FALSE,0.4478858239921165,-2.266232139,pretty sure I remember his big eyes
581,Day,66,Female,24,White,WD1.NP.LINE,White,TA,Yes,0,Foil,20,16.619,No,I think I remember seeing this man yesterday,I just feel like I have seen this man before,R,No,Yes,I think I remember seeing this man yesterday,I just feel like I have seen this man before,FALSE,FALSE,2.810546619145386,1.2907970932120003,I think I remember seeing this man yesterday I just feel like I have seen this man before
581,Day,66,Female,24,White,WD2.NP.LINE,White,TA,Yes,0,Foil,20,43.83,No,It may be him from yesterday but I'm not completely sure,He looks very familiar from yesterday,F,No,Yes,It may be him from yesterday but I'm not completely sure,He looks very familiar from yesterday,FALSE,FALSE,3.780318514430718,2.7508064974200805,It may be him from yesterday but I'm not completely sure He looks very familiar from yesterday
582,5Minute,53,Female,27,White,WD2.P.LINE,White,TP,Yes,1,Target,80,4.55,No,pretty sure,he stands out to me,R,No,Yes,pretty sure,he stands out to me,FALSE,FALSE,1.5151272329628591,-0.659480591,pretty sure he stands out to me
582,5Minute,53,Female,27,White,WD3.P.LINE,White,TP,Yes,1,Target,80,6.768,No,i think,i think i recognize this guy,?,No,Yes,I think,I think I recognize this guy,FALSE,FALSE,1.912205622303922,-0.061671781,I think I think I recognize this guy
583,5Minute,51,Female,44,White,WC2.P.LINE,White,TP,Yes,1,Target,100,8.929,No,certain,I remember it,R,No,Yes,certain,I remember it,FALSE,FALSE,2.1893044065350793,0.35550552917341244,certain I remember it
584,5Minute,71,Female,38,White,WC3.NP.LINE,White,TA,Yes,0,Foil,60,5.324,No,50 percent certain,I remember the ears on this guy.  The bottom part was very thick and big,O1,No,Yes,50 percent certain,I remember the ears on this guy.  The bottom part was very thick and big,TRUE,FALSE,1.672224900532865,-0.422967166,50 percent certain I remember the ears on this guy.  The bottom part was very thick and big
584,5Minute,71,Female,38,White,WD1.P.LINE,White,TP,Yes,1,Target,60,6.068,No,50 percent certain,i remember a guy with very pretty eyes and short spiky hair like that,Omany,No,Yes,50 percent certain,I remember a guy with very pretty eyes and short spiky hair like that,TRUE,FALSE,1.8030290614862858,-0.226039099,50 percent certain I remember a guy with very pretty eyes and short spiky hair like that
584,5Minute,71,Female,38,White,WD2.P.LINE,White,TP,Yes,1,Target,100,3.546,No,very certain,i remember this guy had his head back in the same way and the features are the same,?,No,Yes,very certain,I remember this guy had his head back in the same way and the features are the same,FALSE,FALSE,1.2658202076520162,-1.034816898,very certain I remember this guy had his head back in the same way and the features are the same
585,5Minute,71,Female,36,White,WC1.P.LINE,White,TP,Yes,1,Target,80,8,No,i'm almost certain this guy was in the previous lineup,"Even though he's not smiling, i do remember his haircut and facial hair.",Omany,No,Yes,I'm almost certain this guy was in the previous lineup,"Even though he's not smiling, I do remember his haircut and facial hair.",FALSE,FALSE,2.0794415416798357,0.19010496782315495,"I'm almost certain this guy was in the previous lineup Even though he's not smiling, I do remember his haircut and facial hair."
585,5Minute,71,Female,36,White,WC2.P.LINE,White,TP,Yes,0,Foil,80,2.445,No,i'm almost certain this guy was in the previous lineup,I remember this guy kind of looks like a stoner,U1,No,Yes,I'm almost certain this guy was in the previous lineup,I remember this guy kind of looks like a stoner,FALSE,FALSE,0.8940451229268352,-1.594531118,I'm almost certain this guy was in the previous lineup I remember this guy kind of looks like a stoner
585,5Minute,71,Female,36,White,WC3.P.LINE,White,TP,Yes,1,Target,60,31.791,No,looks similar to a face I saw previously,the red shirt,?,No,Yes,looks similar to a face I saw previously,the red shirt,FALSE,FALSE,3.4591832308608086,2.267331428370832,looks similar to a face I saw previously the red shirt
585,5Minute,71,Female,36,White,WD1.NP.LINE,White,TA,Yes,0,Foil,80,14.297,No,i'm almost certain he was in the previous lineup,i just remember seeing his face,R,No,Yes,I'm almost certain he was in the previous lineup,I just remember seeing his face,FALSE,FALSE,2.660049725047027,1.064221254341085,I'm almost certain he was in the previous lineup I just remember seeing his face
586,5Minute,54,Female,32,White,WC1.P.LINE,White,TP,Yes,1,Target,80,4.678,No,positive,i remember him,R,No,Yes,positive,I remember him,FALSE,FALSE,1.5428706681619873,-0.61771234,positive I remember him
586,5Minute,54,Female,32,White,WC2.P.LINE,White,TP,Yes,1,Target,100,6.959,No,i am positive,i recall this face,R,No,Yes,I am positive,I recall this face,FALSE,FALSE,1.9400357858627129,-0.019772959,I am positive I recall this face
586,5Minute,54,Female,32,White,WC3.P.LINE,White,TP,Yes,1,Target,100,4.314,No,very certain,i recall his face,R,No,Yes,very certain,I recall his face,FALSE,FALSE,1.4618655479669647,-0.739667036,very certain I recall his face
586,5Minute,54,Female,32,White,WD3.NP.LINE,White,TA,Yes,0,Foil,80,7.062,No,he looks familiar,i recognize the face,F,No,Yes,he looks familiar,I recognize the face,FALSE,FALSE,1.9547282975061948,0.002346888,he looks familiar I recognize the face
587,5Minute,50,Male,43,White,WC1.P.LINE,White,TP,Yes,1,Target,100,2.262,No,very,i remember those eyes,O1,No,Yes,very,I remember those eyes,FALSE,FALSE,0.8162493776939287,-1.711654041,very I remember those eyes
587,5Minute,50,Male,43,White,WD2.NP.LINE,White,TA,Yes,0,Foil,60,4.804,No,somewhat,I think I seen that dude,R,No,Yes,somewhat,I think I seen that dude,FALSE,FALSE,1.569448904217737,-0.577698317,somewhat I think I seen that dude
588,Day,44,Male,44,White,WC2.NP.LINE,White,TA,Yes,0,Foil,40,15.357,No,somewhat,just seems familiar,F,No,Yes,somewhat,just seems familiar,FALSE,FALSE,2.731571396143556,1.1718984441145475,somewhat just seems familiar
588,Day,44,Male,44,White,WC3.NP.LINE,White,TA,Yes,0,Foil,20,12.422,No,Maybe 50-50,The eyebrows and ears seem familiar,FO,No,Yes,Maybe 50-50,The eyebrows and ears seem familiar,TRUE,FALSE,2.5194690941371114,0.8525745318738467,Maybe 50-50 The eyebrows and ears seem familiar
588,Day,44,Male,44,White,WD1.P.LINE,White,TP,Yes,1,Target,60,5.021,No,somewhat,"He reminds me of Captain America, and I saw someone in the prior lineup that struck that chord",U1,No,Yes,somewhat,"He reminds me of Captain America, and I saw someone in the prior lineup that struck that chord",FALSE,FALSE,1.6136291170525685,-0.511184195,"somewhat He reminds me of Captain America, and I saw someone in the prior lineup that struck that chord"
589,5Minute,70,Female,35,White,WC2.P.LINE,White,TP,Yes,1,Target,100,11.9,No,I'm super sure,he looks like channing tatum with a weird nose,U1,No,Yes,I'm super sure,he looks like channing tatum with a weird nose,FALSE,FALSE,2.4765384001174837,0.7879415833397029,I'm super sure he looks like channing tatum with a weird nose
590,Day,49,Female,34,White,WC2.NP.LINE,White,TA,Yes,0,Foil,80,7.204,No,Pretty certain.,I think I remember seeing him.,R,No,Yes,Pretty certain.,I think I remember seeing him.,FALSE,FALSE,1.9746364273137096,0.032318943,Pretty certain. I think I remember seeing him.
590,Day,49,Female,34,White,WD1.P.LINE,White,TP,Yes,1,Target,100,2.334,No,Certain,I remember seeing his face because I thought he was cute when I saw him the first time.,?,No,Yes,Certain,I remember seeing his face because I thought he was cute when I saw him the first time.,FALSE,FALSE,0.8475835338643642,-1.664479894,Certain I remember seeing his face because I thought he was cute when I saw him the first time.
590,Day,49,Female,34,White,WD2.P.LINE,White,TP,Yes,1,Target,80,4.903,No,Pretty certain,He looks familiar to me.,F,No,Yes,Pretty certain,He looks familiar to me.,FALSE,FALSE,1.589847262669096,-0.546988214,Pretty certain He looks familiar to me.
591,5Minute,55,Female,26,White,WD1.P.LINE,White,TP,Yes,1,Target,20,8.392,No,Fairly,His face sort of looks familiar,FO,No,Yes,Fairly,His face sort of looks familiar,FALSE,FALSE,2.127278871093996,0.2621249460844597,Fairly His face sort of looks familiar
591,5Minute,55,Female,26,White,WD3.P.LINE,White,TP,Yes,1,Target,80,5.204,No,Pretty certain,I recognize his face,?,No,Yes,Pretty certain,I recognize his face,FALSE,FALSE,1.6494275606502589,-0.45728898,Pretty certain I recognize his face
592,5Minute,61,Female,42,White,WC1.P.LINE,White,TP,Yes,1,Target,60,2.713,No,Fairly certain,Smile is different but looks familiar,FO,No,Yes,Fairly certain,Smile is different but looks familiar,FALSE,FALSE,0.9980550336767947,-1.437942286,Fairly certain Smile is different but looks familiar
592,5Minute,61,Female,42,White,WC3.P.LINE,White,TP,Yes,1,Target,100,2.141,No,Very certain,I remember his face,R,No,Yes,Very certain,I remember his face,FALSE,FALSE,0.7612730096075457,-1.794421974,Very certain I remember his face
592,5Minute,61,Female,42,White,WD1.NP.LINE,White,TA,Yes,0,Foil,60,5.609,No,half way certain,his face looks like one of the ones I saw previously,R,No,Yes,half way certain,his face looks like one of the ones I saw previously,TRUE,FALSE,1.724372451,-0.344458072,half way certain his face looks like one of the ones I saw previously
593,5Minute,63,Female,27,White,WC1.P.LINE,White,TP,Yes,1,Target,80,15.644,No,Somewhat,I think I remember his smile but it was with teeth,O1,No,Yes,Somewhat,I think I remember his smile but it was with teeth,FALSE,FALSE,2.750087456893268,1.1997747137351613,Somewhat I think I remember his smile but it was with teeth
593,5Minute,63,Female,27,White,WC2.P.LINE,White,TP,Yes,1,Target,100,10.919,No,Very,I recognize him and his hair cut and face.,Omany,No,Yes,Very,I recognize him and his hair cut and face.,FALSE,FALSE,2.390504391031929,0.6584158021149588,Very I recognize him and his hair cut and face.
593,5Minute,63,Female,27,White,WC3.P.LINE,White,TP,Yes,1,Target,100,2.91,No,Very,I remember his nose,O1,No,Yes,Very,I remember his nose,FALSE,FALSE,1.0681530811834012,-1.332408388,Very I remember his nose
594,5Minute,56,Male,33,White,WC1.NP.LINE,White,TA,Yes,0,Foil,60,14.04,No,"I think I recognize him, even though his hair seemed lighter in the other photo","He reminded me of a friend, so that's why I think I remember him.",OU,No,Yes,"I think I recognize him, even though his hair seemed lighter in the other photo","He reminded me of a friend, so that's why I think I remember him.",FALSE,FALSE,2.641910398597665,1.0369121651307018,"I think I recognize him, even though his hair seemed lighter in the other photo He reminded me of a friend, so that's why I think I remember him."
594,5Minute,56,Male,33,White,WC2.NP.LINE,White,TA,Yes,0,Foil,60,11.578,No,I am a little certain I saw him.,He looks very familiar.,F,No,Yes,I am a little certain I saw him.,He looks very familiar.,FALSE,FALSE,2.4491067456568127,0.7466427235972453,I am a little certain I saw him. He looks very familiar.
594,5Minute,56,Male,33,White,WC3.NP.LINE,White,TA,Yes,0,Foil,40,9.868,No,I am a little certain,He looks like someone I can somewhat picture.,U1,No,Yes,I am a little certain,He looks like someone I can somewhat picture.,FALSE,FALSE,2.2892971986671102,0.5060465147139707,I am a little certain He looks like someone I can somewhat picture.
594,5Minute,56,Male,33,White,WD1.P.LINE,White,TP,Yes,1,Target,80,6.626,No,I am pretty sure,He looks like a character from an old sitcom I used to watch.,U1,No,Yes,I am pretty sure,He looks like a character from an old sitcom I used to watch.,FALSE,FALSE,1.8910013038777043,-0.093595272,I am pretty sure He looks like a character from an old sitcom I used to watch.
594,5Minute,56,Male,33,White,WD2.P.LINE,White,TP,Yes,1,Target,60,17.301,No,I think I saw him earlier,He looks like a friend of mine.,U1,No,Yes,I think I saw him earlier,He looks like a friend of mine.,FALSE,FALSE,2.850764303301385,1.3513455555552532,I think I saw him earlier He looks like a friend of mine.
595,5Minute,47,Male,22,White,WD1.P.LINE,White,TP,Yes,1,Target,100,1.516,No,Very Certain,I know this guy was one of them,R,No,Yes,Very Certain,I know this guy was one of them,FALSE,FALSE,0.41607528722017995,-2.314123486,Very Certain I know this guy was one of them
595,5Minute,47,Male,22,White,WD2.P.LINE,White,TP,Yes,1,Target,60,6.168,No,Pretty certain,I recgonzie this guys face,R,No,Yes,Pretty certain,I recognize this guys face,FALSE,FALSE,1.8193746362610284,-0.201430536,Pretty certain I recognize this guys face
595,5Minute,47,Male,22,White,WD3.P.LINE,White,TP,Yes,1,Target,100,3.748,No,Very Certain,I definitely recognize this guy,R,No,Yes,Very Certain,I definitely recognize this guy,FALSE,FALSE,1.3212223643761758,-0.951407933,Very Certain I definitely recognize this guy
596,5Minute,37,Female,23,White,WD3.P.LINE,White,TP,Yes,1,Target,60,2.498,No,somewhat,remember the haircut,O1,No,Yes,somewhat,remember the haircut,FALSE,FALSE,0.9154904117033861,-1.562244842,somewhat remember the haircut
597,5Minute,64,Female,24,White,WC1.NP.LINE,White,TA,Yes,0,Foil,60,4.904,No,"I am almost positive I remember him, but I might be wrong","I remember him and his face in general, I think.",R,No,Yes,"I am almost positive I remember him, but I might be wrong","I remember him and his face in general, I think.",FALSE,FALSE,1.5900511986339103,-0.546681184,"I am almost positive I remember him, but I might be wrong I remember him and his face in general, I think."
597,5Minute,64,Female,24,White,WC3.NP.LINE,White,TA,Yes,0,Foil,20,8.483,No,I think I remember him but I am mostly unsure,His nose looks familar,FO,No,Yes,I think I remember him but I am mostly unsure,His nose looks familiar,FALSE,FALSE,2.1380641608255977,0.2783623979139068,I think I remember him but I am mostly unsure His nose looks familiar
597,5Minute,64,Female,24,White,WD3.P.LINE,White,TP,Yes,1,Target,40,7.75,No,I think I remember seeing him,His mouth looks familiar,FO,No,Yes,I think I remember seeing him,His mouth looks familiar,FALSE,FALSE,2.0476928433652555,0.1423067192494385,I think I remember seeing him His mouth looks familiar
598,Day,69,Female,22,White,WC1.P.LINE,White,TP,Yes,0,Foil,80,3.795,No,Almost certain.,I remember this mans face.,R,No,Yes,Almost certain.,I remember this mans face.,FALSE,FALSE,1.3336844108475931,-0.932646093,Almost certain. I remember this mans face.
598,Day,69,Female,22,White,WC3.P.LINE,White,TP,Yes,0,Foil,20,30.809,No,Fairly certain.,I remember seeing this face or one similar.,R,No,Yes,Fairly certain.,I remember seeing this face or one similar.,FALSE,FALSE,3.4278068550873546,2.2200937182227864,Fairly certain. I remember seeing this face or one similar.
598,Day,69,Female,22,White,WD3.NP.LINE,White,TA,Yes,0,Foil,20,8.909,No,"I'm barely certain, they're all similar.",I remember a white man that looked similar to the photo i chose.,?,No,Yes,"I'm barely certain, they're all similar.",I remember a white man that looked similar to the photo I chose.,FALSE,FALSE,2.1870620017385067,0.35212954755654574,"I'm barely certain, they're all similar. I remember a white man that looked similar to the photo I chose."
599,Day,61,Female,34,White,WC1.NP.LINE,White,TA,Yes,0,Foil,60,6.786,No,Iffy for sure,He looked the most familiar/,F,No,Yes,Iffy for sure,He looked the most familiar/,FALSE,FALSE,1.9148616663620384,-0.057673058,Iffy for sure He looked the most familiar/
599,Day,61,Female,34,White,WC2.NP.LINE,White,TA,Yes,0,Foil,60,5.603,No,Moderately,"He looks familiar, but not totally.",F,No,Yes,Moderately,"He looks familiar, but not totally.",FALSE,FALSE,1.7233021685831473,-0.346069401,"Moderately He looks familiar, but not totally."
599,Day,61,Female,34,White,WC3.NP.LINE,White,TA,Yes,0,Foil,80,10.427,No,"75%, he looks familiar.",The other guys I don't recall at all.,F,No,Yes,"75%, he looks familiar.",The other guys I don't recall at all.,TRUE,FALSE,2.3443985958074562,0.5890026803865585,"75%, he looks familiar. The other guys I don't recall at all."
599,Day,61,Female,34,White,WD1.P.LINE,White,TP,Yes,1,Target,100,5.725,No,Very certain.,"I thought he looked lizard like, He had a different expression before.",OU,No,Yes,Very certain.,"I thought he looked lizard like, He had a different expression before.",FALSE,FALSE,1.7448425494403033,-0.313639962,"Very certain. I thought he looked lizard like, He had a different expression before."
599,Day,61,Female,34,White,WD3.P.LINE,White,TP,Yes,1,Target,100,5.38,No,Pretty sure,I remembered I didn't like his hair.,O1,No,Yes,Pretty sure,I remembered I didn't like his hair.,FALSE,FALSE,1.682688374173693,-0.407214215,Pretty sure I remembered I didn't like his hair.
601,Day,52,Female,30,White,WC1.P.LINE,White,TP,Yes,0,Foil,20,12.002,No,Its like a faint feather of a memory that I recall this guy.,"I think he's slightly memorable because of his facial hair, but I could be mixing that up with the guy below him.",O1,No,Yes,Its like a faint feather of a memory that I recall this guy.,"I think he's slightly memorable because of his facial hair, but I could be mixing that up with the guy below him.",FALSE,FALSE,2.4850733025673213,0.8007910357741798,"Its like a faint feather of a memory that I recall this guy. I think he's slightly memorable because of his facial hair, but I could be mixing that up with the guy below him."
601,Day,52,Female,30,White,WC3.P.LINE,White,TP,Yes,1,Target,20,20.692,No,"I'm utterly uncertain, but there's a nagging familiarity.","One of them does kind of look like a family relation a little bit, so I'm uncertain if that's the reason he jumps out at me or what.",F,No,Yes,"I'm utterly uncertain, but there's a nagging familiarity.","One of them does kind of look like a family relation a little bit, so I'm uncertain if that's the reason he jumps out at me or what.",FALSE,FALSE,3.0297471521412684,1.6208075226101932,"I'm utterly uncertain, but there's a nagging familiarity. One of them does kind of look like a family relation a little bit, so I'm uncertain if that's the reason he jumps out at me or what."
601,Day,52,Female,30,White,WD2.NP.LINE,White,TA,Yes,0,Foil,100,3.624,No,I'm completely sure of seeing this guy prior to today.,He has a facial expression that really made me remember him as well as his head leaning which makes him stand out.,Omany,No,Yes,I'm completely sure of seeing this guy prior to today.,He has a facial expression that really made me remember him as well as his head leaning which makes him stand out.,FALSE,FALSE,1.287578388180733,-1.002059557,I'm completely sure of seeing this guy prior to today. He has a facial expression that really made me remember him as well as his head leaning which makes him stand out.
602,5Minute,65,Female,33,White,WC2.NP.LINE,White,TA,Yes,0,Foil,40,19.283,No,Sort of certain?,He looks vaguely familiar.,F,No,Yes,Sort of certain?,He looks vaguely familiar.,FALSE,FALSE,2.959223878737468,1.5146334389048786,Sort of certain? He looks vaguely familiar.
602,5Minute,65,Female,33,White,WC3.NP.LINE,White,TA,Yes,0,Foil,100,19.838,No,Absolutely certain,I remember his facial features.,R,No,Yes,Absolutely certain,I remember his facial features.,FALSE,FALSE,2.9875992903238022,1.5573531423379563,Absolutely certain I remember his facial features.
602,5Minute,65,Female,33,White,WD1.P.LINE,White,TP,Yes,1,Target,80,2.996,No,Mostly certain,Facial features and hair are  similar to someone I saw earlier.,Omany,No,Yes,Mostly certain,Facial features and hair are  similar to someone I saw earlier.,FALSE,FALSE,1.097278065654973,-1.288560189,Mostly certain Facial features and hair are  similar to someone I saw earlier.
602,5Minute,65,Female,33,White,WD2.P.LINE,White,TP,Yes,1,Target,40,7.04,No,A little certain.,The hair is familiar.,FO,No,Yes,A little certain.,The hair is familiar.,FALSE,FALSE,1.951608170169951,-0.002350521,A little certain. The hair is familiar.
602,5Minute,65,Female,33,White,WD3.P.LINE,White,TP,Yes,1,Target,100,4.613,No,Absolutely certain,Those bangs!,O1,No,Yes,Absolutely certain,Those bangs!,FALSE,FALSE,1.5288784045756836,-0.63877795,Absolutely certain Those bangs!
603,5Minute,61,Male,33,White,WC3.NP.LINE,White,TA,Yes,0,Foil,60,7.722,No,fairly,I recognize his face,R,No,Yes,fairly,I recognize his face,FALSE,FALSE,2.0440733978420447,0.1368575775207521,fairly I recognize his face
603,5Minute,61,Male,33,White,WD1.P.LINE,White,TP,Yes,1,Target,60,9.097,No,fairly,"I think I recall, but It may be because I saw him in previous lineups",R,No,Yes,fairly,"I think I recall, but It may be because I saw him in previous lineups",FALSE,FALSE,2.2079446888399246,0.38356881662737624,"fairly I think I recall, but It may be because I saw him in previous lineups"
603,5Minute,61,Male,33,White,WD3.P.LINE,White,TP,Yes,1,Target,40,19.519,No,not very,he looks familiar,F,No,Yes,not very,he looks familiar,FALSE,FALSE,2.9713883501644736,1.5329472741139545,not very he looks familiar
604,5Minute,71,Female,23,White,WD1.P.LINE,White,TP,Yes,1,Target,100,5.198,No,very,i remember thinking he looked boyish and a bit beachy,U2,No,Yes,very,I remember thinking he looked boyish and a bit beachy,FALSE,FALSE,1.6482739362192986,-0.459025783,very I remember thinking he looked boyish and a bit beachy
604,5Minute,71,Female,23,White,WD2.P.LINE,White,TP,Yes,0,Foil,100,6.675,No,very,he looks like the exact same guy i thought looked mentally challenged before just with a different head position,U2,No,Yes,very,he looks like the exact same guy I thought looked mentally challenged before just with a different head position,FALSE,FALSE,1.8983692042863132,-0.082502763,very he looks like the exact same guy I thought looked mentally challenged before just with a different head position
604,5Minute,71,Female,23,White,WD3.P.LINE,White,TP,Yes,1,Target,100,3.893,No,totally,"the placement of the mouth, the hair and eyes. i remember thinking this one looked a bit mentally handicapped.",Omany,No,Yes,totally,"the placement of the mouth, the hair and eyes. I remember thinking this one looked a bit mentally handicapped.",FALSE,FALSE,1.3591800686283186,-0.894261912,"totally the placement of the mouth, the hair and eyes. I remember thinking this one looked a bit mentally handicapped."